2026-09-03 12:41:18,852  INFO    cacador  === Rodada 'varredura' em 03/09/2026 09:41 ===
2026-09-03 12:41:18,949  INFO    cacador  Varredura BSB-AMS: 0 ofertas na janela.
2026-09-03 12:41:18,976  INFO    cacador  Varredura BSB-CPH: 0 ofertas na janela.
2026-09-03 12:41:19,023  INFO    cacador  Varredura BSB-FRA: 0 ofertas na janela.
2026-09-03 12:41:19,075  INFO    cacador  Varredura BSB-MUC: 0 ofertas na janela.
2026-09-03 12:41:19,143  INFO    cacador  Varredura BSB-BER: 0 ofertas na janela.
2026-09-03 12:41:19,212  INFO    cacador  Varredura BSB-VIE: 0 ofertas na janela.
2026-09-03 12:41:19,260  INFO    cacador  Varredura GRU-AMS: 0 ofertas na janela.
2026-09-03 12:41:19,306  INFO    cacador  Varredura GRU-CPH: 0 ofertas na janela.
2026-09-03 12:41:19,332  INFO    cacador  Varredura GRU-FRA: 0 ofertas na janela.
2026-09-03 12:41:19,386  INFO    cacador  Varredura GRU-MUC: 0 ofertas na janela.
2026-09-03 12:41:19,434  INFO    cacador  Varredura GRU-BER: 0 ofertas na janela.
2026-09-03 12:41:19,484  INFO    cacador  Varredura GRU-VIE: 0 ofertas na janela.
2026-09-03 12:41:19,535  INFO    cacador  Varredura GIG-AMS: 0 ofertas na janela.
2026-09-03 12:41:19,585  INFO    cacador  Varredura GIG-CPH: 0 ofertas na janela.
2026-09-03 12:41:19,612  INFO    cacador  Varredura GIG-FRA: 0 ofertas na janela.
2026-09-03 12:41:19,640  INFO    cacador  Varredura GIG-MUC: 0 ofertas na janela.
2026-09-03 12:41:19,666  INFO    cacador  Varredura GIG-BER: 0 ofertas na janela.
2026-09-03 12:41:19,744  INFO    cacador  Varredura GIG-VIE: 0 ofertas na janela.
2026-09-03 12:41:19,744  INFO    cacador  Varredura concluida: 0 ofertas gravadas.
2026-09-03 12:41:19,747  INFO    src.dashboard  Painel gerado em /home/runner/work/cacador-de-tarifas/cacador-de-tarifas/docs/index.html
2026-09-03 12:41:19,747  INFO    cacador  === Fim da rodada. Historico com 0 ofertas. ===
2026-09-03 12:45:03,509  INFO    cacador  === Rodada 'grade' em 03/09/2026 09:45 ===
2026-09-03 12:45:13,021  INFO    cacador  Cota: 1/250 buscas usadas neste mes.
2026-09-03 12:45:13,022  INFO    cacador  Grade 2027-04-13: 18 ofertas · faixa tipica do Google None
2026-09-03 12:45:19,260  INFO    cacador  Cota: 2/250 buscas usadas neste mes.
2026-09-03 12:45:19,261  INFO    cacador  Grade 2027-04-14: 24 ofertas · faixa tipica do Google None
2026-09-03 12:45:24,137  INFO    cacador  Cota: 3/250 buscas usadas neste mes.
2026-09-03 12:45:24,138  INFO    cacador  Grade 2027-04-15: 14 ofertas · faixa tipica do Google None
2026-09-03 12:45:29,422  INFO    cacador  Cota: 4/250 buscas usadas neste mes.
2026-09-03 12:45:29,422  INFO    cacador  Grade 2027-04-16: 15 ofertas · faixa tipica do Google None
2026-09-03 12:45:43,649  INFO    cacador  Cota: 5/250 buscas usadas neste mes.
2026-09-03 12:45:43,650  INFO    cacador  Comparativo ida e volta (2027-04-18 → 2027-04-25): a partir de R$ 4396
2026-09-03 12:45:43,654  INFO    cacador  Alertas enviados nesta rodada: 0
2026-09-03 12:45:43,660  INFO    src.dashboard  Painel gerado em /home/runner/work/cacador-de-tarifas/cacador-de-tarifas/docs/index.html
2026-09-03 12:45:43,660  INFO    cacador  === Fim da rodada. Historico com 83 ofertas. ===
2026-09-03 18:54:40,417  INFO    cacador  === Rodada 'varredura' em 03/09/2026 15:54 ===
2026-09-03 18:54:40,744  INFO    cacador  Varredura BSB-AMS: 0 ofertas na janela.
2026-09-03 18:54:40,872  INFO    cacador  Varredura BSB-CPH: 0 ofertas na janela.
2026-09-03 18:54:41,104  INFO    cacador  Varredura BSB-FRA: 0 ofertas na janela.
2026-09-03 18:54:41,337  INFO    cacador  Varredura BSB-MUC: 0 ofertas na janela.
2026-09-03 18:54:41,569  INFO    cacador  Varredura BSB-BER: 0 ofertas na janela.
2026-09-03 18:54:41,788  INFO    cacador  Varredura BSB-VIE: 0 ofertas na janela.
2026-09-03 18:54:41,980  INFO    cacador  Varredura GRU-AMS: 0 ofertas na janela.
2026-09-03 18:54:42,217  INFO    cacador  Varredura GRU-CPH: 0 ofertas na janela.
2026-09-03 18:54:42,347  INFO    cacador  Varredura GRU-FRA: 0 ofertas na janela.
2026-09-03 18:54:42,578  INFO    cacador  Varredura GRU-MUC: 0 ofertas na janela.
2026-09-03 18:54:42,706  INFO    cacador  Varredura GRU-BER: 0 ofertas na janela.
2026-09-03 18:54:42,951  INFO    cacador  Varredura GRU-VIE: 0 ofertas na janela.
2026-09-03 18:54:43,081  INFO    cacador  Varredura GIG-AMS: 0 ofertas na janela.
2026-09-03 18:54:43,329  INFO    cacador  Varredura GIG-CPH: 0 ofertas na janela.
2026-09-03 18:54:43,462  INFO    cacador  Varredura GIG-FRA: 0 ofertas na janela.
2026-09-03 18:54:43,695  INFO    cacador  Varredura GIG-MUC: 0 ofertas na janela.
2026-09-03 18:54:43,826  INFO    cacador  Varredura GIG-BER: 0 ofertas na janela.
2026-09-03 18:54:44,059  INFO    cacador  Varredura GIG-VIE: 0 ofertas na janela.
2026-09-03 18:54:44,059  INFO    cacador  Varredura concluida: 0 ofertas gravadas.
2026-09-03 18:54:44,067  INFO    src.dashboard  Painel gerado em /home/runner/work/cacador-de-tarifas/cacador-de-tarifas/docs/index.html
2026-09-03 18:54:44,068  INFO    cacador  === Fim da rodada. Historico com 83 ofertas. ===
2026-09-03 19:38:09,704  INFO    cacador  === Rodada 'zoom' em 03/09/2026 16:38 ===
2026-09-03 19:38:09,705  INFO    cacador  Zoom em 2027-04-13 (desconto aparente de 36%).
2026-09-03 19:38:13,733  INFO    cacador  Cota: 6/250 buscas usadas neste mes.
2026-09-03 19:38:13,736  INFO    cacador  Alertas enviados nesta rodada: 0
2026-09-03 19:38:13,743  INFO    src.dashboard  Painel gerado em /home/runner/work/cacador-de-tarifas/cacador-de-tarifas/docs/index.html
2026-09-03 19:38:13,743  INFO    cacador  === Fim da rodada. Historico com 102 ofertas. ===
2026-09-04 00:34:50,032  INFO    cacador  === Rodada 'varredura' em 03/09/2026 21:34 ===
2026-09-04 00:34:50,276  INFO    cacador  Varredura BSB-AMS: 0 ofertas na janela.
2026-09-04 00:34:50,382  INFO    cacador  Varredura BSB-CPH: 0 ofertas na janela.
2026-09-04 00:34:50,491  INFO    cacador  Varredura BSB-FRA: 0 ofertas na janela.
2026-09-04 00:34:50,597  INFO    cacador  Varredura BSB-MUC: 0 ofertas na janela.
2026-09-04 00:34:50,701  INFO    cacador  Varredura BSB-BER: 0 ofertas na janela.
2026-09-04 00:34:50,758  INFO    cacador  Varredura BSB-VIE: 0 ofertas na janela.
2026-09-04 00:34:50,862  INFO    cacador  Varredura GRU-AMS: 0 ofertas na janela.
2026-09-04 00:34:50,934  INFO    cacador  Varredura GRU-CPH: 0 ofertas na janela.
2026-09-04 00:34:50,990  INFO    cacador  Varredura GRU-FRA: 0 ofertas na janela.
2026-09-04 00:34:51,055  INFO    cacador  Varredura GRU-MUC: 0 ofertas na janela.
2026-09-04 00:34:51,123  INFO    cacador  Varredura GRU-BER: 0 ofertas na janela.
2026-09-04 00:34:51,233  INFO    cacador  Varredura GRU-VIE: 0 ofertas na janela.
2026-09-04 00:34:51,305  INFO    cacador  Varredura GIG-AMS: 0 ofertas na janela.
2026-09-04 00:34:51,484  INFO    cacador  Varredura GIG-CPH: 0 ofertas na janela.
2026-09-04 00:34:51,591  INFO    cacador  Varredura GIG-FRA: 0 ofertas na janela.
2026-09-04 00:34:51,694  INFO    cacador  Varredura GIG-MUC: 0 ofertas na janela.
2026-09-04 00:34:51,753  INFO    cacador  Varredura GIG-BER: 0 ofertas na janela.
2026-09-04 00:34:51,861  INFO    cacador  Varredura GIG-VIE: 0 ofertas na janela.
2026-09-04 00:34:51,861  INFO    cacador  Varredura concluida: 0 ofertas gravadas.
2026-09-04 00:34:51,869  INFO    src.dashboard  Painel gerado em /home/runner/work/cacador-de-tarifas/cacador-de-tarifas/docs/index.html
2026-09-04 00:34:51,869  INFO    cacador  === Fim da rodada. Historico com 102 ofertas. ===
2026-09-04 02:28:00,721  INFO    cacador  === Rodada 'grade' em 03/09/2026 23:28 ===
2026-09-04 02:28:06,019  INFO    cacador  Cota: 7/250 buscas usadas neste mes.
2026-09-04 02:28:06,020  INFO    cacador  Grade 2027-04-17: 11 ofertas · faixa tipica do Google None
2026-09-04 02:28:11,418  INFO    cacador  Cota: 8/250 buscas usadas neste mes.
2026-09-04 02:28:11,419  INFO    cacador  Grade 2027-04-18: 16 ofertas · faixa tipica do Google None
2026-09-04 02:28:16,068  INFO    cacador  Cota: 9/250 buscas usadas neste mes.
2026-09-04 02:28:16,069  INFO    cacador  Grade 2027-04-19: 16 ofertas · faixa tipica do Google None
2026-09-04 02:28:19,003  INFO    cacador  ALERTA enviado: GRU-AMS 2027-04-18 R$3435 score 80 (oportunidade dentro dos criterios)
2026-09-04 02:28:19,003  INFO    cacador  Alertas enviados nesta rodada: 1
2026-09-04 02:28:19,012  INFO    src.dashboard  Painel gerado em /home/runner/work/cacador-de-tarifas/cacador-de-tarifas/docs/index.html
2026-09-04 02:28:19,013  INFO    cacador  === Fim da rodada. Historico com 145 ofertas. ===
2026-09-04 13:14:50,624  INFO    cacador  === Rodada 'varredura' em 04/09/2026 10:14 ===
2026-09-04 13:14:50,836  INFO    cacador  Varredura BSB-AMS: 0 ofertas na janela.
2026-09-04 13:14:50,866  INFO    cacador  Varredura BSB-CPH: 0 ofertas na janela.
2026-09-04 13:14:50,919  INFO    cacador  Varredura BSB-FRA: 0 ofertas na janela.
2026-09-04 13:14:50,948  INFO    cacador  Varredura BSB-MUC: 0 ofertas na janela.
2026-09-04 13:14:51,006  INFO    cacador  Varredura BSB-BER: 0 ofertas na janela.
2026-09-04 13:14:51,037  INFO    cacador  Varredura BSB-VIE: 0 ofertas na janela.
2026-09-04 13:14:51,065  INFO    cacador  Varredura GRU-AMS: 0 ofertas na janela.
2026-09-04 13:14:51,096  INFO    cacador  Varredura GRU-CPH: 0 ofertas na janela.
2026-09-04 13:14:51,155  INFO    cacador  Varredura GRU-FRA: 0 ofertas na janela.
2026-09-04 13:14:51,188  INFO    cacador  Varredura GRU-MUC: 0 ofertas na janela.
2026-09-04 13:14:51,246  INFO    cacador  Varredura GRU-BER: 0 ofertas na janela.
2026-09-04 13:14:51,276  INFO    cacador  Varredura GRU-VIE: 0 ofertas na janela.
2026-09-04 13:14:51,313  INFO    cacador  Varredura GIG-AMS: 0 ofertas na janela.
2026-09-04 13:14:51,369  INFO    cacador  Varredura GIG-CPH: 0 ofertas na janela.
2026-09-04 13:14:51,400  INFO    cacador  Varredura GIG-FRA: 0 ofertas na janela.
2026-09-04 13:14:51,461  INFO    cacador  Varredura GIG-MUC: 0 ofertas na janela.
2026-09-04 13:14:51,493  INFO    cacador  Varredura GIG-BER: 0 ofertas na janela.
2026-09-04 13:14:51,552  INFO    cacador  Varredura GIG-VIE: 0 ofertas na janela.
2026-09-04 13:14:51,552  INFO    cacador  Varredura concluida: 0 ofertas gravadas.
2026-09-04 13:14:51,561  INFO    src.dashboard  Painel gerado em /home/runner/work/cacador-de-tarifas/cacador-de-tarifas/docs/index.html
2026-09-04 13:14:51,562  INFO    cacador  === Fim da rodada. Historico com 145 ofertas. ===
2026-09-04 14:37:35,085  INFO    cacador  === Rodada 'grade' em 04/09/2026 11:37 ===
2026-09-04 14:37:44,706  INFO    cacador  Cota: 10/250 buscas usadas neste mes.
2026-09-04 14:37:44,707  INFO    cacador  Grade 2027-04-20: 14 ofertas · faixa tipica do Google None
2026-09-04 14:37:53,705  INFO    cacador  Cota: 11/250 buscas usadas neste mes.
2026-09-04 14:37:53,706  INFO    cacador  Grade 2027-04-21: 14 ofertas · faixa tipica do Google None
2026-09-04 14:37:58,374  INFO    cacador  Cota: 12/250 buscas usadas neste mes.
2026-09-04 14:37:58,375  INFO    cacador  Grade 2027-04-22: 19 ofertas · faixa tipica do Google None
2026-09-04 14:38:03,499  INFO    cacador  Cota: 13/250 buscas usadas neste mes.
2026-09-04 14:38:03,500  INFO    cacador  Grade 2027-04-23: 16 ofertas · faixa tipica do Google None
2026-09-04 14:38:23,574  INFO    cacador  Cota: 14/250 buscas usadas neste mes.
2026-09-04 14:38:23,575  INFO    cacador  Comparativo ida e volta (2027-04-18 → 2027-04-25): a partir de R$ 4369
2026-09-04 14:38:23,582  INFO    cacador  Alertas enviados nesta rodada: 0
2026-09-04 14:38:23,591  INFO    src.dashboard  Painel gerado em /home/runner/work/cacador-de-tarifas/cacador-de-tarifas/docs/index.html
2026-09-04 14:38:23,591  INFO    cacador  === Fim da rodada. Historico com 223 ofertas. ===
2026-09-04 18:35:07,537  INFO    cacador  === Rodada 'varredura' em 04/09/2026 15:35 ===
2026-09-04 18:35:07,671  INFO    cacador  Varredura BSB-AMS: 0 ofertas na janela.
2026-09-04 18:35:07,703  INFO    cacador  Varredura BSB-CPH: 0 ofertas na janela.
2026-09-04 18:35:07,731  INFO    cacador  Varredura BSB-FRA: 0 ofertas na janela.
2026-09-04 18:35:07,820  INFO    cacador  Varredura BSB-MUC: 0 ofertas na janela.
2026-09-04 18:35:07,861  INFO    cacador  Varredura BSB-BER: 0 ofertas na janela.
2026-09-04 18:35:07,903  INFO    cacador  Varredura BSB-VIE: 0 ofertas na janela.
2026-09-04 18:35:07,936  INFO    cacador  Varredura GRU-AMS: 0 ofertas na janela.
2026-09-04 18:35:07,997  INFO    cacador  Varredura GRU-CPH: 0 ofertas na janela.
2026-09-04 18:35:08,052  INFO    cacador  Varredura GRU-FRA: 0 ofertas na janela.
2026-09-04 18:35:08,082  INFO    cacador  Varredura GRU-MUC: 0 ofertas na janela.
2026-09-04 18:35:08,143  INFO    cacador  Varredura GRU-BER: 0 ofertas na janela.
2026-09-04 18:35:08,179  INFO    cacador  Varredura GRU-VIE: 0 ofertas na janela.
2026-09-04 18:35:08,244  INFO    cacador  Varredura GIG-AMS: 0 ofertas na janela.
2026-09-04 18:35:08,291  INFO    cacador  Varredura GIG-CPH: 0 ofertas na janela.
2026-09-04 18:35:08,374  INFO    cacador  Varredura GIG-FRA: 0 ofertas na janela.
2026-09-04 18:35:08,403  INFO    cacador  Varredura GIG-MUC: 0 ofertas na janela.
2026-09-04 18:35:08,435  INFO    cacador  Varredura GIG-BER: 0 ofertas na janela.
2026-09-04 18:35:08,494  INFO    cacador  Varredura GIG-VIE: 0 ofertas na janela.
2026-09-04 18:35:08,494  INFO    cacador  Varredura concluida: 0 ofertas gravadas.
2026-09-04 18:35:08,505  INFO    src.dashboard  Painel gerado em /home/runner/work/cacador-de-tarifas/cacador-de-tarifas/docs/index.html
2026-09-04 18:35:08,505  INFO    cacador  === Fim da rodada. Historico com 223 ofertas. ===
2026-09-04 19:16:50,381  INFO    cacador  === Rodada 'zoom' em 04/09/2026 16:16 ===
2026-09-04 19:16:50,383  INFO    cacador  Zoom em 2027-04-22 (desconto aparente de 26%).
2026-09-04 19:16:57,260  INFO    cacador  Cota: 15/250 buscas usadas neste mes.
2026-09-04 19:16:57,264  INFO    cacador  Alertas enviados nesta rodada: 0
2026-09-04 19:16:57,276  INFO    src.dashboard  Painel gerado em /home/runner/work/cacador-de-tarifas/cacador-de-tarifas/docs/index.html
2026-09-04 19:16:57,276  INFO    cacador  === Fim da rodada. Historico com 239 ofertas. ===
2026-09-05 00:30:49,862  INFO    cacador  === Rodada 'varredura' em 04/09/2026 21:30 ===
2026-09-05 00:30:50,051  INFO    cacador  Varredura BSB-AMS: 0 ofertas na janela.
2026-09-05 00:30:50,156  INFO    cacador  Varredura BSB-CPH: 0 ofertas na janela.
2026-09-05 00:30:50,258  INFO    cacador  Varredura BSB-FRA: 0 ofertas na janela.
2026-09-05 00:30:50,368  INFO    cacador  Varredura BSB-MUC: 0 ofertas na janela.
2026-09-05 00:30:50,426  INFO    cacador  Varredura BSB-BER: 0 ofertas na janela.
2026-09-05 00:30:50,540  INFO    cacador  Varredura BSB-VIE: 0 ofertas na janela.
2026-09-05 00:30:50,646  INFO    cacador  Varredura GRU-AMS: 0 ofertas na janela.
2026-09-05 00:30:50,702  INFO    cacador  Varredura GRU-CPH: 0 ofertas na janela.
2026-09-05 00:30:50,817  INFO    cacador  Varredura GRU-FRA: 0 ofertas na janela.
2026-09-05 00:30:50,874  INFO    cacador  Varredura GRU-MUC: 0 ofertas na janela.
2026-09-05 00:30:50,977  INFO    cacador  Varredura GRU-BER: 0 ofertas na janela.
2026-09-05 00:30:51,037  INFO    cacador  Varredura GRU-VIE: 0 ofertas na janela.
2026-09-05 00:30:51,141  INFO    cacador  Varredura GIG-AMS: 0 ofertas na janela.
2026-09-05 00:30:51,248  INFO    cacador  Varredura GIG-CPH: 0 ofertas na janela.
2026-09-05 00:30:51,306  INFO    cacador  Varredura GIG-FRA: 0 ofertas na janela.
2026-09-05 00:30:51,414  INFO    cacador  Varredura GIG-MUC: 0 ofertas na janela.
2026-09-05 00:30:51,523  INFO    cacador  Varredura GIG-BER: 0 ofertas na janela.
2026-09-05 00:30:51,644  INFO    cacador  Varredura GIG-VIE: 0 ofertas na janela.
2026-09-05 00:30:51,645  INFO    cacador  Varredura concluida: 0 ofertas gravadas.
2026-09-05 00:30:51,655  INFO    src.dashboard  Painel gerado em /home/runner/work/cacador-de-tarifas/cacador-de-tarifas/docs/index.html
2026-09-05 00:30:51,655  INFO    cacador  === Fim da rodada. Historico com 239 ofertas. ===
2026-09-05 02:28:56,341  INFO    cacador  === Rodada 'grade' em 04/09/2026 23:28 ===
2026-09-05 02:29:01,214  INFO    cacador  Cota: 16/250 buscas usadas neste mes.
2026-09-05 02:29:01,215  INFO    cacador  Grade 2027-04-13: 14 ofertas · faixa tipica do Google None
2026-09-05 02:29:06,087  INFO    cacador  Cota: 17/250 buscas usadas neste mes.
2026-09-05 02:29:06,088  INFO    cacador  Grade 2027-04-14: 18 ofertas · faixa tipica do Google None
2026-09-05 02:29:16,419  INFO    cacador  Cota: 18/250 buscas usadas neste mes.
2026-09-05 02:29:16,420  INFO    cacador  Grade 2027-04-15: 12 ofertas · faixa tipica do Google None
2026-09-05 02:29:16,424  INFO    cacador  Alertas enviados nesta rodada: 0
2026-09-05 02:29:16,433  INFO    src.dashboard  Painel gerado em /home/runner/work/cacador-de-tarifas/cacador-de-tarifas/docs/index.html
2026-09-05 02:29:16,434  INFO    cacador  === Fim da rodada. Historico com 283 ofertas. ===
2026-09-05 12:28:52,825  INFO    cacador  === Rodada 'varredura' em 05/09/2026 09:28 ===
2026-09-05 12:28:53,052  INFO    cacador  Varredura BSB-AMS: 0 ofertas na janela.
2026-09-05 12:28:53,083  INFO    cacador  Varredura BSB-CPH: 0 ofertas na janela.
2026-09-05 12:28:53,112  INFO    cacador  Varredura BSB-FRA: 0 ofertas na janela.
2026-09-05 12:28:53,144  INFO    cacador  Varredura BSB-MUC: 0 ofertas na janela.
2026-09-05 12:28:53,173  INFO    cacador  Varredura BSB-BER: 0 ofertas na janela.
2026-09-05 12:28:53,203  INFO    cacador  Varredura BSB-VIE: 0 ofertas na janela.
2026-09-05 12:28:53,235  INFO    cacador  Varredura GRU-AMS: 0 ofertas na janela.
2026-09-05 12:28:53,303  INFO    cacador  Varredura GRU-CPH: 0 ofertas na janela.
2026-09-05 12:28:53,336  INFO    cacador  Varredura GRU-FRA: 0 ofertas na janela.
2026-09-05 12:28:53,365  INFO    cacador  Varredura GRU-MUC: 0 ofertas na janela.
2026-09-05 12:28:53,399  INFO    cacador  Varredura GRU-BER: 0 ofertas na janela.
2026-09-05 12:28:53,435  INFO    cacador  Varredura GRU-VIE: 0 ofertas na janela.
2026-09-05 12:28:53,465  INFO    cacador  Varredura GIG-AMS: 0 ofertas na janela.
2026-09-05 12:28:53,495  INFO    cacador  Varredura GIG-CPH: 0 ofertas na janela.
2026-09-05 12:28:53,530  INFO    cacador  Varredura GIG-FRA: 0 ofertas na janela.
2026-09-05 12:28:53,560  INFO    cacador  Varredura GIG-MUC: 0 ofertas na janela.
2026-09-05 12:28:53,615  INFO    cacador  Varredura GIG-BER: 0 ofertas na janela.
2026-09-05 12:28:53,646  INFO    cacador  Varredura GIG-VIE: 0 ofertas na janela.
2026-09-05 12:28:53,646  INFO    cacador  Varredura concluida: 0 ofertas gravadas.
2026-09-05 12:28:53,658  INFO    src.dashboard  Painel gerado em /home/runner/work/cacador-de-tarifas/cacador-de-tarifas/docs/index.html
2026-09-05 12:28:53,658  INFO    cacador  === Fim da rodada. Historico com 283 ofertas. ===
2026-09-05 13:36:43,098  INFO    cacador  === Rodada 'grade' em 05/09/2026 10:36 ===
2026-09-05 13:36:53,295  INFO    cacador  Cota: 19/250 buscas usadas neste mes.
2026-09-05 13:36:53,296  INFO    cacador  Grade 2027-04-16: 14 ofertas · faixa tipica do Google None
2026-09-05 13:36:57,948  INFO    cacador  Cota: 20/250 buscas usadas neste mes.
2026-09-05 13:36:57,949  INFO    cacador  Grade 2027-04-17: 11 ofertas · faixa tipica do Google None
2026-09-05 13:37:07,065  INFO    cacador  Cota: 21/250 buscas usadas neste mes.
2026-09-05 13:37:07,066  INFO    cacador  Grade 2027-04-18: 14 ofertas · faixa tipica do Google None
2026-09-05 13:37:11,716  INFO    cacador  Cota: 22/250 buscas usadas neste mes.
2026-09-05 13:37:11,717  INFO    cacador  Grade 2027-04-19: 17 ofertas · faixa tipica do Google None
2026-09-05 13:37:22,400  INFO    cacador  Cota: 23/250 buscas usadas neste mes.
2026-09-05 13:37:22,401  INFO    cacador  Comparativo ida e volta (2027-04-18 → 2027-04-25): a partir de R$ 4388
2026-09-05 13:37:23,015  INFO    cacador  ALERTA enviado: GRU-AMS 2027-04-18 R$2941 score 78 (oportunidade dentro dos criterios)
2026-09-05 13:37:23,612  INFO    cacador  ALERTA enviado: GRU-FRA 2027-04-18 R$3325 score 77 (oportunidade dentro dos criterios)
2026-09-05 13:37:24,230  INFO    cacador  ALERTA enviado: GRU-MUC 2027-04-18 R$3325 score 76 (oportunidade dentro dos criterios)
2026-09-05 13:37:24,231  INFO    cacador  Alertas enviados nesta rodada: 3
2026-09-05 13:37:24,243  INFO    src.dashboard  Painel gerado em /home/runner/work/cacador-de-tarifas/cacador-de-tarifas/docs/index.html
2026-09-05 13:37:24,243  INFO    cacador  === Fim da rodada. Historico com 353 ofertas. ===
2026-09-05 17:44:09,314  INFO    cacador  === Rodada 'varredura' em 05/09/2026 14:44 ===
2026-09-05 17:44:09,473  INFO    cacador  Varredura BSB-AMS: 0 ofertas na janela.
2026-09-05 17:44:09,509  INFO    cacador  Varredura BSB-CPH: 0 ofertas na janela.
2026-09-05 17:44:09,545  INFO    cacador  Varredura BSB-FRA: 0 ofertas na janela.
2026-09-05 17:44:09,586  INFO    cacador  Varredura BSB-MUC: 0 ofertas na janela.
2026-09-05 17:44:09,620  INFO    cacador  Varredura BSB-BER: 0 ofertas na janela.
2026-09-05 17:44:09,652  INFO    cacador  Varredura BSB-VIE: 0 ofertas na janela.
2026-09-05 17:44:09,697  INFO    cacador  Varredura GRU-AMS: 0 ofertas na janela.
2026-09-05 17:44:09,736  INFO    cacador  Varredura GRU-CPH: 0 ofertas na janela.
2026-09-05 17:44:09,778  INFO    cacador  Varredura GRU-FRA: 0 ofertas na janela.
2026-09-05 17:44:09,836  INFO    cacador  Varredura GRU-MUC: 0 ofertas na janela.
2026-09-05 17:44:09,874  INFO    cacador  Varredura GRU-BER: 0 ofertas na janela.
2026-09-05 17:44:09,915  INFO    cacador  Varredura GRU-VIE: 0 ofertas na janela.
2026-09-05 17:44:09,950  INFO    cacador  Varredura GIG-AMS: 0 ofertas na janela.
2026-09-05 17:44:10,054  INFO    cacador  Varredura GIG-CPH: 0 ofertas na janela.
2026-09-05 17:44:10,099  INFO    cacador  Varredura GIG-FRA: 0 ofertas na janela.
2026-09-05 17:44:10,166  INFO    cacador  Varredura GIG-MUC: 0 ofertas na janela.
2026-09-05 17:44:10,204  INFO    cacador  Varredura GIG-BER: 0 ofertas na janela.
2026-09-05 17:44:10,300  INFO    cacador  Varredura GIG-VIE: 0 ofertas na janela.
2026-09-05 17:44:10,300  INFO    cacador  Varredura concluida: 0 ofertas gravadas.
2026-09-05 17:44:10,312  INFO    src.dashboard  Painel gerado em /home/runner/work/cacador-de-tarifas/cacador-de-tarifas/docs/index.html
2026-09-05 17:44:10,312  INFO    cacador  === Fim da rodada. Historico com 353 ofertas. ===
2026-09-05 18:46:07,003  INFO    cacador  === Rodada 'zoom' em 05/09/2026 15:46 ===
2026-09-05 18:46:07,006  INFO    cacador  Zoom em 2027-04-13 (desconto aparente de 36%).
2026-09-05 18:46:12,996  INFO    cacador  Cota: 24/250 buscas usadas neste mes.
2026-09-05 18:46:12,999  INFO    cacador  Alertas enviados nesta rodada: 0
2026-09-05 18:46:13,011  INFO    src.dashboard  Painel gerado em /home/runner/work/cacador-de-tarifas/cacador-de-tarifas/docs/index.html
2026-09-05 18:46:13,011  INFO    cacador  === Fim da rodada. Historico com 368 ofertas. ===
2026-09-06 00:26:50,976  INFO    cacador  === Rodada 'varredura' em 05/09/2026 21:26 ===
2026-09-06 00:26:51,188  INFO    cacador  Varredura BSB-AMS: 0 ofertas na janela.
2026-09-06 00:26:51,252  INFO    cacador  Varredura BSB-CPH: 0 ofertas na janela.
2026-09-06 00:26:51,315  INFO    cacador  Varredura BSB-FRA: 0 ofertas na janela.
2026-09-06 00:26:51,398  INFO    cacador  Varredura BSB-MUC: 0 ofertas na janela.
2026-09-06 00:26:51,461  INFO    cacador  Varredura BSB-BER: 0 ofertas na janela.
2026-09-06 00:26:51,521  INFO    cacador  Varredura BSB-VIE: 0 ofertas na janela.
2026-09-06 00:26:51,586  INFO    cacador  Varredura GRU-AMS: 0 ofertas na janela.
2026-09-06 00:26:51,645  INFO    cacador  Varredura GRU-CPH: 0 ofertas na janela.
2026-09-06 00:26:51,717  INFO    cacador  Varredura GRU-FRA: 0 ofertas na janela.
2026-09-06 00:26:51,758  INFO    cacador  Varredura GRU-MUC: 0 ofertas na janela.
2026-09-06 00:26:51,815  INFO    cacador  Varredura GRU-BER: 0 ofertas na janela.
2026-09-06 00:26:51,889  INFO    cacador  Varredura GRU-VIE: 0 ofertas na janela.
2026-09-06 00:26:51,952  INFO    cacador  Varredura GIG-AMS: 0 ofertas na janela.
2026-09-06 00:26:51,988  INFO    cacador  Varredura GIG-CPH: 0 ofertas na janela.
2026-09-06 00:26:52,026  INFO    cacador  Varredura GIG-FRA: 0 ofertas na janela.
2026-09-06 00:26:52,086  INFO    cacador  Varredura GIG-MUC: 0 ofertas na janela.
2026-09-06 00:26:52,152  INFO    cacador  Varredura GIG-BER: 0 ofertas na janela.
2026-09-06 00:26:52,195  INFO    cacador  Varredura GIG-VIE: 0 ofertas na janela.
2026-09-06 00:26:52,195  INFO    cacador  Varredura concluida: 0 ofertas gravadas.
2026-09-06 00:26:52,207  INFO    src.dashboard  Painel gerado em /home/runner/work/cacador-de-tarifas/cacador-de-tarifas/docs/index.html
2026-09-06 00:26:52,207  INFO    cacador  === Fim da rodada. Historico com 368 ofertas. ===
2026-09-06 02:25:07,925  INFO    cacador  === Rodada 'grade' em 05/09/2026 23:25 ===
2026-09-06 02:25:12,732  INFO    cacador  Cota: 25/250 buscas usadas neste mes.
2026-09-06 02:25:12,733  INFO    cacador  Grade 2027-04-20: 15 ofertas · faixa tipica do Google None
2026-09-06 02:25:21,631  INFO    cacador  Cota: 26/250 buscas usadas neste mes.
2026-09-06 02:25:21,632  INFO    cacador  Grade 2027-04-21: 18 ofertas · faixa tipica do Google None
2026-09-06 02:25:27,533  INFO    cacador  Cota: 27/250 buscas usadas neste mes.
2026-09-06 02:25:27,534  INFO    cacador  Grade 2027-04-22: 20 ofertas · faixa tipica do Google None
2026-09-06 02:25:27,542  INFO    cacador  Alertas enviados nesta rodada: 0
2026-09-06 02:25:27,555  INFO    src.dashboard  Painel gerado em /home/runner/work/cacador-de-tarifas/cacador-de-tarifas/docs/index.html
2026-09-06 02:25:27,555  INFO    cacador  === Fim da rodada. Historico com 421 ofertas. ===
2026-09-06 12:41:51,916  INFO    cacador  === Rodada 'varredura' em 06/09/2026 09:41 ===
2026-09-06 12:41:52,082  INFO    cacador  Varredura BSB-AMS: 0 ofertas na janela.
2026-09-06 12:41:52,109  INFO    cacador  Varredura BSB-CPH: 0 ofertas na janela.
2026-09-06 12:41:52,158  INFO    cacador  Varredura BSB-FRA: 0 ofertas na janela.
2026-09-06 12:41:52,228  INFO    cacador  Varredura BSB-MUC: 0 ofertas na janela.
2026-09-06 12:41:52,259  INFO    cacador  Varredura BSB-BER: 0 ofertas na janela.
2026-09-06 12:41:52,307  INFO    cacador  Varredura BSB-VIE: 0 ofertas na janela.
2026-09-06 12:41:52,336  INFO    cacador  Varredura GRU-AMS: 0 ofertas na janela.
2026-09-06 12:41:52,362  INFO    cacador  Varredura GRU-CPH: 0 ofertas na janela.
2026-09-06 12:41:52,410  INFO    cacador  Varredura GRU-FRA: 0 ofertas na janela.
2026-09-06 12:41:52,464  INFO    cacador  Varredura GRU-MUC: 0 ofertas na janela.
2026-09-06 12:41:52,511  INFO    cacador  Varredura GRU-BER: 0 ofertas na janela.
2026-09-06 12:41:52,537  INFO    cacador  Varredura GRU-VIE: 0 ofertas na janela.
2026-09-06 12:41:52,566  INFO    cacador  Varredura GIG-AMS: 0 ofertas na janela.
2026-09-06 12:41:52,604  INFO    cacador  Varredura GIG-CPH: 0 ofertas na janela.
2026-09-06 12:41:52,645  INFO    cacador  Varredura GIG-FRA: 0 ofertas na janela.
2026-09-06 12:41:52,674  INFO    cacador  Varredura GIG-MUC: 0 ofertas na janela.
2026-09-06 12:41:52,707  INFO    cacador  Varredura GIG-BER: 0 ofertas na janela.
2026-09-06 12:41:52,775  INFO    cacador  Varredura GIG-VIE: 0 ofertas na janela.
2026-09-06 12:41:52,775  INFO    cacador  Varredura concluida: 0 ofertas gravadas.
2026-09-06 12:41:52,789  INFO    src.dashboard  Painel gerado em /home/runner/work/cacador-de-tarifas/cacador-de-tarifas/docs/index.html
2026-09-06 12:41:52,789  INFO    cacador  === Fim da rodada. Historico com 421 ofertas. ===
2026-09-06 13:51:00,709  INFO    cacador  === Rodada 'grade' em 06/09/2026 10:51 ===
2026-09-06 13:51:10,259  INFO    cacador  Cota: 28/250 buscas usadas neste mes.
2026-09-06 13:51:10,260  INFO    cacador  Grade 2027-04-23: 18 ofertas · faixa tipica do Google None
2026-09-06 13:51:15,941  INFO    cacador  Cota: 29/250 buscas usadas neste mes.
2026-09-06 13:51:15,942  INFO    cacador  Grade 2027-04-13: 16 ofertas · faixa tipica do Google None
2026-09-06 13:51:20,519  INFO    cacador  Cota: 30/250 buscas usadas neste mes.
2026-09-06 13:51:20,520  INFO    cacador  Grade 2027-04-14: 18 ofertas · faixa tipica do Google None
2026-09-06 13:51:26,598  INFO    cacador  Cota: 31/250 buscas usadas neste mes.
2026-09-06 13:51:26,599  INFO    cacador  Grade 2027-04-15: 12 ofertas · faixa tipica do Google None
2026-09-06 13:51:46,471  INFO    cacador  Cota: 32/250 buscas usadas neste mes.
2026-09-06 13:51:46,472  INFO    cacador  Comparativo ida e volta (2027-04-18 → 2027-04-25): a partir de R$ 4388
2026-09-06 13:51:46,481  INFO    cacador  Alertas enviados nesta rodada: 0
2026-09-06 13:51:46,495  INFO    src.dashboard  Painel gerado em /home/runner/work/cacador-de-tarifas/cacador-de-tarifas/docs/index.html
2026-09-06 13:51:46,495  INFO    cacador  === Fim da rodada. Historico com 498 ofertas. ===
2026-09-06 17:47:32,856  INFO    cacador  === Rodada 'varredura' em 06/09/2026 14:47 ===
2026-09-06 17:47:33,080  INFO    cacador  Varredura BSB-AMS: 0 ofertas na janela.
2026-09-06 17:47:33,182  INFO    cacador  Varredura BSB-CPH: 0 ofertas na janela.
2026-09-06 17:47:33,286  INFO    cacador  Varredura BSB-FRA: 0 ofertas na janela.
2026-09-06 17:47:33,388  INFO    cacador  Varredura BSB-MUC: 0 ofertas na janela.
2026-09-06 17:47:33,491  INFO    cacador  Varredura BSB-BER: 0 ofertas na janela.
2026-09-06 17:47:33,596  INFO    cacador  Varredura BSB-VIE: 0 ofertas na janela.
2026-09-06 17:47:33,720  INFO    cacador  Varredura GRU-AMS: 0 ofertas na janela.
2026-09-06 17:47:33,821  INFO    cacador  Varredura GRU-CPH: 0 ofertas na janela.
2026-09-06 17:47:33,875  INFO    cacador  Varredura GRU-FRA: 0 ofertas na janela.
2026-09-06 17:47:33,981  INFO    cacador  Varredura GRU-MUC: 0 ofertas na janela.
2026-09-06 17:47:34,035  INFO    cacador  Varredura GRU-BER: 0 ofertas na janela.
2026-09-06 17:47:34,139  INFO    cacador  Varredura GRU-VIE: 0 ofertas na janela.
2026-09-06 17:47:34,245  INFO    cacador  Varredura GIG-AMS: 0 ofertas na janela.
2026-09-06 17:47:34,347  INFO    cacador  Varredura GIG-CPH: 0 ofertas na janela.
2026-09-06 17:47:34,450  INFO    cacador  Varredura GIG-FRA: 0 ofertas na janela.
2026-09-06 17:47:34,555  INFO    cacador  Varredura GIG-MUC: 0 ofertas na janela.
2026-09-06 17:47:34,609  INFO    cacador  Varredura GIG-BER: 0 ofertas na janela.
2026-09-06 17:47:34,710  INFO    cacador  Varredura GIG-VIE: 0 ofertas na janela.
2026-09-06 17:47:34,710  INFO    cacador  Varredura concluida: 0 ofertas gravadas.
2026-09-06 17:47:34,724  INFO    src.dashboard  Painel gerado em /home/runner/work/cacador-de-tarifas/cacador-de-tarifas/docs/index.html
2026-09-06 17:47:34,724  INFO    cacador  === Fim da rodada. Historico com 498 ofertas. ===
2026-09-06 18:50:15,549  INFO    cacador  === Rodada 'zoom' em 06/09/2026 15:50 ===
2026-09-06 18:50:15,553  INFO    cacador  Zoom em 2027-04-22 (desconto aparente de 28%).
2026-09-06 18:50:20,106  INFO    cacador  Cota: 33/250 buscas usadas neste mes.
2026-09-06 18:50:20,111  INFO    cacador  Alertas enviados nesta rodada: 0
2026-09-06 18:50:20,125  INFO    src.dashboard  Painel gerado em /home/runner/work/cacador-de-tarifas/cacador-de-tarifas/docs/index.html
2026-09-06 18:50:20,125  INFO    cacador  === Fim da rodada. Historico com 517 ofertas. ===
2026-09-07 00:33:53,955  INFO    cacador  === Rodada 'varredura' em 06/09/2026 21:33 ===
2026-09-07 00:33:54,190  INFO    cacador  Varredura BSB-AMS: 0 ofertas na janela.
2026-09-07 00:33:54,246  INFO    cacador  Varredura BSB-CPH: 0 ofertas na janela.
2026-09-07 00:33:54,355  INFO    cacador  Varredura BSB-FRA: 0 ofertas na janela.
2026-09-07 00:33:54,416  INFO    cacador  Varredura BSB-MUC: 0 ofertas na janela.
2026-09-07 00:33:54,523  INFO    cacador  Varredura BSB-BER: 0 ofertas na janela.
2026-09-07 00:33:54,628  INFO    cacador  Varredura BSB-VIE: 0 ofertas na janela.
2026-09-07 00:33:54,752  INFO    cacador  Varredura GRU-AMS: 0 ofertas na janela.
2026-09-07 00:33:54,809  INFO    cacador  Varredura GRU-CPH: 0 ofertas na janela.
2026-09-07 00:33:54,866  INFO    cacador  Varredura GRU-FRA: 0 ofertas na janela.
2026-09-07 00:33:54,981  INFO    cacador  Varredura GRU-MUC: 0 ofertas na janela.
2026-09-07 00:33:55,085  INFO    cacador  Varredura GRU-BER: 0 ofertas na janela.
2026-09-07 00:33:55,190  INFO    cacador  Varredura GRU-VIE: 0 ofertas na janela.
2026-09-07 00:33:55,248  INFO    cacador  Varredura GIG-AMS: 0 ofertas na janela.
2026-09-07 00:33:55,354  INFO    cacador  Varredura GIG-CPH: 0 ofertas na janela.
2026-09-07 00:33:55,412  INFO    cacador  Varredura GIG-FRA: 0 ofertas na janela.
2026-09-07 00:33:55,470  INFO    cacador  Varredura GIG-MUC: 0 ofertas na janela.
2026-09-07 00:33:55,576  INFO    cacador  Varredura GIG-BER: 0 ofertas na janela.
2026-09-07 00:33:55,641  INFO    cacador  Varredura GIG-VIE: 0 ofertas na janela.
2026-09-07 00:33:55,641  INFO    cacador  Varredura concluida: 0 ofertas gravadas.
2026-09-07 00:33:55,652  INFO    src.dashboard  Painel gerado em /home/runner/work/cacador-de-tarifas/cacador-de-tarifas/docs/index.html
2026-09-07 00:33:55,652  INFO    cacador  === Fim da rodada. Historico com 517 ofertas. ===
2026-09-07 02:22:09,651  INFO    cacador  === Rodada 'grade' em 06/09/2026 23:22 ===
2026-09-07 02:22:14,717  INFO    cacador  Cota: 34/250 buscas usadas neste mes.
2026-09-07 02:22:14,718  INFO    cacador  Grade 2027-04-16: 13 ofertas · faixa tipica do Google None
2026-09-07 02:22:19,182  INFO    cacador  Cota: 35/250 buscas usadas neste mes.
2026-09-07 02:22:19,182  INFO    cacador  Grade 2027-04-17: 11 ofertas · faixa tipica do Google None
2026-09-07 02:22:23,746  INFO    cacador  Cota: 36/250 buscas usadas neste mes.
2026-09-07 02:22:23,747  INFO    cacador  Grade 2027-04-18: 14 ofertas · faixa tipica do Google None
2026-09-07 02:22:23,752  INFO    cacador  Alertas enviados nesta rodada: 0
2026-09-07 02:22:23,762  INFO    src.dashboard  Painel gerado em /home/runner/work/cacador-de-tarifas/cacador-de-tarifas/docs/index.html
2026-09-07 02:22:23,762  INFO    cacador  === Fim da rodada. Historico com 555 ofertas. ===
2026-09-07 14:52:54,074  INFO    cacador  === Rodada 'varredura' em 07/09/2026 11:52 ===
2026-09-07 14:52:54,332  INFO    cacador  Varredura BSB-AMS: 0 ofertas na janela.
2026-09-07 14:52:54,397  INFO    cacador  Varredura BSB-CPH: 0 ofertas na janela.
2026-09-07 14:52:54,459  INFO    cacador  Varredura BSB-FRA: 0 ofertas na janela.
2026-09-07 14:52:54,520  INFO    cacador  Varredura BSB-MUC: 0 ofertas na janela.
2026-09-07 14:52:54,563  INFO    cacador  Varredura BSB-BER: 0 ofertas na janela.
2026-09-07 14:52:54,618  INFO    cacador  Varredura BSB-VIE: 0 ofertas na janela.
2026-09-07 14:52:54,659  INFO    cacador  Varredura GRU-AMS: 0 ofertas na janela.
2026-09-07 14:52:54,740  INFO    cacador  Varredura GRU-CPH: 0 ofertas na janela.
2026-09-07 14:52:54,869  INFO    cacador  Varredura GRU-FRA: 0 ofertas na janela.
2026-09-07 14:52:54,931  INFO    cacador  Varredura GRU-MUC: 0 ofertas na janela.
2026-09-07 14:52:54,971  INFO    cacador  Varredura GRU-BER: 0 ofertas na janela.
2026-09-07 14:52:55,043  INFO    cacador  Varredura GRU-VIE: 0 ofertas na janela.
2026-09-07 14:52:55,095  INFO    cacador  Varredura GIG-AMS: 0 ofertas na janela.
2026-09-07 14:52:55,171  INFO    cacador  Varredura GIG-CPH: 0 ofertas na janela.
2026-09-07 14:52:55,253  INFO    cacador  Varredura GIG-FRA: 0 ofertas na janela.
2026-09-07 14:52:55,298  INFO    cacador  Varredura GIG-MUC: 0 ofertas na janela.
2026-09-07 14:52:55,361  INFO    cacador  Varredura GIG-BER: 0 ofertas na janela.
2026-09-07 14:52:55,434  INFO    cacador  Varredura GIG-VIE: 0 ofertas na janela.
2026-09-07 14:52:55,435  INFO    cacador  Varredura concluida: 0 ofertas gravadas.
2026-09-07 14:52:55,449  INFO    src.dashboard  Painel gerado em /home/runner/work/cacador-de-tarifas/cacador-de-tarifas/docs/index.html
2026-09-07 14:52:55,449  INFO    cacador  === Fim da rodada. Historico com 555 ofertas. ===
2026-09-07 16:12:47,800  INFO    cacador  === Rodada 'grade' em 07/09/2026 13:12 ===
2026-09-07 16:12:59,884  INFO    cacador  Cota: 37/250 buscas usadas neste mes.
2026-09-07 16:12:59,885  INFO    cacador  Grade 2027-04-19: 20 ofertas · faixa tipica do Google None
2026-09-07 16:13:06,072  INFO    cacador  Cota: 38/250 buscas usadas neste mes.
2026-09-07 16:13:06,073  INFO    cacador  Grade 2027-04-20: 19 ofertas · faixa tipica do Google None
2026-09-07 16:13:11,214  INFO    cacador  Cota: 39/250 buscas usadas neste mes.
2026-09-07 16:13:11,215  INFO    cacador  Grade 2027-04-21: 20 ofertas · faixa tipica do Google None
2026-09-07 16:13:18,335  INFO    cacador  Cota: 40/250 buscas usadas neste mes.
2026-09-07 16:13:18,336  INFO    cacador  Grade 2027-04-22: 20 ofertas · faixa tipica do Google None
2026-09-07 16:13:27,471  INFO    cacador  Cota: 41/250 buscas usadas neste mes.
2026-09-07 16:13:27,472  INFO    cacador  Comparativo ida e volta (2027-04-18 → 2027-04-25): a partir de R$ 4846
2026-09-07 16:13:27,487  INFO    cacador  Alertas enviados nesta rodada: 0
2026-09-07 16:13:27,502  INFO    src.dashboard  Painel gerado em /home/runner/work/cacador-de-tarifas/cacador-de-tarifas/docs/index.html
2026-09-07 16:13:27,503  INFO    cacador  === Fim da rodada. Historico com 647 ofertas. ===
2026-09-07 19:26:21,678  INFO    cacador  === Rodada 'varredura' em 07/09/2026 16:26 ===
2026-09-07 19:26:21,871  INFO    cacador  Varredura BSB-AMS: 0 ofertas na janela.
2026-09-07 19:26:21,905  INFO    cacador  Varredura BSB-CPH: 0 ofertas na janela.
2026-09-07 19:26:21,936  INFO    cacador  Varredura BSB-FRA: 0 ofertas na janela.
2026-09-07 19:26:21,966  INFO    cacador  Varredura BSB-MUC: 0 ofertas na janela.
2026-09-07 19:26:21,996  INFO    cacador  Varredura BSB-BER: 0 ofertas na janela.
2026-09-07 19:26:22,030  INFO    cacador  Varredura BSB-VIE: 0 ofertas na janela.
2026-09-07 19:26:22,062  INFO    cacador  Varredura GRU-AMS: 0 ofertas na janela.
2026-09-07 19:26:22,092  INFO    cacador  Varredura GRU-CPH: 0 ofertas na janela.
2026-09-07 19:26:22,126  INFO    cacador  Varredura GRU-FRA: 0 ofertas na janela.
2026-09-07 19:26:22,154  INFO    cacador  Varredura GRU-MUC: 0 ofertas na janela.
2026-09-07 19:26:22,214  INFO    cacador  Varredura GRU-BER: 0 ofertas na janela.
2026-09-07 19:26:22,243  INFO    cacador  Varredura GRU-VIE: 0 ofertas na janela.
2026-09-07 19:26:22,291  INFO    cacador  Varredura GIG-AMS: 0 ofertas na janela.
2026-09-07 19:26:22,324  INFO    cacador  Varredura GIG-CPH: 0 ofertas na janela.
2026-09-07 19:26:22,354  INFO    cacador  Varredura GIG-FRA: 0 ofertas na janela.
2026-09-07 19:26:22,386  INFO    cacador  Varredura GIG-MUC: 0 ofertas na janela.
2026-09-07 19:26:22,444  INFO    cacador  Varredura GIG-BER: 0 ofertas na janela.
2026-09-07 19:26:22,477  INFO    cacador  Varredura GIG-VIE: 0 ofertas na janela.
2026-09-07 19:26:22,478  INFO    cacador  Varredura concluida: 0 ofertas gravadas.
2026-09-07 19:26:22,499  INFO    src.dashboard  Painel gerado em /home/runner/work/cacador-de-tarifas/cacador-de-tarifas/docs/index.html
2026-09-07 19:26:22,499  INFO    cacador  === Fim da rodada. Historico com 647 ofertas. ===
2026-09-07 20:21:11,121  INFO    cacador  === Rodada 'zoom' em 07/09/2026 17:21 ===
2026-09-07 20:21:11,125  INFO    cacador  Zoom em 2027-04-22 (desconto aparente de 26%).
2026-09-07 20:21:14,491  INFO    cacador  Cota: 42/250 buscas usadas neste mes.
2026-09-07 20:21:14,497  INFO    cacador  Alertas enviados nesta rodada: 0
2026-09-07 20:21:14,511  INFO    src.dashboard  Painel gerado em /home/runner/work/cacador-de-tarifas/cacador-de-tarifas/docs/index.html
2026-09-07 20:21:14,512  INFO    cacador  === Fim da rodada. Historico com 668 ofertas. ===
2026-09-08 00:50:40,470  INFO    cacador  === Rodada 'varredura' em 07/09/2026 21:50 ===
2026-09-08 00:50:40,808  INFO    cacador  Varredura BSB-AMS: 0 ofertas na janela.
2026-09-08 00:50:41,015  INFO    cacador  Varredura BSB-CPH: 0 ofertas na janela.
2026-09-08 00:50:41,242  INFO    cacador  Varredura BSB-FRA: 0 ofertas na janela.
2026-09-08 00:50:41,456  INFO    cacador  Varredura BSB-MUC: 0 ofertas na janela.
2026-09-08 00:50:41,667  INFO    cacador  Varredura BSB-BER: 0 ofertas na janela.
2026-09-08 00:50:41,875  INFO    cacador  Varredura BSB-VIE: 0 ofertas na janela.
2026-09-08 00:50:42,081  INFO    cacador  Varredura GRU-AMS: 0 ofertas na janela.
2026-09-08 00:50:42,165  INFO    cacador  Varredura GRU-CPH: 0 ofertas na janela.
2026-09-08 00:50:42,376  INFO    cacador  Varredura GRU-FRA: 0 ofertas na janela.
2026-09-08 00:50:42,566  INFO    cacador  Varredura GRU-MUC: 0 ofertas na janela.
2026-09-08 00:50:42,770  INFO    cacador  Varredura GRU-BER: 0 ofertas na janela.
2026-09-08 00:50:42,879  INFO    cacador  Varredura GRU-VIE: 0 ofertas na janela.
2026-09-08 00:50:43,095  INFO    cacador  Varredura GIG-AMS: 0 ofertas na janela.
2026-09-08 00:50:43,293  INFO    cacador  Varredura GIG-CPH: 0 ofertas na janela.
2026-09-08 00:50:43,486  INFO    cacador  Varredura GIG-FRA: 0 ofertas na janela.
2026-09-08 00:50:43,570  INFO    cacador  Varredura GIG-MUC: 0 ofertas na janela.
2026-09-08 00:50:43,778  INFO    cacador  Varredura GIG-BER: 0 ofertas na janela.
2026-09-08 00:50:43,870  INFO    cacador  Varredura GIG-VIE: 0 ofertas na janela.
2026-09-08 00:50:43,870  INFO    cacador  Varredura concluida: 0 ofertas gravadas.
2026-09-08 00:50:43,879  INFO    src.dashboard  Painel gerado em /home/runner/work/cacador-de-tarifas/cacador-de-tarifas/docs/index.html
2026-09-08 00:50:43,879  INFO    cacador  === Fim da rodada. Historico com 668 ofertas. ===
2026-09-08 02:34:43,855  INFO    cacador  === Rodada 'grade' em 07/09/2026 23:34 ===
2026-09-08 02:34:48,445  INFO    cacador  Cota: 43/250 buscas usadas neste mes.
2026-09-08 02:34:48,446  INFO    cacador  Grade 2027-04-23: 15 ofertas · faixa tipica do Google None
2026-09-08 02:34:54,538  INFO    cacador  Cota: 44/250 buscas usadas neste mes.
2026-09-08 02:34:54,540  INFO    cacador  Grade 2027-04-13: 22 ofertas · faixa tipica do Google None
2026-09-08 02:34:59,385  INFO    cacador  Cota: 45/250 buscas usadas neste mes.
2026-09-08 02:34:59,386  INFO    cacador  Grade 2027-04-14: 22 ofertas · faixa tipica do Google None
2026-09-08 02:34:59,396  INFO    cacador  Alertas enviados nesta rodada: 0
2026-09-08 02:34:59,411  INFO    src.dashboard  Painel gerado em /home/runner/work/cacador-de-tarifas/cacador-de-tarifas/docs/index.html
2026-09-08 02:34:59,411  INFO    cacador  === Fim da rodada. Historico com 727 ofertas. ===
2026-09-08 13:23:05,916  INFO    cacador  === Rodada 'varredura' em 08/09/2026 10:23 ===
2026-09-08 13:23:06,148  INFO    cacador  Varredura BSB-AMS: 0 ofertas na janela.
2026-09-08 13:23:06,323  INFO    cacador  Varredura BSB-CPH: 0 ofertas na janela.
2026-09-08 13:23:06,489  INFO    cacador  Varredura BSB-FRA: 0 ofertas na janela.
2026-09-08 13:23:06,650  INFO    cacador  Varredura BSB-MUC: 0 ofertas na janela.
2026-09-08 13:23:06,811  INFO    cacador  Varredura BSB-BER: 0 ofertas na janela.
2026-09-08 13:23:06,873  INFO    cacador  Varredura BSB-VIE: 0 ofertas na janela.
2026-09-08 13:23:07,035  INFO    cacador  Varredura GRU-AMS: 0 ofertas na janela.
2026-09-08 13:23:07,196  INFO    cacador  Varredura GRU-CPH: 0 ofertas na janela.
2026-09-08 13:23:07,359  INFO    cacador  Varredura GRU-FRA: 0 ofertas na janela.
2026-09-08 13:23:07,423  INFO    cacador  Varredura GRU-MUC: 0 ofertas na janela.
2026-09-08 13:23:07,492  INFO    cacador  Varredura GRU-BER: 0 ofertas na janela.
2026-09-08 13:23:07,679  INFO    cacador  Varredura GRU-VIE: 0 ofertas na janela.
2026-09-08 13:23:07,840  INFO    cacador  Varredura GIG-AMS: 0 ofertas na janela.
2026-09-08 13:23:08,016  INFO    cacador  Varredura GIG-CPH: 0 ofertas na janela.
2026-09-08 13:23:08,082  INFO    cacador  Varredura GIG-FRA: 0 ofertas na janela.
2026-09-08 13:23:08,239  INFO    cacador  Varredura GIG-MUC: 0 ofertas na janela.
2026-09-08 13:23:08,300  INFO    cacador  Varredura GIG-BER: 0 ofertas na janela.
2026-09-08 13:23:08,465  INFO    cacador  Varredura GIG-VIE: 0 ofertas na janela.
2026-09-08 13:23:08,465  INFO    cacador  Varredura concluida: 0 ofertas gravadas.
2026-09-08 13:23:08,482  INFO    src.dashboard  Painel gerado em /home/runner/work/cacador-de-tarifas/cacador-de-tarifas/docs/index.html
2026-09-08 13:23:08,482  INFO    cacador  === Fim da rodada. Historico com 727 ofertas. ===
2026-09-08 14:49:52,100  INFO    cacador  === Rodada 'grade' em 08/09/2026 11:49 ===
2026-09-08 14:49:57,887  INFO    cacador  Cota: 46/250 buscas usadas neste mes.
2026-09-08 14:49:57,888  INFO    cacador  Grade 2027-04-15: 11 ofertas · faixa tipica do Google None
2026-09-08 14:50:02,302  INFO    cacador  Cota: 47/250 buscas usadas neste mes.
2026-09-08 14:50:02,303  INFO    cacador  Grade 2027-04-16: 13 ofertas · faixa tipica do Google None
2026-09-08 14:50:07,070  INFO    cacador  Cota: 48/250 buscas usadas neste mes.
2026-09-08 14:50:07,070  INFO    cacador  Grade 2027-04-17: 10 ofertas · faixa tipica do Google None
2026-09-08 14:50:11,949  INFO    cacador  Cota: 49/250 buscas usadas neste mes.
2026-09-08 14:50:11,949  INFO    cacador  Grade 2027-04-18: 13 ofertas · faixa tipica do Google None
2026-09-08 14:50:22,556  INFO    cacador  Cota: 50/250 buscas usadas neste mes.
2026-09-08 14:50:22,557  INFO    cacador  Comparativo ida e volta (2027-04-18 → 2027-04-25): a partir de R$ 4850
2026-09-08 14:50:22,567  INFO    cacador  Alertas enviados nesta rodada: 0
2026-09-08 14:50:22,585  INFO    src.dashboard  Painel gerado em /home/runner/work/cacador-de-tarifas/cacador-de-tarifas/docs/index.html
2026-09-08 14:50:22,585  INFO    cacador  === Fim da rodada. Historico com 787 ofertas. ===
2026-09-08 19:00:32,986  INFO    cacador  === Rodada 'varredura' em 08/09/2026 16:00 ===
2026-09-08 19:00:33,185  INFO    cacador  Varredura BSB-AMS: 0 ofertas na janela.
2026-09-08 19:00:33,242  INFO    cacador  Varredura BSB-CPH: 0 ofertas na janela.
2026-09-08 19:00:33,276  INFO    cacador  Varredura BSB-FRA: 0 ofertas na janela.
2026-09-08 19:00:33,312  INFO    cacador  Varredura BSB-MUC: 0 ofertas na janela.
2026-09-08 19:00:33,345  INFO    cacador  Varredura BSB-BER: 0 ofertas na janela.
2026-09-08 19:00:33,378  INFO    cacador  Varredura BSB-VIE: 0 ofertas na janela.
2026-09-08 19:00:33,412  INFO    cacador  Varredura GRU-AMS: 0 ofertas na janela.
2026-09-08 19:00:33,447  INFO    cacador  Varredura GRU-CPH: 0 ofertas na janela.
2026-09-08 19:00:33,481  INFO    cacador  Varredura GRU-FRA: 0 ofertas na janela.
2026-09-08 19:00:33,524  INFO    cacador  Varredura GRU-MUC: 0 ofertas na janela.
2026-09-08 19:00:33,595  INFO    cacador  Varredura GRU-BER: 0 ofertas na janela.
2026-09-08 19:00:33,628  INFO    cacador  Varredura GRU-VIE: 0 ofertas na janela.
2026-09-08 19:00:33,661  INFO    cacador  Varredura GIG-AMS: 0 ofertas na janela.
2026-09-08 19:00:33,693  INFO    cacador  Varredura GIG-CPH: 0 ofertas na janela.
2026-09-08 19:00:33,730  INFO    cacador  Varredura GIG-FRA: 0 ofertas na janela.
2026-09-08 19:00:33,792  INFO    cacador  Varredura GIG-MUC: 0 ofertas na janela.
2026-09-08 19:00:33,823  INFO    cacador  Varredura GIG-BER: 0 ofertas na janela.
2026-09-08 19:00:33,891  INFO    cacador  Varredura GIG-VIE: 0 ofertas na janela.
2026-09-08 19:00:33,891  INFO    cacador  Varredura concluida: 0 ofertas gravadas.
2026-09-08 19:00:33,909  INFO    src.dashboard  Painel gerado em /home/runner/work/cacador-de-tarifas/cacador-de-tarifas/docs/index.html
2026-09-08 19:00:33,909  INFO    cacador  === Fim da rodada. Historico com 787 ofertas. ===
2026-09-08 19:43:29,151  INFO    cacador  === Rodada 'zoom' em 08/09/2026 16:43 ===
2026-09-08 19:43:29,157  INFO    cacador  Zoom em 2027-04-22 (desconto aparente de 26%).
2026-09-08 19:43:37,634  INFO    cacador  Cota: 51/250 buscas usadas neste mes.
2026-09-08 19:43:37,639  INFO    cacador  Alertas enviados nesta rodada: 0
2026-09-08 19:43:37,657  INFO    src.dashboard  Painel gerado em /home/runner/work/cacador-de-tarifas/cacador-de-tarifas/docs/index.html
2026-09-08 19:43:37,657  INFO    cacador  === Fim da rodada. Historico com 805 ofertas. ===
2026-09-09 00:55:57,701  INFO    cacador  === Rodada 'varredura' em 08/09/2026 21:55 ===
2026-09-09 00:55:57,941  INFO    cacador  Varredura BSB-AMS: 0 ofertas na janela.
2026-09-09 00:55:57,994  INFO    cacador  Varredura BSB-CPH: 0 ofertas na janela.
2026-09-09 00:55:58,055  INFO    cacador  Varredura BSB-FRA: 0 ofertas na janela.
2026-09-09 00:55:58,125  INFO    cacador  Varredura BSB-MUC: 0 ofertas na janela.
2026-09-09 00:55:58,163  INFO    cacador  Varredura BSB-BER: 0 ofertas na janela.
2026-09-09 00:55:58,216  INFO    cacador  Varredura BSB-VIE: 0 ofertas na janela.
2026-09-09 00:55:58,267  INFO    cacador  Varredura GRU-AMS: 0 ofertas na janela.
2026-09-09 00:55:58,306  INFO    cacador  Varredura GRU-CPH: 0 ofertas na janela.
2026-09-09 00:55:58,346  INFO    cacador  Varredura GRU-FRA: 0 ofertas na janela.
2026-09-09 00:55:58,391  INFO    cacador  Varredura GRU-MUC: 0 ofertas na janela.
2026-09-09 00:55:58,441  INFO    cacador  Varredura GRU-BER: 0 ofertas na janela.
2026-09-09 00:55:58,511  INFO    cacador  Varredura GRU-VIE: 0 ofertas na janela.
2026-09-09 00:55:58,562  INFO    cacador  Varredura GIG-AMS: 0 ofertas na janela.
2026-09-09 00:55:58,640  INFO    cacador  Varredura GIG-CPH: 0 ofertas na janela.
2026-09-09 00:55:58,686  INFO    cacador  Varredura GIG-FRA: 0 ofertas na janela.
2026-09-09 00:55:58,726  INFO    cacador  Varredura GIG-MUC: 0 ofertas na janela.
2026-09-09 00:55:58,770  INFO    cacador  Varredura GIG-BER: 0 ofertas na janela.
2026-09-09 00:55:58,817  INFO    cacador  Varredura GIG-VIE: 0 ofertas na janela.
2026-09-09 00:55:58,817  INFO    cacador  Varredura concluida: 0 ofertas gravadas.
2026-09-09 00:55:58,831  INFO    src.dashboard  Painel gerado em /home/runner/work/cacador-de-tarifas/cacador-de-tarifas/docs/index.html
2026-09-09 00:55:58,831  INFO    cacador  === Fim da rodada. Historico com 805 ofertas. ===
2026-09-09 02:35:49,917  INFO    cacador  === Rodada 'grade' em 08/09/2026 23:35 ===
2026-09-09 02:35:54,312  INFO    cacador  Cota: 52/250 buscas usadas neste mes.
2026-09-09 02:35:54,313  INFO    cacador  Grade 2027-04-19: 15 ofertas · faixa tipica do Google None
2026-09-09 02:35:59,293  INFO    cacador  Cota: 53/250 buscas usadas neste mes.
2026-09-09 02:35:59,294  INFO    cacador  Grade 2027-04-20: 14 ofertas · faixa tipica do Google None
2026-09-09 02:36:05,887  INFO    cacador  Cota: 54/250 buscas usadas neste mes.
2026-09-09 02:36:05,888  INFO    cacador  Grade 2027-04-21: 21 ofertas · faixa tipica do Google None
2026-09-09 02:36:05,898  INFO    cacador  Alertas enviados nesta rodada: 0
2026-09-09 02:36:05,917  INFO    src.dashboard  Painel gerado em /home/runner/work/cacador-de-tarifas/cacador-de-tarifas/docs/index.html
2026-09-09 02:36:05,917  INFO    cacador  === Fim da rodada. Historico com 855 ofertas. ===
2026-09-09 13:32:10,218  INFO    cacador  === Rodada 'varredura' em 09/09/2026 10:32 ===
2026-09-09 13:32:10,335  INFO    cacador  Varredura BSB-AMS: 0 ofertas na janela.
2026-09-09 13:32:10,398  INFO    cacador  Varredura BSB-CPH: 0 ofertas na janela.
2026-09-09 13:32:10,562  INFO    cacador  Varredura BSB-FRA: 0 ofertas na janela.
2026-09-09 13:32:10,744  INFO    cacador  Varredura BSB-MUC: 0 ofertas na janela.
2026-09-09 13:32:10,809  INFO    cacador  Varredura BSB-BER: 0 ofertas na janela.
2026-09-09 13:32:10,969  INFO    cacador  Varredura BSB-VIE: 0 ofertas na janela.
2026-09-09 13:32:11,042  INFO    cacador  Varredura GRU-AMS: 0 ofertas na janela.
2026-09-09 13:32:11,225  INFO    cacador  Varredura GRU-CPH: 0 ofertas na janela.
2026-09-09 13:32:11,292  INFO    cacador  Varredura GRU-FRA: 0 ofertas na janela.
2026-09-09 13:32:11,449  INFO    cacador  Varredura GRU-MUC: 0 ofertas na janela.
2026-09-09 13:32:11,513  INFO    cacador  Varredura GRU-BER: 0 ofertas na janela.
2026-09-09 13:32:11,676  INFO    cacador  Varredura GRU-VIE: 0 ofertas na janela.
2026-09-09 13:32:11,821  INFO    cacador  Varredura GIG-AMS: 0 ofertas na janela.
2026-09-09 13:32:11,991  INFO    cacador  Varredura GIG-CPH: 0 ofertas na janela.
2026-09-09 13:32:12,150  INFO    cacador  Varredura GIG-FRA: 0 ofertas na janela.
2026-09-09 13:32:12,325  INFO    cacador  Varredura GIG-MUC: 0 ofertas na janela.
2026-09-09 13:32:12,486  INFO    cacador  Varredura GIG-BER: 0 ofertas na janela.
2026-09-09 13:32:12,646  INFO    cacador  Varredura GIG-VIE: 0 ofertas na janela.
2026-09-09 13:32:12,646  INFO    cacador  Varredura concluida: 0 ofertas gravadas.
2026-09-09 13:32:12,665  INFO    src.dashboard  Painel gerado em /home/runner/work/cacador-de-tarifas/cacador-de-tarifas/docs/index.html
2026-09-09 13:32:12,665  INFO    cacador  === Fim da rodada. Historico com 855 ofertas. ===
2026-09-09 14:55:15,713  INFO    cacador  === Rodada 'grade' em 09/09/2026 11:55 ===
2026-09-09 14:55:19,836  INFO    cacador  Cota: 55/250 buscas usadas neste mes.
2026-09-09 14:55:19,837  INFO    cacador  Grade 2027-04-22: 18 ofertas · faixa tipica do Google None
2026-09-09 14:55:24,869  INFO    cacador  Cota: 56/250 buscas usadas neste mes.
2026-09-09 14:55:24,870  INFO    cacador  Grade 2027-04-23: 15 ofertas · faixa tipica do Google None
2026-09-09 14:55:29,355  INFO    cacador  Cota: 57/250 buscas usadas neste mes.
2026-09-09 14:55:29,356  INFO    cacador  Grade 2027-04-13: 16 ofertas · faixa tipica do Google None
2026-09-09 14:55:34,694  INFO    cacador  Cota: 58/250 buscas usadas neste mes.
2026-09-09 14:55:34,695  INFO    cacador  Grade 2027-04-14: 19 ofertas · faixa tipica do Google None
2026-09-09 14:55:44,164  INFO    cacador  Cota: 59/250 buscas usadas neste mes.
2026-09-09 14:55:44,165  INFO    cacador  Comparativo ida e volta (2027-04-18 → 2027-04-25): a partir de R$ 4819
2026-09-09 14:55:44,178  INFO    cacador  Alertas enviados nesta rodada: 0
2026-09-09 14:55:44,196  INFO    src.dashboard  Painel gerado em /home/runner/work/cacador-de-tarifas/cacador-de-tarifas/docs/index.html
2026-09-09 14:55:44,196  INFO    cacador  === Fim da rodada. Historico com 936 ofertas. ===
2026-09-09 18:52:58,891  INFO    cacador  === Rodada 'varredura' em 09/09/2026 15:52 ===
2026-09-09 18:52:59,084  INFO    cacador  Varredura BSB-AMS: 0 ofertas na janela.
2026-09-09 18:52:59,188  INFO    cacador  Varredura BSB-CPH: 0 ofertas na janela.
2026-09-09 18:52:59,329  INFO    cacador  Varredura BSB-FRA: 0 ofertas na janela.
2026-09-09 18:52:59,434  INFO    cacador  Varredura BSB-MUC: 0 ofertas na janela.
2026-09-09 18:52:59,545  INFO    cacador  Varredura BSB-BER: 0 ofertas na janela.
2026-09-09 18:52:59,604  INFO    cacador  Varredura BSB-VIE: 0 ofertas na janela.
2026-09-09 18:52:59,707  INFO    cacador  Varredura GRU-AMS: 0 ofertas na janela.
2026-09-09 18:52:59,814  INFO    cacador  Varredura GRU-CPH: 0 ofertas na janela.
2026-09-09 18:52:59,892  INFO    cacador  Varredura GRU-FRA: 0 ofertas na janela.
2026-09-09 18:53:00,002  INFO    cacador  Varredura GRU-MUC: 0 ofertas na janela.
2026-09-09 18:53:00,075  INFO    cacador  Varredura GRU-BER: 0 ofertas na janela.
2026-09-09 18:53:00,179  INFO    cacador  Varredura GRU-VIE: 0 ofertas na janela.
2026-09-09 18:53:00,233  INFO    cacador  Varredura GIG-AMS: 0 ofertas na janela.
2026-09-09 18:53:00,336  INFO    cacador  Varredura GIG-CPH: 0 ofertas na janela.
2026-09-09 18:53:00,439  INFO    cacador  Varredura GIG-FRA: 0 ofertas na janela.
2026-09-09 18:53:00,493  INFO    cacador  Varredura GIG-MUC: 0 ofertas na janela.
2026-09-09 18:53:00,547  INFO    cacador  Varredura GIG-BER: 0 ofertas na janela.
2026-09-09 18:53:00,667  INFO    cacador  Varredura GIG-VIE: 0 ofertas na janela.
2026-09-09 18:53:00,667  INFO    cacador  Varredura concluida: 0 ofertas gravadas.
2026-09-09 18:53:00,688  INFO    src.dashboard  Painel gerado em /home/runner/work/cacador-de-tarifas/cacador-de-tarifas/docs/index.html
2026-09-09 18:53:00,688  INFO    cacador  === Fim da rodada. Historico com 936 ofertas. ===
2026-09-09 19:35:48,566  INFO    cacador  === Rodada 'zoom' em 09/09/2026 16:35 ===
2026-09-09 19:35:48,571  INFO    cacador  Zoom em 2027-04-22 (desconto aparente de 26%).
2026-09-09 19:35:54,098  INFO    cacador  Cota: 60/250 buscas usadas neste mes.
2026-09-09 19:35:54,102  INFO    cacador  Alertas enviados nesta rodada: 0
2026-09-09 19:35:54,114  INFO    src.dashboard  Painel gerado em /home/runner/work/cacador-de-tarifas/cacador-de-tarifas/docs/index.html
2026-09-09 19:35:54,114  INFO    cacador  === Fim da rodada. Historico com 954 ofertas. ===
2026-09-10 00:44:18,531  INFO    cacador  === Rodada 'varredura' em 09/09/2026 21:44 ===
2026-09-10 00:44:18,751  INFO    cacador  Varredura BSB-AMS: 0 ofertas na janela.
2026-09-10 00:44:18,778  INFO    cacador  Varredura BSB-CPH: 0 ofertas na janela.
2026-09-10 00:44:18,838  INFO    cacador  Varredura BSB-FRA: 0 ofertas na janela.
2026-09-10 00:44:18,889  INFO    cacador  Varredura BSB-MUC: 0 ofertas na janela.
2026-09-10 00:44:18,936  INFO    cacador  Varredura BSB-BER: 0 ofertas na janela.
2026-09-10 00:44:18,983  INFO    cacador  Varredura BSB-VIE: 0 ofertas na janela.
2026-09-10 00:44:19,047  INFO    cacador  Varredura GRU-AMS: 0 ofertas na janela.
2026-09-10 00:44:19,115  INFO    cacador  Varredura GRU-CPH: 0 ofertas na janela.
2026-09-10 00:44:19,194  INFO    cacador  Varredura GRU-FRA: 0 ofertas na janela.
2026-09-10 00:44:19,222  INFO    cacador  Varredura GRU-MUC: 0 ofertas na janela.
2026-09-10 00:44:19,273  INFO    cacador  Varredura GRU-BER: 0 ofertas na janela.
2026-09-10 00:44:19,321  INFO    cacador  Varredura GRU-VIE: 0 ofertas na janela.
2026-09-10 00:44:19,368  INFO    cacador  Varredura GIG-AMS: 0 ofertas na janela.
2026-09-10 00:44:19,419  INFO    cacador  Varredura GIG-CPH: 0 ofertas na janela.
2026-09-10 00:44:19,445  INFO    cacador  Varredura GIG-FRA: 0 ofertas na janela.
2026-09-10 00:44:19,493  INFO    cacador  Varredura GIG-MUC: 0 ofertas na janela.
2026-09-10 00:44:19,523  INFO    cacador  Varredura GIG-BER: 0 ofertas na janela.
2026-09-10 00:44:19,573  INFO    cacador  Varredura GIG-VIE: 0 ofertas na janela.
2026-09-10 00:44:19,573  INFO    cacador  Varredura concluida: 0 ofertas gravadas.
2026-09-10 00:44:19,592  INFO    src.dashboard  Painel gerado em /home/runner/work/cacador-de-tarifas/cacador-de-tarifas/docs/index.html
2026-09-10 00:44:19,592  INFO    cacador  === Fim da rodada. Historico com 954 ofertas. ===
2026-09-10 02:37:33,895  INFO    cacador  === Rodada 'grade' em 09/09/2026 23:37 ===
2026-09-10 02:37:39,057  INFO    cacador  Cota: 61/250 buscas usadas neste mes.
2026-09-10 02:37:39,058  INFO    cacador  Grade 2027-04-15: 11 ofertas · faixa tipica do Google None
2026-09-10 02:37:46,429  INFO    cacador  Cota: 62/250 buscas usadas neste mes.
2026-09-10 02:37:46,430  INFO    cacador  Grade 2027-04-16: 13 ofertas · faixa tipica do Google None
2026-09-10 02:37:53,274  INFO    cacador  Cota: 63/250 buscas usadas neste mes.
2026-09-10 02:37:53,275  INFO    cacador  Grade 2027-04-17: 8 ofertas · faixa tipica do Google None
2026-09-10 02:37:53,282  INFO    cacador  Alertas enviados nesta rodada: 0
2026-09-10 02:37:53,302  INFO    src.dashboard  Painel gerado em /home/runner/work/cacador-de-tarifas/cacador-de-tarifas/docs/index.html
2026-09-10 02:37:53,302  INFO    cacador  === Fim da rodada. Historico com 986 ofertas. ===
2026-09-10 13:22:52,812  INFO    cacador  === Rodada 'varredura' em 10/09/2026 10:22 ===
2026-09-10 13:22:53,022  INFO    cacador  Varredura BSB-AMS: 0 ofertas na janela.
2026-09-10 13:22:53,046  INFO    cacador  Varredura BSB-CPH: 0 ofertas na janela.
2026-09-10 13:22:53,081  INFO    cacador  Varredura BSB-FRA: 0 ofertas na janela.
2026-09-10 13:22:53,129  INFO    cacador  Varredura BSB-MUC: 0 ofertas na janela.
2026-09-10 13:22:53,180  INFO    cacador  Varredura BSB-BER: 0 ofertas na janela.
2026-09-10 13:22:53,204  INFO    cacador  Varredura BSB-VIE: 0 ofertas na janela.
2026-09-10 13:22:53,255  INFO    cacador  Varredura GRU-AMS: 0 ofertas na janela.
2026-09-10 13:22:53,307  INFO    cacador  Varredura GRU-CPH: 0 ofertas na janela.
2026-09-10 13:22:53,337  INFO    cacador  Varredura GRU-FRA: 0 ofertas na janela.
2026-09-10 13:22:53,361  INFO    cacador  Varredura GRU-MUC: 0 ofertas na janela.
2026-09-10 13:22:53,393  INFO    cacador  Varredura GRU-BER: 0 ofertas na janela.
2026-09-10 13:22:53,454  INFO    cacador  Varredura GRU-VIE: 0 ofertas na janela.
2026-09-10 13:22:53,529  INFO    cacador  Varredura GIG-AMS: 0 ofertas na janela.
2026-09-10 13:22:53,612  INFO    cacador  Varredura GIG-CPH: 0 ofertas na janela.
2026-09-10 13:22:53,664  INFO    cacador  Varredura GIG-FRA: 0 ofertas na janela.
2026-09-10 13:22:53,689  INFO    cacador  Varredura GIG-MUC: 0 ofertas na janela.
2026-09-10 13:22:53,739  INFO    cacador  Varredura GIG-BER: 0 ofertas na janela.
2026-09-10 13:22:53,789  INFO    cacador  Varredura GIG-VIE: 0 ofertas na janela.
2026-09-10 13:22:53,789  INFO    cacador  Varredura concluida: 0 ofertas gravadas.
2026-09-10 13:22:53,810  INFO    src.dashboard  Painel gerado em /home/runner/work/cacador-de-tarifas/cacador-de-tarifas/docs/index.html
2026-09-10 13:22:53,811  INFO    cacador  === Fim da rodada. Historico com 986 ofertas. ===
2026-09-10 14:42:16,938  INFO    cacador  === Rodada 'grade' em 10/09/2026 11:42 ===
2026-09-10 14:42:26,160  INFO    cacador  Cota: 64/250 buscas usadas neste mes.
2026-09-10 14:42:26,160  INFO    cacador  Grade 2027-04-18: 11 ofertas · faixa tipica do Google None
2026-09-10 14:42:33,656  INFO    cacador  Cota: 65/250 buscas usadas neste mes.
2026-09-10 14:42:33,657  INFO    cacador  Grade 2027-04-19: 13 ofertas · faixa tipica do Google None
2026-09-10 14:42:39,488  INFO    cacador  Cota: 66/250 buscas usadas neste mes.
2026-09-10 14:42:39,489  INFO    cacador  Grade 2027-04-20: 11 ofertas · faixa tipica do Google None
2026-09-10 14:42:44,720  INFO    cacador  Cota: 67/250 buscas usadas neste mes.
2026-09-10 14:42:44,720  INFO    cacador  Grade 2027-04-21: 18 ofertas · faixa tipica do Google None
2026-09-10 14:42:51,926  INFO    cacador  Cota: 68/250 buscas usadas neste mes.
2026-09-10 14:42:51,927  INFO    cacador  Comparativo ida e volta (2027-04-18 → 2027-04-25): a partir de R$ 4823
2026-09-10 14:42:51,935  INFO    cacador  Alertas enviados nesta rodada: 0
2026-09-10 14:42:51,950  INFO    src.dashboard  Painel gerado em /home/runner/work/cacador-de-tarifas/cacador-de-tarifas/docs/index.html
2026-09-10 14:42:51,950  INFO    cacador  === Fim da rodada. Historico com 1053 ofertas. ===
2026-09-10 18:42:46,847  INFO    cacador  === Rodada 'varredura' em 10/09/2026 15:42 ===
2026-09-10 18:42:47,027  INFO    cacador  Varredura BSB-AMS: 0 ofertas na janela.
2026-09-10 18:42:47,060  INFO    cacador  Varredura BSB-CPH: 0 ofertas na janela.
2026-09-10 18:42:47,114  INFO    cacador  Varredura BSB-FRA: 0 ofertas na janela.
2026-09-10 18:42:47,170  INFO    cacador  Varredura BSB-MUC: 0 ofertas na janela.
2026-09-10 18:42:47,226  INFO    cacador  Varredura BSB-BER: 0 ofertas na janela.
2026-09-10 18:42:47,285  INFO    cacador  Varredura BSB-VIE: 0 ofertas na janela.
2026-09-10 18:42:47,321  INFO    cacador  Varredura GRU-AMS: 0 ofertas na janela.
2026-09-10 18:42:47,378  INFO    cacador  Varredura GRU-CPH: 0 ofertas na janela.
2026-09-10 18:42:47,431  INFO    cacador  Varredura GRU-FRA: 0 ofertas na janela.
2026-09-10 18:42:47,493  INFO    cacador  Varredura GRU-MUC: 0 ofertas na janela.
2026-09-10 18:42:47,549  INFO    cacador  Varredura GRU-BER: 0 ofertas na janela.
2026-09-10 18:42:47,608  INFO    cacador  Varredura GRU-VIE: 0 ofertas na janela.
2026-09-10 18:42:47,661  INFO    cacador  Varredura GIG-AMS: 0 ofertas na janela.
2026-09-10 18:42:47,719  INFO    cacador  Varredura GIG-CPH: 0 ofertas na janela.
2026-09-10 18:42:47,752  INFO    cacador  Varredura GIG-FRA: 0 ofertas na janela.
2026-09-10 18:42:47,809  INFO    cacador  Varredura GIG-MUC: 0 ofertas na janela.
2026-09-10 18:42:47,868  INFO    cacador  Varredura GIG-BER: 0 ofertas na janela.
2026-09-10 18:42:47,899  INFO    cacador  Varredura GIG-VIE: 0 ofertas na janela.
2026-09-10 18:42:47,899  INFO    cacador  Varredura concluida: 0 ofertas gravadas.
2026-09-10 18:42:47,916  INFO    src.dashboard  Painel gerado em /home/runner/work/cacador-de-tarifas/cacador-de-tarifas/docs/index.html
2026-09-10 18:42:47,916  INFO    cacador  === Fim da rodada. Historico com 1053 ofertas. ===
2026-09-10 19:27:06,725  INFO    cacador  === Rodada 'zoom' em 10/09/2026 16:27 ===
2026-09-10 19:27:06,732  INFO    cacador  Zoom em 2027-04-22 (desconto aparente de 26%).
2026-09-10 19:27:12,562  INFO    cacador  Cota: 69/250 buscas usadas neste mes.
2026-09-10 19:27:12,568  INFO    cacador  Alertas enviados nesta rodada: 0
2026-09-10 19:27:12,589  INFO    src.dashboard  Painel gerado em /home/runner/work/cacador-de-tarifas/cacador-de-tarifas/docs/index.html
2026-09-10 19:27:12,589  INFO    cacador  === Fim da rodada. Historico com 1071 ofertas. ===
2026-09-11 00:43:36,233  INFO    cacador  === Rodada 'varredura' em 10/09/2026 21:43 ===
2026-09-11 00:43:36,363  INFO    cacador  Varredura BSB-AMS: 0 ofertas na janela.
2026-09-11 00:43:36,392  INFO    cacador  Varredura BSB-CPH: 0 ofertas na janela.
2026-09-11 00:43:36,433  INFO    cacador  Varredura BSB-FRA: 0 ofertas na janela.
2026-09-11 00:43:36,463  INFO    cacador  Varredura BSB-MUC: 0 ofertas na janela.
2026-09-11 00:43:36,491  INFO    cacador  Varredura BSB-BER: 0 ofertas na janela.
2026-09-11 00:43:36,521  INFO    cacador  Varredura BSB-VIE: 0 ofertas na janela.
2026-09-11 00:43:36,550  INFO    cacador  Varredura GRU-AMS: 0 ofertas na janela.
2026-09-11 00:43:36,605  INFO    cacador  Varredura GRU-CPH: 0 ofertas na janela.
2026-09-11 00:43:36,634  INFO    cacador  Varredura GRU-FRA: 0 ofertas na janela.
2026-09-11 00:43:36,669  INFO    cacador  Varredura GRU-MUC: 0 ofertas na janela.
2026-09-11 00:43:36,699  INFO    cacador  Varredura GRU-BER: 0 ofertas na janela.
2026-09-11 00:43:36,761  INFO    cacador  Varredura GRU-VIE: 0 ofertas na janela.
2026-09-11 00:43:36,788  INFO    cacador  Varredura GIG-AMS: 0 ofertas na janela.
2026-09-11 00:43:36,846  INFO    cacador  Varredura GIG-CPH: 0 ofertas na janela.
2026-09-11 00:43:36,898  INFO    cacador  Varredura GIG-FRA: 0 ofertas na janela.
2026-09-11 00:43:36,954  INFO    cacador  Varredura GIG-MUC: 0 ofertas na janela.
2026-09-11 00:43:36,986  INFO    cacador  Varredura GIG-BER: 0 ofertas na janela.
2026-09-11 00:43:37,015  INFO    cacador  Varredura GIG-VIE: 0 ofertas na janela.
2026-09-11 00:43:37,015  INFO    cacador  Varredura concluida: 0 ofertas gravadas.
2026-09-11 00:43:37,037  INFO    src.dashboard  Painel gerado em /home/runner/work/cacador-de-tarifas/cacador-de-tarifas/docs/index.html
2026-09-11 00:43:37,037  INFO    cacador  === Fim da rodada. Historico com 1071 ofertas. ===
2026-09-11 02:31:06,749  INFO    cacador  === Rodada 'grade' em 10/09/2026 23:31 ===
2026-09-11 02:31:11,011  INFO    cacador  Cota: 70/250 buscas usadas neste mes.
2026-09-11 02:31:11,012  INFO    cacador  Grade 2027-04-22: 18 ofertas · faixa tipica do Google None
2026-09-11 02:31:19,970  INFO    cacador  Cota: 71/250 buscas usadas neste mes.
2026-09-11 02:31:19,970  INFO    cacador  Grade 2027-04-23: 15 ofertas · faixa tipica do Google None
2026-09-11 02:31:25,217  INFO    cacador  Cota: 72/250 buscas usadas neste mes.
2026-09-11 02:31:25,218  INFO    cacador  Grade 2027-04-13: 14 ofertas · faixa tipica do Google None
2026-09-11 02:31:25,228  INFO    cacador  Alertas enviados nesta rodada: 0
2026-09-11 02:31:25,249  INFO    src.dashboard  Painel gerado em /home/runner/work/cacador-de-tarifas/cacador-de-tarifas/docs/index.html
2026-09-11 02:31:25,249  INFO    cacador  === Fim da rodada. Historico com 1118 ofertas. ===
2026-09-11 13:21:43,206  INFO    cacador  === Rodada 'varredura' em 11/09/2026 10:21 ===
2026-09-11 13:21:43,371  INFO    cacador  Varredura BSB-AMS: 0 ofertas na janela.
2026-09-11 13:21:43,508  INFO    cacador  Varredura BSB-CPH: 0 ofertas na janela.
2026-09-11 13:21:43,615  INFO    cacador  Varredura BSB-FRA: 0 ofertas na janela.
2026-09-11 13:21:43,729  INFO    cacador  Varredura BSB-MUC: 0 ofertas na janela.
2026-09-11 13:21:43,840  INFO    cacador  Varredura BSB-BER: 0 ofertas na janela.
2026-09-11 13:21:43,916  INFO    cacador  Varredura BSB-VIE: 0 ofertas na janela.
2026-09-11 13:21:44,050  INFO    cacador  Varredura GRU-AMS: 0 ofertas na janela.
2026-09-11 13:21:44,112  INFO    cacador  Varredura GRU-CPH: 0 ofertas na janela.
2026-09-11 13:21:44,221  INFO    cacador  Varredura GRU-FRA: 0 ofertas na janela.
2026-09-11 13:21:44,331  INFO    cacador  Varredura GRU-MUC: 0 ofertas na janela.
2026-09-11 13:21:44,449  INFO    cacador  Varredura GRU-BER: 0 ofertas na janela.
2026-09-11 13:21:44,556  INFO    cacador  Varredura GRU-VIE: 0 ofertas na janela.
2026-09-11 13:21:44,619  INFO    cacador  Varredura GIG-AMS: 0 ofertas na janela.
2026-09-11 13:21:44,682  INFO    cacador  Varredura GIG-CPH: 0 ofertas na janela.
2026-09-11 13:21:44,803  INFO    cacador  Varredura GIG-FRA: 0 ofertas na janela.
2026-09-11 13:21:44,940  INFO    cacador  Varredura GIG-MUC: 0 ofertas na janela.
2026-09-11 13:21:45,057  INFO    cacador  Varredura GIG-BER: 0 ofertas na janela.
2026-09-11 13:21:45,172  INFO    cacador  Varredura GIG-VIE: 0 ofertas na janela.
2026-09-11 13:21:45,172  INFO    cacador  Varredura concluida: 0 ofertas gravadas.
2026-09-11 13:21:45,185  INFO    src.dashboard  Painel gerado em /home/runner/work/cacador-de-tarifas/cacador-de-tarifas/docs/index.html
2026-09-11 13:21:45,185  INFO    cacador  === Fim da rodada. Historico com 1118 ofertas. ===
2026-09-11 14:43:04,378  INFO    cacador  === Rodada 'grade' em 11/09/2026 11:43 ===
2026-09-11 14:43:11,625  INFO    cacador  Cota: 73/250 buscas usadas neste mes.
2026-09-11 14:43:11,626  INFO    cacador  Grade 2027-04-14: 15 ofertas · faixa tipica do Google None
2026-09-11 14:43:16,664  INFO    cacador  Cota: 74/250 buscas usadas neste mes.
2026-09-11 14:43:16,665  INFO    cacador  Grade 2027-04-15: 11 ofertas · faixa tipica do Google None
2026-09-11 14:43:21,020  INFO    cacador  Cota: 75/250 buscas usadas neste mes.
2026-09-11 14:43:21,021  INFO    cacador  Grade 2027-04-16: 12 ofertas · faixa tipica do Google None
2026-09-11 14:43:26,370  INFO    cacador  Cota: 76/250 buscas usadas neste mes.
2026-09-11 14:43:26,371  INFO    cacador  Grade 2027-04-17: 12 ofertas · faixa tipica do Google None
2026-09-11 14:43:39,474  INFO    cacador  Cota: 77/250 buscas usadas neste mes.
2026-09-11 14:43:39,475  INFO    cacador  Comparativo ida e volta (2027-04-18 → 2027-04-25): a partir de R$ 4839
2026-09-11 14:43:39,485  INFO    cacador  Alertas enviados nesta rodada: 0
2026-09-11 14:43:39,505  INFO    src.dashboard  Painel gerado em /home/runner/work/cacador-de-tarifas/cacador-de-tarifas/docs/index.html
2026-09-11 14:43:39,505  INFO    cacador  === Fim da rodada. Historico com 1181 ofertas. ===
2026-09-11 18:46:26,717  INFO    cacador  === Rodada 'varredura' em 11/09/2026 15:46 ===
2026-09-11 18:46:26,858  INFO    cacador  Varredura BSB-AMS: 0 ofertas na janela.
2026-09-11 18:46:26,928  INFO    cacador  Varredura BSB-CPH: 0 ofertas na janela.
2026-09-11 18:46:27,028  INFO    cacador  Varredura BSB-FRA: 0 ofertas na janela.
2026-09-11 18:46:27,151  INFO    cacador  Varredura BSB-MUC: 0 ofertas na janela.
2026-09-11 18:46:27,251  INFO    cacador  Varredura BSB-BER: 0 ofertas na janela.
2026-09-11 18:46:27,315  INFO    cacador  Varredura BSB-VIE: 0 ofertas na janela.
2026-09-11 18:46:27,417  INFO    cacador  Varredura GRU-AMS: 0 ofertas na janela.
2026-09-11 18:46:27,518  INFO    cacador  Varredura GRU-CPH: 0 ofertas na janela.
2026-09-11 18:46:27,623  INFO    cacador  Varredura GRU-FRA: 0 ofertas na janela.
2026-09-11 18:46:27,726  INFO    cacador  Varredura GRU-MUC: 0 ofertas na janela.
2026-09-11 18:46:27,778  INFO    cacador  Varredura GRU-BER: 0 ofertas na janela.
2026-09-11 18:46:27,879  INFO    cacador  Varredura GRU-VIE: 0 ofertas na janela.
2026-09-11 18:46:27,930  INFO    cacador  Varredura GIG-AMS: 0 ofertas na janela.
2026-09-11 18:46:28,031  INFO    cacador  Varredura GIG-CPH: 0 ofertas na janela.
2026-09-11 18:46:28,132  INFO    cacador  Varredura GIG-FRA: 0 ofertas na janela.
2026-09-11 18:46:28,261  INFO    cacador  Varredura GIG-MUC: 0 ofertas na janela.
2026-09-11 18:46:28,314  INFO    cacador  Varredura GIG-BER: 0 ofertas na janela.
2026-09-11 18:46:28,415  INFO    cacador  Varredura GIG-VIE: 0 ofertas na janela.
2026-09-11 18:46:28,415  INFO    cacador  Varredura concluida: 0 ofertas gravadas.
2026-09-11 18:46:28,437  INFO    src.dashboard  Painel gerado em /home/runner/work/cacador-de-tarifas/cacador-de-tarifas/docs/index.html
2026-09-11 18:46:28,437  INFO    cacador  === Fim da rodada. Historico com 1181 ofertas. ===
2026-09-11 19:27:01,169  INFO    cacador  === Rodada 'zoom' em 11/09/2026 16:27 ===
2026-09-11 19:27:01,175  INFO    cacador  Zoom em 2027-04-22 (desconto aparente de 22%).
2026-09-11 19:27:05,369  INFO    cacador  Cota: 78/250 buscas usadas neste mes.
2026-09-11 19:27:05,373  INFO    cacador  Alertas enviados nesta rodada: 0
2026-09-11 19:27:05,390  INFO    src.dashboard  Painel gerado em /home/runner/work/cacador-de-tarifas/cacador-de-tarifas/docs/index.html
2026-09-11 19:27:05,390  INFO    cacador  === Fim da rodada. Historico com 1199 ofertas. ===
2026-09-12 00:49:19,883  INFO    cacador  === Rodada 'varredura' em 11/09/2026 21:49 ===
2026-09-12 00:49:20,166  INFO    cacador  Varredura BSB-AMS: 0 ofertas na janela.
2026-09-12 00:49:20,189  INFO    cacador  Varredura BSB-CPH: 0 ofertas na janela.
2026-09-12 00:49:20,233  INFO    cacador  Varredura BSB-FRA: 0 ofertas na janela.
2026-09-12 00:49:20,277  INFO    cacador  Varredura BSB-MUC: 0 ofertas na janela.
2026-09-12 00:49:20,320  INFO    cacador  Varredura BSB-BER: 0 ofertas na janela.
2026-09-12 00:49:20,364  INFO    cacador  Varredura BSB-VIE: 0 ofertas na janela.
2026-09-12 00:49:20,386  INFO    cacador  Varredura GRU-AMS: 0 ofertas na janela.
2026-09-12 00:49:20,430  INFO    cacador  Varredura GRU-CPH: 0 ofertas na janela.
2026-09-12 00:49:20,453  INFO    cacador  Varredura GRU-FRA: 0 ofertas na janela.
2026-09-12 00:49:20,497  INFO    cacador  Varredura GRU-MUC: 0 ofertas na janela.
2026-09-12 00:49:20,543  INFO    cacador  Varredura GRU-BER: 0 ofertas na janela.
2026-09-12 00:49:20,589  INFO    cacador  Varredura GRU-VIE: 0 ofertas na janela.
2026-09-12 00:49:20,612  INFO    cacador  Varredura GIG-AMS: 0 ofertas na janela.
2026-09-12 00:49:20,655  INFO    cacador  Varredura GIG-CPH: 0 ofertas na janela.
2026-09-12 00:49:20,766  INFO    cacador  Varredura GIG-FRA: 0 ofertas na janela.
2026-09-12 00:49:20,789  INFO    cacador  Varredura GIG-MUC: 0 ofertas na janela.
2026-09-12 00:49:20,811  INFO    cacador  Varredura GIG-BER: 0 ofertas na janela.
2026-09-12 00:49:20,834  INFO    cacador  Varredura GIG-VIE: 0 ofertas na janela.
2026-09-12 00:49:20,834  INFO    cacador  Varredura concluida: 0 ofertas gravadas.
2026-09-12 00:49:20,852  INFO    src.dashboard  Painel gerado em /home/runner/work/cacador-de-tarifas/cacador-de-tarifas/docs/index.html
2026-09-12 00:49:20,852  INFO    cacador  === Fim da rodada. Historico com 1199 ofertas. ===
2026-09-12 02:39:53,580  INFO    cacador  === Rodada 'grade' em 11/09/2026 23:39 ===
2026-09-12 02:40:01,574  INFO    cacador  Cota: 79/250 buscas usadas neste mes.
2026-09-12 02:40:01,575  INFO    cacador  Grade 2027-04-18: 11 ofertas · faixa tipica do Google None
2026-09-12 02:40:11,279  INFO    cacador  Cota: 80/250 buscas usadas neste mes.
2026-09-12 02:40:11,280  INFO    cacador  Grade 2027-04-19: 12 ofertas · faixa tipica do Google None
2026-09-12 02:40:16,017  INFO    cacador  Cota: 81/250 buscas usadas neste mes.
2026-09-12 02:40:16,018  INFO    cacador  Grade 2027-04-20: 13 ofertas · faixa tipica do Google None
2026-09-12 02:40:16,689  INFO    cacador  ALERTA enviado: GIG-AMS 2027-04-18 R$3781 score 94 (score excelente)
2026-09-12 02:40:17,269  INFO    cacador  ALERTA enviado: GRU-AMS 2027-04-18 R$3426 score 82 (lembrete: continua disponivel ha 7 dias)
2026-09-12 02:40:17,270  INFO    cacador  Alertas enviados nesta rodada: 2
2026-09-12 02:40:17,293  INFO    src.dashboard  Painel gerado em /home/runner/work/cacador-de-tarifas/cacador-de-tarifas/docs/index.html
2026-09-12 02:40:17,294  INFO    cacador  === Fim da rodada. Historico com 1235 ofertas. ===
2026-09-12 12:43:03,332  INFO    cacador  === Rodada 'varredura' em 12/09/2026 09:43 ===
2026-09-12 12:43:03,552  INFO    cacador  Varredura BSB-AMS: 0 ofertas na janela.
2026-09-12 12:43:03,613  INFO    cacador  Varredura BSB-CPH: 0 ofertas na janela.
2026-09-12 12:43:03,780  INFO    cacador  Varredura BSB-FRA: 0 ofertas na janela.
2026-09-12 12:43:03,840  INFO    cacador  Varredura BSB-MUC: 0 ofertas na janela.
2026-09-12 12:43:03,899  INFO    cacador  Varredura BSB-BER: 0 ofertas na janela.
2026-09-12 12:43:04,060  INFO    cacador  Varredura BSB-VIE: 0 ofertas na janela.
2026-09-12 12:43:04,121  INFO    cacador  Varredura GRU-AMS: 0 ofertas na janela.
2026-09-12 12:43:04,186  INFO    cacador  Varredura GRU-CPH: 0 ofertas na janela.
2026-09-12 12:43:04,346  INFO    cacador  Varredura GRU-FRA: 0 ofertas na janela.
2026-09-12 12:43:04,410  INFO    cacador  Varredura GRU-MUC: 0 ofertas na janela.
2026-09-12 12:43:04,472  INFO    cacador  Varredura GRU-BER: 0 ofertas na janela.
2026-09-12 12:43:04,642  INFO    cacador  Varredura GRU-VIE: 0 ofertas na janela.
2026-09-12 12:43:04,806  INFO    cacador  Varredura GIG-AMS: 0 ofertas na janela.
2026-09-12 12:43:04,866  INFO    cacador  Varredura GIG-CPH: 0 ofertas na janela.
2026-09-12 12:43:04,961  INFO    cacador  Varredura GIG-FRA: 0 ofertas na janela.
2026-09-12 12:43:05,034  INFO    cacador  Varredura GIG-MUC: 0 ofertas na janela.
2026-09-12 12:43:05,209  INFO    cacador  Varredura GIG-BER: 0 ofertas na janela.
2026-09-12 12:43:05,376  INFO    cacador  Varredura GIG-VIE: 0 ofertas na janela.
2026-09-12 12:43:05,376  INFO    cacador  Varredura concluida: 0 ofertas gravadas.
2026-09-12 12:43:05,401  INFO    src.dashboard  Painel gerado em /home/runner/work/cacador-de-tarifas/cacador-de-tarifas/docs/index.html
2026-09-12 12:43:05,401  INFO    cacador  === Fim da rodada. Historico com 1235 ofertas. ===
2026-09-12 13:48:48,058  INFO    cacador  === Rodada 'grade' em 12/09/2026 10:48 ===
2026-09-12 13:48:52,462  INFO    cacador  Cota: 82/250 buscas usadas neste mes.
2026-09-12 13:48:52,463  INFO    cacador  Grade 2027-04-21: 23 ofertas · faixa tipica do Google None
2026-09-12 13:48:57,793  INFO    cacador  Cota: 83/250 buscas usadas neste mes.
2026-09-12 13:48:57,793  INFO    cacador  Grade 2027-04-22: 17 ofertas · faixa tipica do Google None
2026-09-12 13:49:02,334  INFO    cacador  Cota: 84/250 buscas usadas neste mes.
2026-09-12 13:49:02,335  INFO    cacador  Grade 2027-04-23: 16 ofertas · faixa tipica do Google None
2026-09-12 13:49:07,139  INFO    cacador  Cota: 85/250 buscas usadas neste mes.
2026-09-12 13:49:07,139  INFO    cacador  Grade 2027-04-13: 12 ofertas · faixa tipica do Google None
2026-09-12 13:49:15,995  INFO    cacador  Cota: 86/250 buscas usadas neste mes.
2026-09-12 13:49:15,996  INFO    cacador  Comparativo ida e volta (2027-04-18 → 2027-04-25): a partir de R$ 4823
2026-09-12 13:49:16,007  INFO    cacador  Alertas enviados nesta rodada: 0
2026-09-12 13:49:16,025  INFO    src.dashboard  Painel gerado em /home/runner/work/cacador-de-tarifas/cacador-de-tarifas/docs/index.html
2026-09-12 13:49:16,025  INFO    cacador  === Fim da rodada. Historico com 1314 ofertas. ===
2026-09-12 17:53:57,063  INFO    cacador  === Rodada 'varredura' em 12/09/2026 14:53 ===
2026-09-12 17:53:57,276  INFO    cacador  Varredura BSB-AMS: 0 ofertas na janela.
2026-09-12 17:53:57,303  INFO    cacador  Varredura BSB-CPH: 0 ofertas na janela.
2026-09-12 17:53:57,331  INFO    cacador  Varredura BSB-FRA: 0 ofertas na janela.
2026-09-12 17:53:57,392  INFO    cacador  Varredura BSB-MUC: 0 ofertas na janela.
2026-09-12 17:53:57,422  INFO    cacador  Varredura BSB-BER: 0 ofertas na janela.
2026-09-12 17:53:57,496  INFO    cacador  Varredura BSB-VIE: 0 ofertas na janela.
2026-09-12 17:53:57,539  INFO    cacador  Varredura GRU-AMS: 0 ofertas na janela.
2026-09-12 17:53:57,567  INFO    cacador  Varredura GRU-CPH: 0 ofertas na janela.
2026-09-12 17:53:57,622  INFO    cacador  Varredura GRU-FRA: 0 ofertas na janela.
2026-09-12 17:53:57,674  INFO    cacador  Varredura GRU-MUC: 0 ofertas na janela.
2026-09-12 17:53:57,727  INFO    cacador  Varredura GRU-BER: 0 ofertas na janela.
2026-09-12 17:53:57,790  INFO    cacador  Varredura GRU-VIE: 0 ofertas na janela.
2026-09-12 17:53:57,853  INFO    cacador  Varredura GIG-AMS: 0 ofertas na janela.
2026-09-12 17:53:57,883  INFO    cacador  Varredura GIG-CPH: 0 ofertas na janela.
2026-09-12 17:53:57,936  INFO    cacador  Varredura GIG-FRA: 0 ofertas na janela.
2026-09-12 17:53:57,992  INFO    cacador  Varredura GIG-MUC: 0 ofertas na janela.
2026-09-12 17:53:58,046  INFO    cacador  Varredura GIG-BER: 0 ofertas na janela.
2026-09-12 17:53:58,105  INFO    cacador  Varredura GIG-VIE: 0 ofertas na janela.
2026-09-12 17:53:58,105  INFO    cacador  Varredura concluida: 0 ofertas gravadas.
2026-09-12 17:53:58,129  INFO    src.dashboard  Painel gerado em /home/runner/work/cacador-de-tarifas/cacador-de-tarifas/docs/index.html
2026-09-12 17:53:58,129  INFO    cacador  === Fim da rodada. Historico com 1314 ofertas. ===
2026-09-12 18:56:09,505  INFO    cacador  === Rodada 'zoom' em 12/09/2026 15:56 ===
2026-09-12 18:56:09,513  INFO    cacador  Zoom em 2027-04-22 (desconto aparente de 25%).
2026-09-12 18:56:14,542  INFO    cacador  Cota: 87/250 buscas usadas neste mes.
2026-09-12 18:56:14,548  INFO    cacador  Alertas enviados nesta rodada: 0
2026-09-12 18:56:14,570  INFO    src.dashboard  Painel gerado em /home/runner/work/cacador-de-tarifas/cacador-de-tarifas/docs/index.html
2026-09-12 18:56:14,570  INFO    cacador  === Fim da rodada. Historico com 1331 ofertas. ===
2026-09-13 00:30:51,051  INFO    cacador  === Rodada 'varredura' em 12/09/2026 21:30 ===
2026-09-13 00:30:51,176  INFO    cacador  Varredura BSB-AMS: 0 ofertas na janela.
2026-09-13 00:30:51,209  INFO    cacador  Varredura BSB-CPH: 0 ofertas na janela.
2026-09-13 00:30:51,267  INFO    cacador  Varredura BSB-FRA: 0 ofertas na janela.
2026-09-13 00:30:51,326  INFO    cacador  Varredura BSB-MUC: 0 ofertas na janela.
2026-09-13 00:30:51,360  INFO    cacador  Varredura BSB-BER: 0 ofertas na janela.
2026-09-13 00:30:51,399  INFO    cacador  Varredura BSB-VIE: 0 ofertas na janela.
2026-09-13 00:30:51,453  INFO    cacador  Varredura GRU-AMS: 0 ofertas na janela.
2026-09-13 00:30:51,517  INFO    cacador  Varredura GRU-CPH: 0 ofertas na janela.
2026-09-13 00:30:51,550  INFO    cacador  Varredura GRU-FRA: 0 ofertas na janela.
2026-09-13 00:30:51,615  INFO    cacador  Varredura GRU-MUC: 0 ofertas na janela.
2026-09-13 00:30:51,670  INFO    cacador  Varredura GRU-BER: 0 ofertas na janela.
2026-09-13 00:30:51,714  INFO    cacador  Varredura GRU-VIE: 0 ofertas na janela.
2026-09-13 00:30:51,769  INFO    cacador  Varredura GIG-AMS: 0 ofertas na janela.
2026-09-13 00:30:51,826  INFO    cacador  Varredura GIG-CPH: 0 ofertas na janela.
2026-09-13 00:30:51,881  INFO    cacador  Varredura GIG-FRA: 0 ofertas na janela.
2026-09-13 00:30:51,918  INFO    cacador  Varredura GIG-MUC: 0 ofertas na janela.
2026-09-13 00:30:51,973  INFO    cacador  Varredura GIG-BER: 0 ofertas na janela.
2026-09-13 00:30:52,028  INFO    cacador  Varredura GIG-VIE: 0 ofertas na janela.
2026-09-13 00:30:52,028  INFO    cacador  Varredura concluida: 0 ofertas gravadas.
2026-09-13 00:30:52,047  INFO    src.dashboard  Painel gerado em /home/runner/work/cacador-de-tarifas/cacador-de-tarifas/docs/index.html
2026-09-13 00:30:52,047  INFO    cacador  === Fim da rodada. Historico com 1331 ofertas. ===
2026-09-13 02:38:13,537  INFO    cacador  === Rodada 'grade' em 12/09/2026 23:38 ===
2026-09-13 02:38:18,885  INFO    cacador  Cota: 88/250 buscas usadas neste mes.
2026-09-13 02:38:18,886  INFO    cacador  Grade 2027-04-14: 20 ofertas · faixa tipica do Google None
2026-09-13 02:38:24,577  INFO    cacador  Cota: 89/250 buscas usadas neste mes.
2026-09-13 02:38:24,578  INFO    cacador  Grade 2027-04-15: 13 ofertas · faixa tipica do Google None
2026-09-13 02:38:34,659  INFO    cacador  Cota: 90/250 buscas usadas neste mes.
2026-09-13 02:38:34,660  INFO    cacador  Grade 2027-04-16: 11 ofertas · faixa tipica do Google None
2026-09-13 02:38:34,673  INFO    cacador  Alertas enviados nesta rodada: 0
2026-09-13 02:38:34,707  INFO    src.dashboard  Painel gerado em /home/runner/work/cacador-de-tarifas/cacador-de-tarifas/docs/index.html
2026-09-13 02:38:34,707  INFO    cacador  === Fim da rodada. Historico com 1375 ofertas. ===
2026-09-13 13:42:33,205  INFO    cacador  === Rodada 'varredura' em 13/09/2026 10:42 ===
2026-09-13 13:42:33,302  INFO    cacador  Varredura BSB-AMS: 0 ofertas na janela.
2026-09-13 13:42:33,378  INFO    cacador  Varredura BSB-CPH: 0 ofertas na janela.
2026-09-13 13:42:33,543  INFO    cacador  Varredura BSB-FRA: 0 ofertas na janela.
2026-09-13 13:42:33,708  INFO    cacador  Varredura BSB-MUC: 0 ofertas na janela.
2026-09-13 13:42:33,876  INFO    cacador  Varredura BSB-BER: 0 ofertas na janela.
2026-09-13 13:42:34,072  INFO    cacador  Varredura BSB-VIE: 0 ofertas na janela.
2026-09-13 13:42:34,235  INFO    cacador  Varredura GRU-AMS: 0 ofertas na janela.
2026-09-13 13:42:34,299  INFO    cacador  Varredura GRU-CPH: 0 ofertas na janela.
2026-09-13 13:42:34,466  INFO    cacador  Varredura GRU-FRA: 0 ofertas na janela.
2026-09-13 13:42:34,526  INFO    cacador  Varredura GRU-MUC: 0 ofertas na janela.
2026-09-13 13:42:34,689  INFO    cacador  Varredura GRU-BER: 0 ofertas na janela.
2026-09-13 13:42:34,749  INFO    cacador  Varredura GRU-VIE: 0 ofertas na janela.
2026-09-13 13:42:34,813  INFO    cacador  Varredura GIG-AMS: 0 ofertas na janela.
2026-09-13 13:42:34,976  INFO    cacador  Varredura GIG-CPH: 0 ofertas na janela.
2026-09-13 13:42:35,140  INFO    cacador  Varredura GIG-FRA: 0 ofertas na janela.
2026-09-13 13:42:35,352  INFO    cacador  Varredura GIG-MUC: 0 ofertas na janela.
2026-09-13 13:42:35,523  INFO    cacador  Varredura GIG-BER: 0 ofertas na janela.
2026-09-13 13:42:35,752  INFO    cacador  Varredura GIG-VIE: 0 ofertas na janela.
2026-09-13 13:42:35,752  INFO    cacador  Varredura concluida: 0 ofertas gravadas.
2026-09-13 13:42:35,770  INFO    src.dashboard  Painel gerado em /home/runner/work/cacador-de-tarifas/cacador-de-tarifas/docs/index.html
2026-09-13 13:42:35,771  INFO    cacador  === Fim da rodada. Historico com 1375 ofertas. ===
2026-09-13 14:44:28,842  INFO    cacador  === Rodada 'grade' em 13/09/2026 11:44 ===
2026-09-13 14:44:33,913  INFO    cacador  Cota: 91/250 buscas usadas neste mes.
2026-09-13 14:44:33,914  INFO    cacador  Grade 2027-04-17: 9 ofertas · faixa tipica do Google None
2026-09-13 14:44:38,334  INFO    cacador  Cota: 92/250 buscas usadas neste mes.
2026-09-13 14:44:38,335  INFO    cacador  Grade 2027-04-18: 13 ofertas · faixa tipica do Google None
2026-09-13 14:44:44,255  INFO    cacador  Cota: 93/250 buscas usadas neste mes.
2026-09-13 14:44:44,256  INFO    cacador  Grade 2027-04-19: 15 ofertas · faixa tipica do Google None
2026-09-13 14:44:49,278  INFO    cacador  Cota: 94/250 buscas usadas neste mes.
2026-09-13 14:44:49,279  INFO    cacador  Grade 2027-04-20: 12 ofertas · faixa tipica do Google None
2026-09-13 14:45:02,517  INFO    cacador  Cota: 95/250 buscas usadas neste mes.
2026-09-13 14:45:02,518  INFO    cacador  Comparativo ida e volta (2027-04-18 → 2027-04-25): a partir de R$ 4823
2026-09-13 14:45:03,191  INFO    cacador  ALERTA enviado: GRU-FRA 2027-04-18 R$3304 score 83 (lembrete: continua disponivel ha 7 dias)
2026-09-13 14:45:05,508  INFO    cacador  ALERTA enviado: GRU-AMS 2027-04-18 R$2678 score 80 (queda de R$ 263 (9%) desde o ultimo alerta)
2026-09-13 14:45:06,102  INFO    cacador  ALERTA enviado: GRU-MUC 2027-04-18 R$3304 score 77 (lembrete: continua disponivel ha 7 dias)
2026-09-13 14:45:06,103  INFO    cacador  Alertas enviados nesta rodada: 3
2026-09-13 14:45:06,128  INFO    src.dashboard  Painel gerado em /home/runner/work/cacador-de-tarifas/cacador-de-tarifas/docs/index.html
2026-09-13 14:45:06,129  INFO    cacador  === Fim da rodada. Historico com 1435 ofertas. ===
2026-09-13 18:22:16,387  INFO    cacador  === Rodada 'varredura' em 13/09/2026 15:22 ===
2026-09-13 18:22:16,589  INFO    cacador  Varredura BSB-AMS: 0 ofertas na janela.
2026-09-13 18:22:16,671  INFO    cacador  Varredura BSB-CPH: 0 ofertas na janela.
2026-09-13 18:22:16,745  INFO    cacador  Varredura BSB-FRA: 0 ofertas na janela.
2026-09-13 18:22:16,948  INFO    cacador  Varredura BSB-MUC: 0 ofertas na janela.
2026-09-13 18:22:17,028  INFO    cacador  Varredura BSB-BER: 0 ofertas na janela.
2026-09-13 18:22:17,108  INFO    cacador  Varredura BSB-VIE: 0 ofertas na janela.
2026-09-13 18:22:17,298  INFO    cacador  Varredura GRU-AMS: 0 ofertas na janela.
2026-09-13 18:22:17,373  INFO    cacador  Varredura GRU-CPH: 0 ofertas na janela.
2026-09-13 18:22:17,446  INFO    cacador  Varredura GRU-FRA: 0 ofertas na janela.
2026-09-13 18:22:17,521  INFO    cacador  Varredura GRU-MUC: 0 ofertas na janela.
2026-09-13 18:22:17,598  INFO    cacador  Varredura GRU-BER: 0 ofertas na janela.
2026-09-13 18:22:17,787  INFO    cacador  Varredura GRU-VIE: 0 ofertas na janela.
2026-09-13 18:22:18,019  INFO    cacador  Varredura GIG-AMS: 0 ofertas na janela.
2026-09-13 18:22:18,257  INFO    cacador  Varredura GIG-CPH: 0 ofertas na janela.
2026-09-13 18:22:18,473  INFO    cacador  Varredura GIG-FRA: 0 ofertas na janela.
2026-09-13 18:22:18,546  INFO    cacador  Varredura GIG-MUC: 0 ofertas na janela.
2026-09-13 18:22:18,626  INFO    cacador  Varredura GIG-BER: 0 ofertas na janela.
2026-09-13 18:22:18,699  INFO    cacador  Varredura GIG-VIE: 0 ofertas na janela.
2026-09-13 18:22:18,699  INFO    cacador  Varredura concluida: 0 ofertas gravadas.
2026-09-13 18:22:18,726  INFO    src.dashboard  Painel gerado em /home/runner/work/cacador-de-tarifas/cacador-de-tarifas/docs/index.html
2026-09-13 18:22:18,726  INFO    cacador  === Fim da rodada. Historico com 1435 ofertas. ===
2026-09-13 19:11:04,276  INFO    cacador  === Rodada 'zoom' em 13/09/2026 16:11 ===
2026-09-13 19:11:04,284  INFO    cacador  Zoom em 2027-04-19 (desconto aparente de 22%).
2026-09-13 19:11:19,703  INFO    cacador  Cota: 96/250 buscas usadas neste mes.
2026-09-13 19:11:19,708  INFO    cacador  Alertas enviados nesta rodada: 0
2026-09-13 19:11:19,734  INFO    src.dashboard  Painel gerado em /home/runner/work/cacador-de-tarifas/cacador-de-tarifas/docs/index.html
2026-09-13 19:11:19,735  INFO    cacador  === Fim da rodada. Historico com 1449 ofertas. ===
2026-09-14 00:34:10,944  INFO    cacador  === Rodada 'varredura' em 13/09/2026 21:34 ===
2026-09-14 00:34:11,125  INFO    cacador  Varredura BSB-AMS: 0 ofertas na janela.
2026-09-14 00:34:11,156  INFO    cacador  Varredura BSB-CPH: 0 ofertas na janela.
2026-09-14 00:34:11,192  INFO    cacador  Varredura BSB-FRA: 0 ofertas na janela.
2026-09-14 00:34:11,284  INFO    cacador  Varredura BSB-MUC: 0 ofertas na janela.
2026-09-14 00:34:11,321  INFO    cacador  Varredura BSB-BER: 0 ofertas na janela.
2026-09-14 00:34:11,350  INFO    cacador  Varredura BSB-VIE: 0 ofertas na janela.
2026-09-14 00:34:11,390  INFO    cacador  Varredura GRU-AMS: 0 ofertas na janela.
2026-09-14 00:34:11,461  INFO    cacador  Varredura GRU-CPH: 0 ofertas na janela.
2026-09-14 00:34:11,509  INFO    cacador  Varredura GRU-FRA: 0 ofertas na janela.
2026-09-14 00:34:11,541  INFO    cacador  Varredura GRU-MUC: 0 ofertas na janela.
2026-09-14 00:34:11,574  INFO    cacador  Varredura GRU-BER: 0 ofertas na janela.
2026-09-14 00:34:11,622  INFO    cacador  Varredura GRU-VIE: 0 ofertas na janela.
2026-09-14 00:34:11,689  INFO    cacador  Varredura GIG-AMS: 0 ofertas na janela.
2026-09-14 00:34:11,728  INFO    cacador  Varredura GIG-CPH: 0 ofertas na janela.
2026-09-14 00:34:11,781  INFO    cacador  Varredura GIG-FRA: 0 ofertas na janela.
2026-09-14 00:34:11,810  INFO    cacador  Varredura GIG-MUC: 0 ofertas na janela.
2026-09-14 00:34:11,890  INFO    cacador  Varredura GIG-BER: 0 ofertas na janela.
2026-09-14 00:34:11,951  INFO    cacador  Varredura GIG-VIE: 0 ofertas na janela.
2026-09-14 00:34:11,951  INFO    cacador  Varredura concluida: 0 ofertas gravadas.
2026-09-14 00:34:11,985  INFO    src.dashboard  Painel gerado em /home/runner/work/cacador-de-tarifas/cacador-de-tarifas/docs/index.html
2026-09-14 00:34:11,985  INFO    cacador  === Fim da rodada. Historico com 1449 ofertas. ===
2026-09-14 02:56:02,598  INFO    cacador  === Rodada 'grade' em 13/09/2026 23:56 ===
2026-09-14 02:56:09,213  INFO    cacador  Cota: 97/250 buscas usadas neste mes.
2026-09-14 02:56:09,215  INFO    cacador  Grade 2027-04-21: 23 ofertas · faixa tipica do Google None
2026-09-14 02:56:19,777  INFO    cacador  Cota: 98/250 buscas usadas neste mes.
2026-09-14 02:56:19,778  INFO    cacador  Grade 2027-04-22: 20 ofertas · faixa tipica do Google None
2026-09-14 02:56:24,886  INFO    cacador  Cota: 99/250 buscas usadas neste mes.
2026-09-14 02:56:24,887  INFO    cacador  Grade 2027-04-23: 15 ofertas · faixa tipica do Google None
2026-09-14 02:56:24,902  INFO    cacador  Alertas enviados nesta rodada: 0
2026-09-14 02:56:24,928  INFO    src.dashboard  Painel gerado em /home/runner/work/cacador-de-tarifas/cacador-de-tarifas/docs/index.html
2026-09-14 02:56:24,928  INFO    cacador  === Fim da rodada. Historico com 1507 ofertas. ===
2026-09-14 15:44:48,473  INFO    cacador  === Rodada 'varredura' em 14/09/2026 12:44 ===
2026-09-14 15:44:48,597  INFO    cacador  Varredura BSB-AMS: 0 ofertas na janela.
2026-09-14 15:44:48,658  INFO    cacador  Varredura BSB-CPH: 0 ofertas na janela.
2026-09-14 15:44:48,843  INFO    cacador  Varredura BSB-FRA: 0 ofertas na janela.
2026-09-14 15:44:49,006  INFO    cacador  Varredura BSB-MUC: 0 ofertas na janela.
2026-09-14 15:44:49,173  INFO    cacador  Varredura BSB-BER: 0 ofertas na janela.
2026-09-14 15:44:49,341  INFO    cacador  Varredura BSB-VIE: 0 ofertas na janela.
2026-09-14 15:44:49,404  INFO    cacador  Varredura GRU-AMS: 0 ofertas na janela.
2026-09-14 15:44:49,464  INFO    cacador  Varredura GRU-CPH: 0 ofertas na janela.
2026-09-14 15:44:49,628  INFO    cacador  Varredura GRU-FRA: 0 ofertas na janela.
2026-09-14 15:44:49,791  INFO    cacador  Varredura GRU-MUC: 0 ofertas na janela.
2026-09-14 15:44:49,958  INFO    cacador  Varredura GRU-BER: 0 ofertas na janela.
2026-09-14 15:44:50,019  INFO    cacador  Varredura GRU-VIE: 0 ofertas na janela.
2026-09-14 15:44:50,086  INFO    cacador  Varredura GIG-AMS: 0 ofertas na janela.
2026-09-14 15:44:50,170  INFO    cacador  Varredura GIG-CPH: 0 ofertas na janela.
2026-09-14 15:44:50,337  INFO    cacador  Varredura GIG-FRA: 0 ofertas na janela.
2026-09-14 15:44:50,497  INFO    cacador  Varredura GIG-MUC: 0 ofertas na janela.
2026-09-14 15:44:50,660  INFO    cacador  Varredura GIG-BER: 0 ofertas na janela.
2026-09-14 15:44:50,821  INFO    cacador  Varredura GIG-VIE: 0 ofertas na janela.
2026-09-14 15:44:50,821  INFO    cacador  Varredura concluida: 0 ofertas gravadas.
2026-09-14 15:44:50,848  INFO    src.dashboard  Painel gerado em /home/runner/work/cacador-de-tarifas/cacador-de-tarifas/docs/index.html
2026-09-14 15:44:50,848  INFO    cacador  === Fim da rodada. Historico com 1507 ofertas. ===
2026-09-14 16:42:33,127  INFO    cacador  === Rodada 'grade' em 14/09/2026 13:42 ===
2026-09-14 16:42:40,322  INFO    cacador  Cota: 100/250 buscas usadas neste mes.
2026-09-14 16:42:40,323  INFO    cacador  Grade 2027-04-13: 12 ofertas · faixa tipica do Google None
2026-09-14 16:42:48,252  INFO    cacador  Cota: 101/250 buscas usadas neste mes.
2026-09-14 16:42:48,253  INFO    cacador  Grade 2027-04-14: 20 ofertas · faixa tipica do Google None
2026-09-14 16:42:56,500  INFO    cacador  Cota: 102/250 buscas usadas neste mes.
2026-09-14 16:42:56,501  INFO    cacador  Grade 2027-04-15: 13 ofertas · faixa tipica do Google None
2026-09-14 16:43:03,637  INFO    cacador  Cota: 103/250 buscas usadas neste mes.
2026-09-14 16:43:03,638  INFO    cacador  Grade 2027-04-16: 13 ofertas · faixa tipica do Google None
2026-09-14 16:43:24,159  INFO    cacador  Cota: 104/250 buscas usadas neste mes.
2026-09-14 16:43:24,160  INFO    cacador  Comparativo ida e volta (2027-04-18 → 2027-04-25): a partir de R$ 4878
2026-09-14 16:43:24,175  INFO    cacador  Alertas enviados nesta rodada: 0
2026-09-14 16:43:24,202  INFO    src.dashboard  Painel gerado em /home/runner/work/cacador-de-tarifas/cacador-de-tarifas/docs/index.html
2026-09-14 16:43:24,202  INFO    cacador  === Fim da rodada. Historico com 1577 ofertas. ===
2026-09-14 19:57:34,453  INFO    cacador  === Rodada 'varredura' em 14/09/2026 16:57 ===
2026-09-14 19:57:34,604  INFO    cacador  Varredura BSB-AMS: 0 ofertas na janela.
2026-09-14 19:57:34,637  INFO    cacador  Varredura BSB-CPH: 0 ofertas na janela.
2026-09-14 19:57:34,692  INFO    cacador  Varredura BSB-FRA: 0 ofertas na janela.
2026-09-14 19:57:34,751  INFO    cacador  Varredura BSB-MUC: 0 ofertas na janela.
2026-09-14 19:57:34,807  INFO    cacador  Varredura BSB-BER: 0 ofertas na janela.
2026-09-14 19:57:34,863  INFO    cacador  Varredura BSB-VIE: 0 ofertas na janela.
2026-09-14 19:57:34,901  INFO    cacador  Varredura GRU-AMS: 0 ofertas na janela.
2026-09-14 19:57:34,937  INFO    cacador  Varredura GRU-CPH: 0 ofertas na janela.
2026-09-14 19:57:34,991  INFO    cacador  Varredura GRU-FRA: 0 ofertas na janela.
2026-09-14 19:57:35,052  INFO    cacador  Varredura GRU-MUC: 0 ofertas na janela.
2026-09-14 19:57:35,108  INFO    cacador  Varredura GRU-BER: 0 ofertas na janela.
2026-09-14 19:57:35,163  INFO    cacador  Varredura GRU-VIE: 0 ofertas na janela.
2026-09-14 19:57:35,222  INFO    cacador  Varredura GIG-AMS: 0 ofertas na janela.
2026-09-14 19:57:35,258  INFO    cacador  Varredura GIG-CPH: 0 ofertas na janela.
2026-09-14 19:57:35,293  INFO    cacador  Varredura GIG-FRA: 0 ofertas na janela.
2026-09-14 19:57:35,351  INFO    cacador  Varredura GIG-MUC: 0 ofertas na janela.
2026-09-14 19:57:35,407  INFO    cacador  Varredura GIG-BER: 0 ofertas na janela.
2026-09-14 19:57:35,440  INFO    cacador  Varredura GIG-VIE: 0 ofertas na janela.
2026-09-14 19:57:35,440  INFO    cacador  Varredura concluida: 0 ofertas gravadas.
2026-09-14 19:57:35,546  INFO    src.dashboard  Painel gerado em /home/runner/work/cacador-de-tarifas/cacador-de-tarifas/docs/index.html
2026-09-14 19:57:35,547  INFO    cacador  === Fim da rodada. Historico com 1577 ofertas. ===
2026-09-14 20:44:14,429  INFO    cacador  === Rodada 'zoom' em 14/09/2026 17:44 ===
2026-09-14 20:44:14,438  INFO    cacador  Zoom em 2027-04-22 (desconto aparente de 25%).
2026-09-14 20:44:22,273  INFO    cacador  Cota: 105/250 buscas usadas neste mes.
2026-09-14 20:44:22,279  INFO    cacador  Alertas enviados nesta rodada: 0
2026-09-14 20:44:22,301  INFO    src.dashboard  Painel gerado em /home/runner/work/cacador-de-tarifas/cacador-de-tarifas/docs/index.html
2026-09-14 20:44:22,302  INFO    cacador  === Fim da rodada. Historico com 1595 ofertas. ===
2026-09-15 01:06:08,841  INFO    cacador  === Rodada 'varredura' em 14/09/2026 22:06 ===
2026-09-15 01:06:09,109  INFO    cacador  Varredura BSB-AMS: 0 ofertas na janela.
2026-09-15 01:06:09,214  INFO    cacador  Varredura BSB-CPH: 0 ofertas na janela.
2026-09-15 01:06:09,272  INFO    cacador  Varredura BSB-FRA: 0 ofertas na janela.
2026-09-15 01:06:09,337  INFO    cacador  Varredura BSB-MUC: 0 ofertas na janela.
2026-09-15 01:06:09,394  INFO    cacador  Varredura BSB-BER: 0 ofertas na janela.
2026-09-15 01:06:09,456  INFO    cacador  Varredura BSB-VIE: 0 ofertas na janela.
2026-09-15 01:06:09,513  INFO    cacador  Varredura GRU-AMS: 0 ofertas na janela.
2026-09-15 01:06:09,572  INFO    cacador  Varredura GRU-CPH: 0 ofertas na janela.
2026-09-15 01:06:09,627  INFO    cacador  Varredura GRU-FRA: 0 ofertas na janela.
2026-09-15 01:06:10,718  INFO    cacador  Varredura GRU-MUC: 0 ofertas na janela.
2026-09-15 01:06:10,786  INFO    cacador  Varredura GRU-BER: 0 ofertas na janela.
2026-09-15 01:06:10,844  INFO    cacador  Varredura GRU-VIE: 0 ofertas na janela.
2026-09-15 01:06:10,880  INFO    cacador  Varredura GIG-AMS: 0 ofertas na janela.
2026-09-15 01:06:10,917  INFO    cacador  Varredura GIG-CPH: 0 ofertas na janela.
2026-09-15 01:06:10,973  INFO    cacador  Varredura GIG-FRA: 0 ofertas na janela.
2026-09-15 01:06:11,035  INFO    cacador  Varredura GIG-MUC: 0 ofertas na janela.
2026-09-15 01:06:11,093  INFO    cacador  Varredura GIG-BER: 0 ofertas na janela.
2026-09-15 01:06:11,147  INFO    cacador  Varredura GIG-VIE: 0 ofertas na janela.
2026-09-15 01:06:11,147  INFO    cacador  Varredura concluida: 0 ofertas gravadas.
2026-09-15 01:06:11,172  INFO    src.dashboard  Painel gerado em /home/runner/work/cacador-de-tarifas/cacador-de-tarifas/docs/index.html
2026-09-15 01:06:11,172  INFO    cacador  === Fim da rodada. Historico com 1595 ofertas. ===
2026-09-15 02:56:22,283  INFO    cacador  === Rodada 'grade' em 14/09/2026 23:56 ===
2026-09-15 02:56:28,477  INFO    cacador  Cota: 106/250 buscas usadas neste mes.
2026-09-15 02:56:28,477  INFO    cacador  Grade 2027-04-17: 9 ofertas · faixa tipica do Google None
2026-09-15 02:56:34,441  INFO    cacador  Cota: 107/250 buscas usadas neste mes.
2026-09-15 02:56:34,442  INFO    cacador  Grade 2027-04-18: 12 ofertas · faixa tipica do Google None
2026-09-15 02:56:40,741  INFO    cacador  Cota: 108/250 buscas usadas neste mes.
2026-09-15 02:56:40,742  INFO    cacador  Grade 2027-04-19: 12 ofertas · faixa tipica do Google None
2026-09-15 02:56:40,752  INFO    cacador  Alertas enviados nesta rodada: 0
2026-09-15 02:56:40,777  INFO    src.dashboard  Painel gerado em /home/runner/work/cacador-de-tarifas/cacador-de-tarifas/docs/index.html
2026-09-15 02:56:40,778  INFO    cacador  === Fim da rodada. Historico com 1628 ofertas. ===
2026-09-15 14:13:05,665  INFO    cacador  === Rodada 'varredura' em 15/09/2026 11:13 ===
2026-09-15 14:13:05,851  INFO    cacador  Varredura BSB-AMS: 0 ofertas na janela.
2026-09-15 14:13:05,873  INFO    cacador  Varredura BSB-CPH: 0 ofertas na janela.
2026-09-15 14:13:05,909  INFO    cacador  Varredura BSB-FRA: 0 ofertas na janela.
2026-09-15 14:13:05,939  INFO    cacador  Varredura BSB-MUC: 0 ofertas na janela.
2026-09-15 14:13:05,967  INFO    cacador  Varredura BSB-BER: 0 ofertas na janela.
2026-09-15 14:13:05,992  INFO    cacador  Varredura BSB-VIE: 0 ofertas na janela.
2026-09-15 14:13:06,020  INFO    cacador  Varredura GRU-AMS: 0 ofertas na janela.
2026-09-15 14:13:06,044  INFO    cacador  Varredura GRU-CPH: 0 ofertas na janela.
2026-09-15 14:13:06,069  INFO    cacador  Varredura GRU-FRA: 0 ofertas na janela.
2026-09-15 14:13:06,094  INFO    cacador  Varredura GRU-MUC: 0 ofertas na janela.
2026-09-15 14:13:06,129  INFO    cacador  Varredura GRU-BER: 0 ofertas na janela.
2026-09-15 14:13:06,156  INFO    cacador  Varredura GRU-VIE: 0 ofertas na janela.
2026-09-15 14:13:06,204  INFO    cacador  Varredura GIG-AMS: 0 ofertas na janela.
2026-09-15 14:13:06,229  INFO    cacador  Varredura GIG-CPH: 0 ofertas na janela.
2026-09-15 14:13:06,256  INFO    cacador  Varredura GIG-FRA: 0 ofertas na janela.
2026-09-15 14:13:06,293  INFO    cacador  Varredura GIG-MUC: 0 ofertas na janela.
2026-09-15 14:13:06,353  INFO    cacador  Varredura GIG-BER: 0 ofertas na janela.
2026-09-15 14:13:06,382  INFO    cacador  Varredura GIG-VIE: 0 ofertas na janela.
2026-09-15 14:13:06,382  INFO    cacador  Varredura concluida: 0 ofertas gravadas.
2026-09-15 14:13:06,404  INFO    src.dashboard  Painel gerado em /home/runner/work/cacador-de-tarifas/cacador-de-tarifas/docs/index.html
2026-09-15 14:13:06,404  INFO    cacador  === Fim da rodada. Historico com 1628 ofertas. ===
2026-09-15 15:20:45,543  INFO    cacador  === Rodada 'grade' em 15/09/2026 12:20 ===
2026-09-15 15:20:57,967  INFO    cacador  Cota: 109/250 buscas usadas neste mes.
2026-09-15 15:20:57,968  INFO    cacador  Grade 2027-04-20: 14 ofertas · faixa tipica do Google None
2026-09-15 15:21:04,785  INFO    cacador  Cota: 110/250 buscas usadas neste mes.
2026-09-15 15:21:04,786  INFO    cacador  Grade 2027-04-21: 22 ofertas · faixa tipica do Google None
2026-09-15 15:21:11,194  INFO    cacador  Cota: 111/250 buscas usadas neste mes.
2026-09-15 15:21:11,195  INFO    cacador  Grade 2027-04-22: 18 ofertas · faixa tipica do Google None
2026-09-15 15:21:16,950  INFO    cacador  Cota: 112/250 buscas usadas neste mes.
2026-09-15 15:21:16,951  INFO    cacador  Grade 2027-04-23: 14 ofertas · faixa tipica do Google None
2026-09-15 15:21:25,979  INFO    cacador  Cota: 113/250 buscas usadas neste mes.
2026-09-15 15:21:25,980  INFO    cacador  Comparativo ida e volta (2027-04-18 → 2027-04-25): a partir de R$ 4758
2026-09-15 15:21:25,996  INFO    cacador  Alertas enviados nesta rodada: 0
2026-09-15 15:21:26,021  INFO    src.dashboard  Painel gerado em /home/runner/work/cacador-de-tarifas/cacador-de-tarifas/docs/index.html
2026-09-15 15:21:26,021  INFO    cacador  === Fim da rodada. Historico com 1707 ofertas. ===
2026-09-15 19:17:41,882  INFO    cacador  === Rodada 'varredura' em 15/09/2026 16:17 ===
2026-09-15 19:17:42,193  INFO    cacador  Varredura BSB-AMS: 0 ofertas na janela.
2026-09-15 19:17:42,252  INFO    cacador  Varredura BSB-CPH: 0 ofertas na janela.
2026-09-15 19:17:42,415  INFO    cacador  Varredura BSB-FRA: 0 ofertas na janela.
2026-09-15 19:17:42,473  INFO    cacador  Varredura BSB-MUC: 0 ofertas na janela.
2026-09-15 19:17:42,530  INFO    cacador  Varredura BSB-BER: 0 ofertas na janela.
2026-09-15 19:17:42,690  INFO    cacador  Varredura BSB-VIE: 0 ofertas na janela.
2026-09-15 19:17:42,846  INFO    cacador  Varredura GRU-AMS: 0 ofertas na janela.
2026-09-15 19:17:42,920  INFO    cacador  Varredura GRU-CPH: 0 ofertas na janela.
2026-09-15 19:17:42,977  INFO    cacador  Varredura GRU-FRA: 0 ofertas na janela.
2026-09-15 19:17:43,142  INFO    cacador  Varredura GRU-MUC: 0 ofertas na janela.
2026-09-15 19:17:43,297  INFO    cacador  Varredura GRU-BER: 0 ofertas na janela.
2026-09-15 19:17:43,358  INFO    cacador  Varredura GRU-VIE: 0 ofertas na janela.
2026-09-15 19:17:43,525  INFO    cacador  Varredura GIG-AMS: 0 ofertas na janela.
2026-09-15 19:17:43,617  INFO    cacador  Varredura GIG-CPH: 0 ofertas na janela.
2026-09-15 19:17:43,676  INFO    cacador  Varredura GIG-FRA: 0 ofertas na janela.
2026-09-15 19:17:43,836  INFO    cacador  Varredura GIG-MUC: 0 ofertas na janela.
2026-09-15 19:17:43,989  INFO    cacador  Varredura GIG-BER: 0 ofertas na janela.
2026-09-15 19:17:44,142  INFO    cacador  Varredura GIG-VIE: 0 ofertas na janela.
2026-09-15 19:17:44,142  INFO    cacador  Varredura concluida: 0 ofertas gravadas.
2026-09-15 19:17:44,172  INFO    src.dashboard  Painel gerado em /home/runner/work/cacador-de-tarifas/cacador-de-tarifas/docs/index.html
2026-09-15 19:17:44,172  INFO    cacador  === Fim da rodada. Historico com 1707 ofertas. ===
2026-09-15 19:58:32,110  INFO    cacador  === Rodada 'zoom' em 15/09/2026 16:58 ===
2026-09-15 19:58:32,120  INFO    cacador  Zoom em 2027-04-22 (desconto aparente de 25%).
2026-09-15 19:58:39,112  INFO    cacador  Cota: 114/250 buscas usadas neste mes.
2026-09-15 19:58:39,119  INFO    cacador  Alertas enviados nesta rodada: 0
2026-09-15 19:58:39,147  INFO    src.dashboard  Painel gerado em /home/runner/work/cacador-de-tarifas/cacador-de-tarifas/docs/index.html
2026-09-15 19:58:39,147  INFO    cacador  === Fim da rodada. Historico com 1727 ofertas. ===
2026-09-16 00:55:36,841  INFO    cacador  === Rodada 'varredura' em 15/09/2026 21:55 ===
2026-09-16 00:55:37,150  INFO    cacador  Varredura BSB-AMS: 0 ofertas na janela.
2026-09-16 00:55:37,339  INFO    cacador  Varredura BSB-CPH: 0 ofertas na janela.
2026-09-16 00:55:37,526  INFO    cacador  Varredura BSB-FRA: 0 ofertas na janela.
2026-09-16 00:55:37,598  INFO    cacador  Varredura BSB-MUC: 0 ofertas na janela.
2026-09-16 00:55:37,802  INFO    cacador  Varredura BSB-BER: 0 ofertas na janela.
2026-09-16 00:55:37,875  INFO    cacador  Varredura BSB-VIE: 0 ofertas na janela.
2026-09-16 00:55:38,061  INFO    cacador  Varredura GRU-AMS: 0 ofertas na janela.
2026-09-16 00:55:38,251  INFO    cacador  Varredura GRU-CPH: 0 ofertas na janela.
2026-09-16 00:55:38,442  INFO    cacador  Varredura GRU-FRA: 0 ofertas na janela.
2026-09-16 00:55:38,630  INFO    cacador  Varredura GRU-MUC: 0 ofertas na janela.
2026-09-16 00:55:38,819  INFO    cacador  Varredura GRU-BER: 0 ofertas na janela.
2026-09-16 00:55:39,028  INFO    cacador  Varredura GRU-VIE: 0 ofertas na janela.
2026-09-16 00:55:39,113  INFO    cacador  Varredura GIG-AMS: 0 ofertas na janela.
2026-09-16 00:55:39,199  INFO    cacador  Varredura GIG-CPH: 0 ofertas na janela.
2026-09-16 00:55:39,274  INFO    cacador  Varredura GIG-FRA: 0 ofertas na janela.
2026-09-16 00:55:39,349  INFO    cacador  Varredura GIG-MUC: 0 ofertas na janela.
2026-09-16 00:55:39,579  INFO    cacador  Varredura GIG-BER: 0 ofertas na janela.
2026-09-16 00:55:39,774  INFO    cacador  Varredura GIG-VIE: 0 ofertas na janela.
2026-09-16 00:55:39,774  INFO    cacador  Varredura concluida: 0 ofertas gravadas.
2026-09-16 00:55:39,804  INFO    src.dashboard  Painel gerado em /home/runner/work/cacador-de-tarifas/cacador-de-tarifas/docs/index.html
2026-09-16 00:55:39,804  INFO    cacador  === Fim da rodada. Historico com 1727 ofertas. ===
2026-09-16 02:51:52,668  INFO    cacador  === Rodada 'grade' em 15/09/2026 23:51 ===
2026-09-16 02:51:59,257  INFO    cacador  Cota: 115/250 buscas usadas neste mes.
2026-09-16 02:51:59,258  INFO    cacador  Grade 2027-04-13: 11 ofertas · faixa tipica do Google None
2026-09-16 02:52:04,569  INFO    cacador  Cota: 116/250 buscas usadas neste mes.
2026-09-16 02:52:04,570  INFO    cacador  Grade 2027-04-14: 21 ofertas · faixa tipica do Google None
2026-09-16 02:52:11,533  INFO    cacador  Cota: 117/250 buscas usadas neste mes.
2026-09-16 02:52:11,534  INFO    cacador  Grade 2027-04-15: 11 ofertas · faixa tipica do Google None
2026-09-16 02:52:11,545  INFO    cacador  Alertas enviados nesta rodada: 0
2026-09-16 02:52:11,572  INFO    src.dashboard  Painel gerado em /home/runner/work/cacador-de-tarifas/cacador-de-tarifas/docs/index.html
2026-09-16 02:52:11,572  INFO    cacador  === Fim da rodada. Historico com 1770 ofertas. ===
2026-09-16 14:05:02,797  INFO    cacador  === Rodada 'varredura' em 16/09/2026 11:05 ===
2026-09-16 14:05:02,974  INFO    cacador  Varredura BSB-AMS: 0 ofertas na janela.
2026-09-16 14:05:03,004  INFO    cacador  Varredura BSB-CPH: 0 ofertas na janela.
2026-09-16 14:05:03,044  INFO    cacador  Varredura BSB-FRA: 0 ofertas na janela.
2026-09-16 14:05:03,075  INFO    cacador  Varredura BSB-MUC: 0 ofertas na janela.
2026-09-16 14:05:03,103  INFO    cacador  Varredura BSB-BER: 0 ofertas na janela.
2026-09-16 14:05:03,134  INFO    cacador  Varredura BSB-VIE: 0 ofertas na janela.
2026-09-16 14:05:03,168  INFO    cacador  Varredura GRU-AMS: 0 ofertas na janela.
2026-09-16 14:05:03,197  INFO    cacador  Varredura GRU-CPH: 0 ofertas na janela.
2026-09-16 14:05:03,225  INFO    cacador  Varredura GRU-FRA: 0 ofertas na janela.
2026-09-16 14:05:03,257  INFO    cacador  Varredura GRU-MUC: 0 ofertas na janela.
2026-09-16 14:05:03,323  INFO    cacador  Varredura GRU-BER: 0 ofertas na janela.
2026-09-16 14:05:03,358  INFO    cacador  Varredura GRU-VIE: 0 ofertas na janela.
2026-09-16 14:05:03,417  INFO    cacador  Varredura GIG-AMS: 0 ofertas na janela.
2026-09-16 14:05:03,516  INFO    cacador  Varredura GIG-CPH: 0 ofertas na janela.
2026-09-16 14:05:03,549  INFO    cacador  Varredura GIG-FRA: 0 ofertas na janela.
2026-09-16 14:05:03,578  INFO    cacador  Varredura GIG-MUC: 0 ofertas na janela.
2026-09-16 14:05:03,639  INFO    cacador  Varredura GIG-BER: 0 ofertas na janela.
2026-09-16 14:05:03,672  INFO    cacador  Varredura GIG-VIE: 0 ofertas na janela.
2026-09-16 14:05:03,672  INFO    cacador  Varredura concluida: 0 ofertas gravadas.
2026-09-16 14:05:03,700  INFO    src.dashboard  Painel gerado em /home/runner/work/cacador-de-tarifas/cacador-de-tarifas/docs/index.html
2026-09-16 14:05:03,700  INFO    cacador  === Fim da rodada. Historico com 1770 ofertas. ===
2026-09-16 15:12:57,497  INFO    cacador  === Rodada 'grade' em 16/09/2026 12:12 ===
2026-09-16 15:13:09,708  INFO    cacador  Cota: 118/250 buscas usadas neste mes.
2026-09-16 15:13:09,708  INFO    cacador  Grade 2027-04-16: 13 ofertas · faixa tipica do Google None
2026-09-16 15:13:15,909  INFO    cacador  Cota: 119/250 buscas usadas neste mes.
2026-09-16 15:13:15,910  INFO    cacador  Grade 2027-04-17: 9 ofertas · faixa tipica do Google None
2026-09-16 15:13:22,221  INFO    cacador  Cota: 120/250 buscas usadas neste mes.
2026-09-16 15:13:22,222  INFO    cacador  Grade 2027-04-18: 13 ofertas · faixa tipica do Google None
2026-09-16 15:13:28,928  INFO    cacador  Cota: 121/250 buscas usadas neste mes.
2026-09-16 15:13:28,929  INFO    cacador  Grade 2027-04-19: 14 ofertas · faixa tipica do Google None
2026-09-16 15:13:38,487  INFO    cacador  Cota: 122/250 buscas usadas neste mes.
2026-09-16 15:13:38,488  INFO    cacador  Comparativo ida e volta (2027-04-18 → 2027-04-25): a partir de R$ 4768
2026-09-16 15:13:38,502  INFO    cacador  Alertas enviados nesta rodada: 0
2026-09-16 15:13:38,531  INFO    src.dashboard  Painel gerado em /home/runner/work/cacador-de-tarifas/cacador-de-tarifas/docs/index.html
2026-09-16 15:13:38,531  INFO    cacador  === Fim da rodada. Historico com 1830 ofertas. ===
2026-09-16 19:07:55,126  INFO    cacador  === Rodada 'varredura' em 16/09/2026 16:07 ===
2026-09-16 19:07:55,292  INFO    cacador  Varredura BSB-AMS: 0 ofertas na janela.
2026-09-16 19:07:55,396  INFO    cacador  Varredura BSB-CPH: 0 ofertas na janela.
2026-09-16 19:07:55,500  INFO    cacador  Varredura BSB-FRA: 0 ofertas na janela.
2026-09-16 19:07:55,604  INFO    cacador  Varredura BSB-MUC: 0 ofertas na janela.
2026-09-16 19:07:55,711  INFO    cacador  Varredura BSB-BER: 0 ofertas na janela.
2026-09-16 19:07:55,810  INFO    cacador  Varredura BSB-VIE: 0 ofertas na janela.
2026-09-16 19:07:55,911  INFO    cacador  Varredura GRU-AMS: 0 ofertas na janela.
2026-09-16 19:07:56,041  INFO    cacador  Varredura GRU-CPH: 0 ofertas na janela.
2026-09-16 19:07:56,139  INFO    cacador  Varredura GRU-FRA: 0 ofertas na janela.
2026-09-16 19:07:56,249  INFO    cacador  Varredura GRU-MUC: 0 ofertas na janela.
2026-09-16 19:07:56,469  INFO    cacador  Varredura GRU-BER: 0 ofertas na janela.
2026-09-16 19:07:56,572  INFO    cacador  Varredura GRU-VIE: 0 ofertas na janela.
2026-09-16 19:07:56,673  INFO    cacador  Varredura GIG-AMS: 0 ofertas na janela.
2026-09-16 19:07:56,784  INFO    cacador  Varredura GIG-CPH: 0 ofertas na janela.
2026-09-16 19:07:56,897  INFO    cacador  Varredura GIG-FRA: 0 ofertas na janela.
2026-09-16 19:07:56,950  INFO    cacador  Varredura GIG-MUC: 0 ofertas na janela.
2026-09-16 19:07:57,024  INFO    cacador  Varredura GIG-BER: 0 ofertas na janela.
2026-09-16 19:07:57,128  INFO    cacador  Varredura GIG-VIE: 0 ofertas na janela.
2026-09-16 19:07:57,129  INFO    cacador  Varredura concluida: 0 ofertas gravadas.
2026-09-16 19:07:57,152  INFO    src.dashboard  Painel gerado em /home/runner/work/cacador-de-tarifas/cacador-de-tarifas/docs/index.html
2026-09-16 19:07:57,152  INFO    cacador  === Fim da rodada. Historico com 1830 ofertas. ===
2026-09-16 19:50:45,777  INFO    cacador  === Rodada 'zoom' em 16/09/2026 16:50 ===
2026-09-16 19:50:45,789  INFO    cacador  Zoom em 2027-04-22 (desconto aparente de 24%).
2026-09-16 19:51:00,543  INFO    cacador  Cota: 123/250 buscas usadas neste mes.
2026-09-16 19:51:00,551  INFO    cacador  Alertas enviados nesta rodada: 0
2026-09-16 19:51:00,581  INFO    src.dashboard  Painel gerado em /home/runner/work/cacador-de-tarifas/cacador-de-tarifas/docs/index.html
2026-09-16 19:51:00,582  INFO    cacador  === Fim da rodada. Historico com 1851 ofertas. ===
2026-09-17 00:59:07,568  INFO    cacador  === Rodada 'varredura' em 16/09/2026 21:59 ===
2026-09-17 00:59:07,723  INFO    cacador  Varredura BSB-AMS: 0 ofertas na janela.
2026-09-17 00:59:07,749  INFO    cacador  Varredura BSB-CPH: 0 ofertas na janela.
2026-09-17 00:59:07,774  INFO    cacador  Varredura BSB-FRA: 0 ofertas na janela.
2026-09-17 00:59:07,814  INFO    cacador  Varredura BSB-MUC: 0 ofertas na janela.
2026-09-17 00:59:07,837  INFO    cacador  Varredura BSB-BER: 0 ofertas na janela.
2026-09-17 00:59:07,872  INFO    cacador  Varredura BSB-VIE: 0 ofertas na janela.
2026-09-17 00:59:07,944  INFO    cacador  Varredura GRU-AMS: 0 ofertas na janela.
2026-09-17 00:59:07,969  INFO    cacador  Varredura GRU-CPH: 0 ofertas na janela.
2026-09-17 00:59:08,039  INFO    cacador  Varredura GRU-FRA: 0 ofertas na janela.
2026-09-17 00:59:08,097  INFO    cacador  Varredura GRU-MUC: 0 ofertas na janela.
2026-09-17 00:59:08,128  INFO    cacador  Varredura GRU-BER: 0 ofertas na janela.
2026-09-17 00:59:08,157  INFO    cacador  Varredura GRU-VIE: 0 ofertas na janela.
2026-09-17 00:59:08,189  INFO    cacador  Varredura GIG-AMS: 0 ofertas na janela.
2026-09-17 00:59:08,216  INFO    cacador  Varredura GIG-CPH: 0 ofertas na janela.
2026-09-17 00:59:08,270  INFO    cacador  Varredura GIG-FRA: 0 ofertas na janela.
2026-09-17 00:59:08,298  INFO    cacador  Varredura GIG-MUC: 0 ofertas na janela.
2026-09-17 00:59:08,355  INFO    cacador  Varredura GIG-BER: 0 ofertas na janela.
2026-09-17 00:59:08,384  INFO    cacador  Varredura GIG-VIE: 0 ofertas na janela.
2026-09-17 00:59:08,384  INFO    cacador  Varredura concluida: 0 ofertas gravadas.
2026-09-17 00:59:08,417  INFO    src.dashboard  Painel gerado em /home/runner/work/cacador-de-tarifas/cacador-de-tarifas/docs/index.html
2026-09-17 00:59:08,417  INFO    cacador  === Fim da rodada. Historico com 1851 ofertas. ===
2026-09-17 02:56:06,811  INFO    cacador  === Rodada 'grade' em 16/09/2026 23:56 ===
2026-09-17 02:56:13,448  INFO    cacador  Cota: 124/250 buscas usadas neste mes.
2026-09-17 02:56:13,449  INFO    cacador  Grade 2027-04-20: 13 ofertas · faixa tipica do Google None
2026-09-17 02:56:20,501  INFO    cacador  Cota: 125/250 buscas usadas neste mes.
2026-09-17 02:56:20,503  INFO    cacador  Grade 2027-04-21: 20 ofertas · faixa tipica do Google None
2026-09-17 02:56:36,418  INFO    cacador  Cota: 126/250 buscas usadas neste mes.
2026-09-17 02:56:36,419  INFO    cacador  Grade 2027-04-22: 13 ofertas · faixa tipica do Google None
2026-09-17 02:56:36,433  INFO    cacador  Alertas enviados nesta rodada: 0
2026-09-17 02:56:36,463  INFO    src.dashboard  Painel gerado em /home/runner/work/cacador-de-tarifas/cacador-de-tarifas/docs/index.html
2026-09-17 02:56:36,463  INFO    cacador  === Fim da rodada. Historico com 1897 ofertas. ===
2026-09-17 14:10:30,103  INFO    cacador  === Rodada 'varredura' em 17/09/2026 11:10 ===
2026-09-17 14:10:30,251  INFO    cacador  Varredura BSB-AMS: 0 ofertas na janela.
2026-09-17 14:10:30,276  INFO    cacador  Varredura BSB-CPH: 0 ofertas na janela.
2026-09-17 14:10:30,302  INFO    cacador  Varredura BSB-FRA: 0 ofertas na janela.
2026-09-17 14:10:30,376  INFO    cacador  Varredura BSB-MUC: 0 ofertas na janela.
2026-09-17 14:10:30,413  INFO    cacador  Varredura BSB-BER: 0 ofertas na janela.
2026-09-17 14:10:30,439  INFO    cacador  Varredura BSB-VIE: 0 ofertas na janela.
2026-09-17 14:10:30,468  INFO    cacador  Varredura GRU-AMS: 0 ofertas na janela.
2026-09-17 14:10:30,496  INFO    cacador  Varredura GRU-CPH: 0 ofertas na janela.
2026-09-17 14:10:30,523  INFO    cacador  Varredura GRU-FRA: 0 ofertas na janela.
2026-09-17 14:10:30,563  INFO    cacador  Varredura GRU-MUC: 0 ofertas na janela.
2026-09-17 14:10:30,609  INFO    cacador  Varredura GRU-BER: 0 ofertas na janela.
2026-09-17 14:10:30,652  INFO    cacador  Varredura GRU-VIE: 0 ofertas na janela.
2026-09-17 14:10:30,711  INFO    cacador  Varredura GIG-AMS: 0 ofertas na janela.
2026-09-17 14:10:30,748  INFO    cacador  Varredura GIG-CPH: 0 ofertas na janela.
2026-09-17 14:10:30,771  INFO    cacador  Varredura GIG-FRA: 0 ofertas na janela.
2026-09-17 14:10:30,797  INFO    cacador  Varredura GIG-MUC: 0 ofertas na janela.
2026-09-17 14:10:30,823  INFO    cacador  Varredura GIG-BER: 0 ofertas na janela.
2026-09-17 14:10:30,848  INFO    cacador  Varredura GIG-VIE: 0 ofertas na janela.
2026-09-17 14:10:30,848  INFO    cacador  Varredura concluida: 0 ofertas gravadas.
2026-09-17 14:10:30,882  INFO    src.dashboard  Painel gerado em /home/runner/work/cacador-de-tarifas/cacador-de-tarifas/docs/index.html
2026-09-17 14:10:30,882  INFO    cacador  === Fim da rodada. Historico com 1897 ofertas. ===
2026-09-17 15:22:36,841  INFO    cacador  === Rodada 'grade' em 17/09/2026 12:22 ===
2026-09-17 15:22:43,140  INFO    cacador  Cota: 127/250 buscas usadas neste mes.
2026-09-17 15:22:43,141  INFO    cacador  Grade 2027-04-23: 14 ofertas · faixa tipica do Google None
2026-09-17 15:23:00,002  INFO    cacador  Cota: 128/250 buscas usadas neste mes.
2026-09-17 15:23:00,003  INFO    cacador  Grade 2027-04-13: 12 ofertas · faixa tipica do Google None
2026-09-17 15:23:06,523  INFO    cacador  Cota: 129/250 buscas usadas neste mes.
2026-09-17 15:23:06,524  INFO    cacador  Grade 2027-04-14: 19 ofertas · faixa tipica do Google None
2026-09-17 15:23:13,327  INFO    cacador  Cota: 130/250 buscas usadas neste mes.
2026-09-17 15:23:13,328  INFO    cacador  Grade 2027-04-15: 11 ofertas · faixa tipica do Google None
2026-09-17 15:23:24,060  INFO    cacador  Cota: 131/250 buscas usadas neste mes.
2026-09-17 15:23:24,061  INFO    cacador  Comparativo ida e volta (2027-04-18 → 2027-04-25): a partir de R$ 4920
2026-09-17 15:23:24,076  INFO    cacador  Alertas enviados nesta rodada: 0
2026-09-17 15:23:24,106  INFO    src.dashboard  Painel gerado em /home/runner/work/cacador-de-tarifas/cacador-de-tarifas/docs/index.html
2026-09-17 15:23:24,107  INFO    cacador  === Fim da rodada. Historico com 1967 ofertas. ===
2026-09-17 19:19:38,606  INFO    cacador  === Rodada 'varredura' em 17/09/2026 16:19 ===
2026-09-17 19:19:38,701  INFO    cacador  Varredura BSB-AMS: 0 ofertas na janela.
2026-09-17 19:19:38,724  INFO    cacador  Varredura BSB-CPH: 0 ofertas na janela.
2026-09-17 19:19:38,751  INFO    cacador  Varredura BSB-FRA: 0 ofertas na janela.
2026-09-17 19:19:38,786  INFO    cacador  Varredura BSB-MUC: 0 ofertas na janela.
2026-09-17 19:19:38,810  INFO    cacador  Varredura BSB-BER: 0 ofertas na janela.
2026-09-17 19:19:38,834  INFO    cacador  Varredura BSB-VIE: 0 ofertas na janela.
2026-09-17 19:19:38,860  INFO    cacador  Varredura GRU-AMS: 0 ofertas na janela.
2026-09-17 19:19:38,885  INFO    cacador  Varredura GRU-CPH: 0 ofertas na janela.
2026-09-17 19:19:38,989  INFO    cacador  Varredura GRU-FRA: 0 ofertas na janela.
2026-09-17 19:19:39,024  INFO    cacador  Varredura GRU-MUC: 0 ofertas na janela.
2026-09-17 19:19:39,049  INFO    cacador  Varredura GRU-BER: 0 ofertas na janela.
2026-09-17 19:19:39,085  INFO    cacador  Varredura GRU-VIE: 0 ofertas na janela.
2026-09-17 19:19:39,140  INFO    cacador  Varredura GIG-AMS: 0 ofertas na janela.
2026-09-17 19:19:39,212  INFO    cacador  Varredura GIG-CPH: 0 ofertas na janela.
2026-09-17 19:19:39,268  INFO    cacador  Varredura GIG-FRA: 0 ofertas na janela.
2026-09-17 19:19:39,296  INFO    cacador  Varredura GIG-MUC: 0 ofertas na janela.
2026-09-17 19:19:39,323  INFO    cacador  Varredura GIG-BER: 0 ofertas na janela.
2026-09-17 19:19:39,347  INFO    cacador  Varredura GIG-VIE: 0 ofertas na janela.
2026-09-17 19:19:39,348  INFO    cacador  Varredura concluida: 0 ofertas gravadas.
2026-09-17 19:19:39,380  INFO    src.dashboard  Painel gerado em /home/runner/work/cacador-de-tarifas/cacador-de-tarifas/docs/index.html
2026-09-17 19:19:39,380  INFO    cacador  === Fim da rodada. Historico com 1967 ofertas. ===
2026-09-17 19:59:41,071  INFO    cacador  === Rodada 'zoom' em 17/09/2026 16:59 ===
2026-09-17 19:59:41,078  INFO    cacador  Zoom em 2027-04-22 (desconto aparente de 24%).
2026-09-17 19:59:49,642  INFO    cacador  Cota: 132/250 buscas usadas neste mes.
2026-09-17 19:59:49,647  INFO    cacador  Alertas enviados nesta rodada: 0
2026-09-17 19:59:49,666  INFO    src.dashboard  Painel gerado em /home/runner/work/cacador-de-tarifas/cacador-de-tarifas/docs/index.html
2026-09-17 19:59:49,666  INFO    cacador  === Fim da rodada. Historico com 1983 ofertas. ===
2026-09-18 00:55:22,816  INFO    cacador  === Rodada 'varredura' em 17/09/2026 21:55 ===
2026-09-18 00:55:23,033  INFO    cacador  Varredura BSB-AMS: 0 ofertas na janela.
2026-09-18 00:55:23,083  INFO    cacador  Varredura BSB-CPH: 0 ofertas na janela.
2026-09-18 00:55:23,195  INFO    cacador  Varredura BSB-FRA: 0 ofertas na janela.
2026-09-18 00:55:23,245  INFO    cacador  Varredura BSB-MUC: 0 ofertas na janela.
2026-09-18 00:55:23,344  INFO    cacador  Varredura BSB-BER: 0 ofertas na janela.
2026-09-18 00:55:23,449  INFO    cacador  Varredura BSB-VIE: 0 ofertas na janela.
2026-09-18 00:55:23,554  INFO    cacador  Varredura GRU-AMS: 0 ofertas na janela.
2026-09-18 00:55:23,653  INFO    cacador  Varredura GRU-CPH: 0 ofertas na janela.
2026-09-18 00:55:23,758  INFO    cacador  Varredura GRU-FRA: 0 ofertas na janela.
2026-09-18 00:55:23,859  INFO    cacador  Varredura GRU-MUC: 0 ofertas na janela.
2026-09-18 00:55:23,965  INFO    cacador  Varredura GRU-BER: 0 ofertas na janela.
2026-09-18 00:55:24,017  INFO    cacador  Varredura GRU-VIE: 0 ofertas na janela.
2026-09-18 00:55:24,117  INFO    cacador  Varredura GIG-AMS: 0 ofertas na janela.
2026-09-18 00:55:24,222  INFO    cacador  Varredura GIG-CPH: 0 ofertas na janela.
2026-09-18 00:55:24,297  INFO    cacador  Varredura GIG-FRA: 0 ofertas na janela.
2026-09-18 00:55:24,349  INFO    cacador  Varredura GIG-MUC: 0 ofertas na janela.
2026-09-18 00:55:24,450  INFO    cacador  Varredura GIG-BER: 0 ofertas na janela.
2026-09-18 00:55:24,503  INFO    cacador  Varredura GIG-VIE: 0 ofertas na janela.
2026-09-18 00:55:24,503  INFO    cacador  Varredura concluida: 0 ofertas gravadas.
2026-09-18 00:55:24,534  INFO    src.dashboard  Painel gerado em /home/runner/work/cacador-de-tarifas/cacador-de-tarifas/docs/index.html
2026-09-18 00:55:24,534  INFO    cacador  === Fim da rodada. Historico com 1983 ofertas. ===
2026-09-18 02:42:48,787  INFO    cacador  === Rodada 'grade' em 17/09/2026 23:42 ===
2026-09-18 02:42:55,428  INFO    cacador  Cota: 133/250 buscas usadas neste mes.
2026-09-18 02:42:55,428  INFO    cacador  Grade 2027-04-16: 13 ofertas · faixa tipica do Google None
2026-09-18 02:43:01,050  INFO    cacador  Cota: 134/250 buscas usadas neste mes.
2026-09-18 02:43:01,051  INFO    cacador  Grade 2027-04-17: 10 ofertas · faixa tipica do Google None
2026-09-18 02:43:12,686  INFO    cacador  Cota: 135/250 buscas usadas neste mes.
2026-09-18 02:43:12,687  INFO    cacador  Grade 2027-04-18: 13 ofertas · faixa tipica do Google None
2026-09-18 02:43:12,695  INFO    cacador  Alertas enviados nesta rodada: 0
2026-09-18 02:43:12,714  INFO    src.dashboard  Painel gerado em /home/runner/work/cacador-de-tarifas/cacador-de-tarifas/docs/index.html
2026-09-18 02:43:12,714  INFO    cacador  === Fim da rodada. Historico com 2019 ofertas. ===
2026-09-18 13:29:03,014  INFO    cacador  === Rodada 'varredura' em 18/09/2026 10:29 ===
2026-09-18 13:29:03,225  INFO    cacador  Varredura BSB-AMS: 0 ofertas na janela.
2026-09-18 13:29:03,304  INFO    cacador  Varredura BSB-CPH: 0 ofertas na janela.
2026-09-18 13:29:03,506  INFO    cacador  Varredura BSB-FRA: 0 ofertas na janela.
2026-09-18 13:29:03,694  INFO    cacador  Varredura BSB-MUC: 0 ofertas na janela.
2026-09-18 13:29:03,897  INFO    cacador  Varredura BSB-BER: 0 ofertas na janela.
2026-09-18 13:29:04,098  INFO    cacador  Varredura BSB-VIE: 0 ofertas na janela.
2026-09-18 13:29:04,188  INFO    cacador  Varredura GRU-AMS: 0 ofertas na janela.
2026-09-18 13:29:04,263  INFO    cacador  Varredura GRU-CPH: 0 ofertas na janela.
2026-09-18 13:29:04,464  INFO    cacador  Varredura GRU-FRA: 0 ofertas na janela.
2026-09-18 13:29:04,544  INFO    cacador  Varredura GRU-MUC: 0 ofertas na janela.
2026-09-18 13:29:04,624  INFO    cacador  Varredura GRU-BER: 0 ofertas na janela.
2026-09-18 13:29:04,705  INFO    cacador  Varredura GRU-VIE: 0 ofertas na janela.
2026-09-18 13:29:04,792  INFO    cacador  Varredura GIG-AMS: 0 ofertas na janela.
2026-09-18 13:29:04,981  INFO    cacador  Varredura GIG-CPH: 0 ofertas na janela.
2026-09-18 13:29:05,182  INFO    cacador  Varredura GIG-FRA: 0 ofertas na janela.
2026-09-18 13:29:05,264  INFO    cacador  Varredura GIG-MUC: 0 ofertas na janela.
2026-09-18 13:29:05,339  INFO    cacador  Varredura GIG-BER: 0 ofertas na janela.
2026-09-18 13:29:05,538  INFO    cacador  Varredura GIG-VIE: 0 ofertas na janela.
2026-09-18 13:29:05,538  INFO    cacador  Varredura concluida: 0 ofertas gravadas.
2026-09-18 13:29:05,571  INFO    src.dashboard  Painel gerado em /home/runner/work/cacador-de-tarifas/cacador-de-tarifas/docs/index.html
2026-09-18 13:29:05,572  INFO    cacador  === Fim da rodada. Historico com 2019 ofertas. ===
2026-09-18 14:42:15,494  INFO    cacador  === Rodada 'grade' em 18/09/2026 11:42 ===
2026-09-18 14:42:21,791  INFO    cacador  Cota: 136/250 buscas usadas neste mes.
2026-09-18 14:42:21,792  INFO    cacador  Grade 2027-04-19: 12 ofertas · faixa tipica do Google None
2026-09-18 14:42:33,161  INFO    cacador  Cota: 137/250 buscas usadas neste mes.
2026-09-18 14:42:33,162  INFO    cacador  Grade 2027-04-20: 13 ofertas · faixa tipica do Google None
2026-09-18 14:42:39,064  INFO    cacador  Cota: 138/250 buscas usadas neste mes.
2026-09-18 14:42:39,065  INFO    cacador  Grade 2027-04-21: 17 ofertas · faixa tipica do Google None
2026-09-18 14:42:47,239  INFO    cacador  Cota: 139/250 buscas usadas neste mes.
2026-09-18 14:42:47,240  INFO    cacador  Grade 2027-04-22: 13 ofertas · faixa tipica do Google None
2026-09-18 14:43:02,686  INFO    cacador  Cota: 140/250 buscas usadas neste mes.
2026-09-18 14:43:02,687  INFO    cacador  Comparativo ida e volta (2027-04-18 → 2027-04-25): a partir de R$ 4919
2026-09-18 14:43:02,703  INFO    cacador  Alertas enviados nesta rodada: 0
2026-09-18 14:43:02,734  INFO    src.dashboard  Painel gerado em /home/runner/work/cacador-de-tarifas/cacador-de-tarifas/docs/index.html
2026-09-18 14:43:02,735  INFO    cacador  === Fim da rodada. Historico com 2088 ofertas. ===
2026-09-18 18:39:43,265  INFO    cacador  === Rodada 'varredura' em 18/09/2026 15:39 ===
2026-09-18 18:39:43,647  INFO    cacador  Varredura BSB-AMS: 0 ofertas na janela.
2026-09-18 18:39:43,674  INFO    cacador  Varredura BSB-CPH: 0 ofertas na janela.
2026-09-18 18:39:43,727  INFO    cacador  Varredura BSB-FRA: 0 ofertas na janela.
2026-09-18 18:39:43,783  INFO    cacador  Varredura BSB-MUC: 0 ofertas na janela.
2026-09-18 18:39:43,833  INFO    cacador  Varredura BSB-BER: 0 ofertas na janela.
2026-09-18 18:39:43,863  INFO    cacador  Varredura BSB-VIE: 0 ofertas na janela.
2026-09-18 18:39:43,916  INFO    cacador  Varredura GRU-AMS: 0 ofertas na janela.
2026-09-18 18:39:43,946  INFO    cacador  Varredura GRU-CPH: 0 ofertas na janela.
2026-09-18 18:39:43,996  INFO    cacador  Varredura GRU-FRA: 0 ofertas na janela.
2026-09-18 18:39:44,028  INFO    cacador  Varredura GRU-MUC: 0 ofertas na janela.
2026-09-18 18:39:44,084  INFO    cacador  Varredura GRU-BER: 0 ofertas na janela.
2026-09-18 18:39:44,133  INFO    cacador  Varredura GRU-VIE: 0 ofertas na janela.
2026-09-18 18:39:44,186  INFO    cacador  Varredura GIG-AMS: 0 ofertas na janela.
2026-09-18 18:39:44,236  INFO    cacador  Varredura GIG-CPH: 0 ofertas na janela.
2026-09-18 18:39:44,264  INFO    cacador  Varredura GIG-FRA: 0 ofertas na janela.
2026-09-18 18:39:44,324  INFO    cacador  Varredura GIG-MUC: 0 ofertas na janela.
2026-09-18 18:39:44,376  INFO    cacador  Varredura GIG-BER: 0 ofertas na janela.
2026-09-18 18:39:44,406  INFO    cacador  Varredura GIG-VIE: 0 ofertas na janela.
2026-09-18 18:39:44,406  INFO    cacador  Varredura concluida: 0 ofertas gravadas.
2026-09-18 18:39:44,439  INFO    src.dashboard  Painel gerado em /home/runner/work/cacador-de-tarifas/cacador-de-tarifas/docs/index.html
2026-09-18 18:39:44,439  INFO    cacador  === Fim da rodada. Historico com 2088 ofertas. ===
2026-09-18 19:25:53,523  INFO    cacador  === Rodada 'zoom' em 18/09/2026 16:25 ===
2026-09-18 19:25:53,533  INFO    cacador  Zoom em 2027-04-22 (desconto aparente de 24%).
2026-09-18 19:26:00,365  INFO    cacador  Cota: 141/250 buscas usadas neste mes.
2026-09-18 19:26:00,371  INFO    cacador  Alertas enviados nesta rodada: 0
2026-09-18 19:26:00,399  INFO    src.dashboard  Painel gerado em /home/runner/work/cacador-de-tarifas/cacador-de-tarifas/docs/index.html
2026-09-18 19:26:00,399  INFO    cacador  === Fim da rodada. Historico com 2101 ofertas. ===
2026-09-19 00:51:17,925  INFO    cacador  === Rodada 'varredura' em 18/09/2026 21:51 ===
2026-09-19 00:51:18,082  INFO    cacador  Varredura BSB-AMS: 0 ofertas na janela.
2026-09-19 00:51:18,111  INFO    cacador  Varredura BSB-CPH: 0 ofertas na janela.
2026-09-19 00:51:18,144  INFO    cacador  Varredura BSB-FRA: 0 ofertas na janela.
2026-09-19 00:51:18,180  INFO    cacador  Varredura BSB-MUC: 0 ofertas na janela.
2026-09-19 00:51:18,207  INFO    cacador  Varredura BSB-BER: 0 ofertas na janela.
2026-09-19 00:51:18,259  INFO    cacador  Varredura BSB-VIE: 0 ofertas na janela.
2026-09-19 00:51:18,291  INFO    cacador  Varredura GRU-AMS: 0 ofertas na janela.
2026-09-19 00:51:18,344  INFO    cacador  Varredura GRU-CPH: 0 ofertas na janela.
2026-09-19 00:51:18,373  INFO    cacador  Varredura GRU-FRA: 0 ofertas na janela.
2026-09-19 00:51:18,428  INFO    cacador  Varredura GRU-MUC: 0 ofertas na janela.
2026-09-19 00:51:18,464  INFO    cacador  Varredura GRU-BER: 0 ofertas na janela.
2026-09-19 00:51:18,502  INFO    cacador  Varredura GRU-VIE: 0 ofertas na janela.
2026-09-19 00:51:18,531  INFO    cacador  Varredura GIG-AMS: 0 ofertas na janela.
2026-09-19 00:51:18,573  INFO    cacador  Varredura GIG-CPH: 0 ofertas na janela.
2026-09-19 00:51:18,603  INFO    cacador  Varredura GIG-FRA: 0 ofertas na janela.
2026-09-19 00:51:18,654  INFO    cacador  Varredura GIG-MUC: 0 ofertas na janela.
2026-09-19 00:51:18,681  INFO    cacador  Varredura GIG-BER: 0 ofertas na janela.
2026-09-19 00:51:18,716  INFO    cacador  Varredura GIG-VIE: 0 ofertas na janela.
2026-09-19 00:51:18,716  INFO    cacador  Varredura concluida: 0 ofertas gravadas.
2026-09-19 00:51:18,749  INFO    src.dashboard  Painel gerado em /home/runner/work/cacador-de-tarifas/cacador-de-tarifas/docs/index.html
2026-09-19 00:51:18,750  INFO    cacador  === Fim da rodada. Historico com 2101 ofertas. ===
2026-09-19 02:41:23,543  INFO    cacador  === Rodada 'grade' em 18/09/2026 23:41 ===
2026-09-19 02:41:29,290  INFO    cacador  Cota: 142/250 buscas usadas neste mes.
2026-09-19 02:41:29,291  INFO    cacador  Grade 2027-04-23: 14 ofertas · faixa tipica do Google None
2026-09-19 02:41:37,225  INFO    cacador  Cota: 143/250 buscas usadas neste mes.
2026-09-19 02:41:37,226  INFO    cacador  Grade 2027-04-13: 11 ofertas · faixa tipica do Google None
2026-09-19 02:41:45,055  INFO    cacador  Cota: 144/250 buscas usadas neste mes.
2026-09-19 02:41:45,057  INFO    cacador  Grade 2027-04-14: 18 ofertas · faixa tipica do Google None
2026-09-19 02:41:45,070  INFO    cacador  Alertas enviados nesta rodada: 0
2026-09-19 02:41:45,106  INFO    src.dashboard  Painel gerado em /home/runner/work/cacador-de-tarifas/cacador-de-tarifas/docs/index.html
2026-09-19 02:41:45,106  INFO    cacador  === Fim da rodada. Historico com 2144 ofertas. ===
2026-09-19 12:57:45,292  INFO    cacador  === Rodada 'varredura' em 19/09/2026 09:57 ===
2026-09-19 12:57:45,447  INFO    cacador  Varredura BSB-AMS: 0 ofertas na janela.
2026-09-19 12:57:45,509  INFO    cacador  Varredura BSB-CPH: 0 ofertas na janela.
2026-09-19 12:57:45,674  INFO    cacador  Varredura BSB-FRA: 0 ofertas na janela.
2026-09-19 12:57:45,838  INFO    cacador  Varredura BSB-MUC: 0 ofertas na janela.
2026-09-19 12:57:45,907  INFO    cacador  Varredura BSB-BER: 0 ofertas na janela.
2026-09-19 12:57:46,071  INFO    cacador  Varredura BSB-VIE: 0 ofertas na janela.
2026-09-19 12:57:46,238  INFO    cacador  Varredura GRU-AMS: 0 ofertas na janela.
2026-09-19 12:57:46,404  INFO    cacador  Varredura GRU-CPH: 0 ofertas na janela.
2026-09-19 12:57:46,468  INFO    cacador  Varredura GRU-FRA: 0 ofertas na janela.
2026-09-19 12:57:46,538  INFO    cacador  Varredura GRU-MUC: 0 ofertas na janela.
2026-09-19 12:57:46,603  INFO    cacador  Varredura GRU-BER: 0 ofertas na janela.
2026-09-19 12:57:46,677  INFO    cacador  Varredura GRU-VIE: 0 ofertas na janela.
2026-09-19 12:57:46,844  INFO    cacador  Varredura GIG-AMS: 0 ofertas na janela.
2026-09-19 12:57:47,008  INFO    cacador  Varredura GIG-CPH: 0 ofertas na janela.
2026-09-19 12:57:47,176  INFO    cacador  Varredura GIG-FRA: 0 ofertas na janela.
2026-09-19 12:57:47,359  INFO    cacador  Varredura GIG-MUC: 0 ofertas na janela.
2026-09-19 12:57:47,557  INFO    cacador  Varredura GIG-BER: 0 ofertas na janela.
2026-09-19 12:57:47,731  INFO    cacador  Varredura GIG-VIE: 0 ofertas na janela.
2026-09-19 12:57:47,731  INFO    cacador  Varredura concluida: 0 ofertas gravadas.
2026-09-19 12:57:47,765  INFO    src.dashboard  Painel gerado em /home/runner/work/cacador-de-tarifas/cacador-de-tarifas/docs/index.html
2026-09-19 12:57:47,765  INFO    cacador  === Fim da rodada. Historico com 2144 ofertas. ===
2026-09-19 14:02:53,381  INFO    cacador  === Rodada 'grade' em 19/09/2026 11:02 ===
2026-09-19 14:02:59,456  INFO    cacador  Cota: 145/250 buscas usadas neste mes.
2026-09-19 14:02:59,457  INFO    cacador  Grade 2027-04-15: 12 ofertas · faixa tipica do Google None
2026-09-19 14:03:07,588  INFO    cacador  Cota: 146/250 buscas usadas neste mes.
2026-09-19 14:03:07,589  INFO    cacador  Grade 2027-04-16: 11 ofertas · faixa tipica do Google None
2026-09-19 14:03:14,282  INFO    cacador  Cota: 147/250 buscas usadas neste mes.
2026-09-19 14:03:14,283  INFO    cacador  Grade 2027-04-17: 9 ofertas · faixa tipica do Google None
2026-09-19 14:03:20,676  INFO    cacador  Cota: 148/250 buscas usadas neste mes.
2026-09-19 14:03:20,677  INFO    cacador  Grade 2027-04-18: 9 ofertas · faixa tipica do Google None
2026-09-19 14:03:30,572  INFO    cacador  Cota: 149/250 buscas usadas neste mes.
2026-09-19 14:03:30,573  INFO    cacador  Comparativo ida e volta (2027-04-18 → 2027-04-25): a partir de R$ 4922
2026-09-19 14:03:31,581  INFO    cacador  ALERTA enviado: GRU-AMS 2027-04-18 R$3453 score 82 (lembrete: continua disponivel ha 7 dias)
2026-09-19 14:03:31,582  INFO    cacador  Alertas enviados nesta rodada: 1
2026-09-19 14:03:31,614  INFO    src.dashboard  Painel gerado em /home/runner/work/cacador-de-tarifas/cacador-de-tarifas/docs/index.html
2026-09-19 14:03:31,614  INFO    cacador  === Fim da rodada. Historico com 2199 ofertas. ===
2026-09-19 18:14:12,813  INFO    cacador  === Rodada 'varredura' em 19/09/2026 15:14 ===
2026-09-19 18:14:12,910  INFO    cacador  Varredura BSB-AMS: 0 ofertas na janela.
2026-09-19 18:14:12,933  INFO    cacador  Varredura BSB-CPH: 0 ofertas na janela.
2026-09-19 18:14:12,997  INFO    cacador  Varredura BSB-FRA: 0 ofertas na janela.
2026-09-19 18:14:13,045  INFO    cacador  Varredura BSB-MUC: 0 ofertas na janela.
2026-09-19 18:14:13,086  INFO    cacador  Varredura BSB-BER: 0 ofertas na janela.
2026-09-19 18:14:13,130  INFO    cacador  Varredura BSB-VIE: 0 ofertas na janela.
2026-09-19 18:14:13,175  INFO    cacador  Varredura GRU-AMS: 0 ofertas na janela.
2026-09-19 18:14:13,222  INFO    cacador  Varredura GRU-CPH: 0 ofertas na janela.
2026-09-19 18:14:13,270  INFO    cacador  Varredura GRU-FRA: 0 ofertas na janela.
2026-09-19 18:14:13,315  INFO    cacador  Varredura GRU-MUC: 0 ofertas na janela.
2026-09-19 18:14:13,360  INFO    cacador  Varredura GRU-BER: 0 ofertas na janela.
2026-09-19 18:14:13,402  INFO    cacador  Varredura GRU-VIE: 0 ofertas na janela.
2026-09-19 18:14:13,446  INFO    cacador  Varredura GIG-AMS: 0 ofertas na janela.
2026-09-19 18:14:13,481  INFO    cacador  Varredura GIG-CPH: 0 ofertas na janela.
2026-09-19 18:14:13,532  INFO    cacador  Varredura GIG-FRA: 0 ofertas na janela.
2026-09-19 18:14:13,573  INFO    cacador  Varredura GIG-MUC: 0 ofertas na janela.
2026-09-19 18:14:13,611  INFO    cacador  Varredura GIG-BER: 0 ofertas na janela.
2026-09-19 18:14:13,653  INFO    cacador  Varredura GIG-VIE: 0 ofertas na janela.
2026-09-19 18:14:13,653  INFO    cacador  Varredura concluida: 0 ofertas gravadas.
2026-09-19 18:14:13,692  INFO    src.dashboard  Painel gerado em /home/runner/work/cacador-de-tarifas/cacador-de-tarifas/docs/index.html
2026-09-19 18:14:13,693  INFO    cacador  === Fim da rodada. Historico com 2199 ofertas. ===
2026-09-19 19:09:04,305  INFO    cacador  === Rodada 'zoom' em 19/09/2026 16:09 ===
2026-09-19 19:09:04,320  INFO    cacador  Zoom em 2027-04-22 (desconto aparente de 24%).
2026-09-19 19:09:17,665  INFO    cacador  Cota: 150/250 buscas usadas neste mes.
2026-09-19 19:09:17,670  INFO    cacador  Alertas enviados nesta rodada: 0
2026-09-19 19:09:17,694  INFO    src.dashboard  Painel gerado em /home/runner/work/cacador-de-tarifas/cacador-de-tarifas/docs/index.html
2026-09-19 19:09:17,694  INFO    cacador  === Fim da rodada. Historico com 2212 ofertas. ===
2026-09-20 00:31:32,035  INFO    cacador  === Rodada 'varredura' em 19/09/2026 21:31 ===
2026-09-20 00:31:32,189  INFO    cacador  Varredura BSB-AMS: 0 ofertas na janela.
2026-09-20 00:31:32,217  INFO    cacador  Varredura BSB-CPH: 0 ofertas na janela.
2026-09-20 00:31:32,240  INFO    cacador  Varredura BSB-FRA: 0 ofertas na janela.
2026-09-20 00:31:32,267  INFO    cacador  Varredura BSB-MUC: 0 ofertas na janela.
2026-09-20 00:31:32,293  INFO    cacador  Varredura BSB-BER: 0 ofertas na janela.
2026-09-20 00:31:32,320  INFO    cacador  Varredura BSB-VIE: 0 ofertas na janela.
2026-09-20 00:31:32,342  INFO    cacador  Varredura GRU-AMS: 0 ofertas na janela.
2026-09-20 00:31:32,368  INFO    cacador  Varredura GRU-CPH: 0 ofertas na janela.
2026-09-20 00:31:32,392  INFO    cacador  Varredura GRU-FRA: 0 ofertas na janela.
2026-09-20 00:31:32,421  INFO    cacador  Varredura GRU-MUC: 0 ofertas na janela.
2026-09-20 00:31:32,448  INFO    cacador  Varredura GRU-BER: 0 ofertas na janela.
2026-09-20 00:31:32,471  INFO    cacador  Varredura GRU-VIE: 0 ofertas na janela.
2026-09-20 00:31:32,494  INFO    cacador  Varredura GIG-AMS: 0 ofertas na janela.
2026-09-20 00:31:32,521  INFO    cacador  Varredura GIG-CPH: 0 ofertas na janela.
2026-09-20 00:31:32,574  INFO    cacador  Varredura GIG-FRA: 0 ofertas na janela.
2026-09-20 00:31:32,598  INFO    cacador  Varredura GIG-MUC: 0 ofertas na janela.
2026-09-20 00:31:32,625  INFO    cacador  Varredura GIG-BER: 0 ofertas na janela.
2026-09-20 00:31:32,671  INFO    cacador  Varredura GIG-VIE: 0 ofertas na janela.
2026-09-20 00:31:32,671  INFO    cacador  Varredura concluida: 0 ofertas gravadas.
2026-09-20 00:31:32,707  INFO    src.dashboard  Painel gerado em /home/runner/work/cacador-de-tarifas/cacador-de-tarifas/docs/index.html
2026-09-20 00:31:32,707  INFO    cacador  === Fim da rodada. Historico com 2212 ofertas. ===
2026-09-20 02:53:54,122  INFO    cacador  === Rodada 'grade' em 19/09/2026 23:53 ===
2026-09-20 02:54:00,370  INFO    cacador  Cota: 151/250 buscas usadas neste mes.
2026-09-20 02:54:00,371  INFO    cacador  Grade 2027-04-19: 14 ofertas · faixa tipica do Google None
2026-09-20 02:54:06,390  INFO    cacador  Cota: 152/250 buscas usadas neste mes.
2026-09-20 02:54:06,390  INFO    cacador  Grade 2027-04-20: 13 ofertas · faixa tipica do Google None
2026-09-20 02:54:13,425  INFO    cacador  Cota: 153/250 buscas usadas neste mes.
2026-09-20 02:54:13,426  INFO    cacador  Grade 2027-04-21: 19 ofertas · faixa tipica do Google None
2026-09-20 02:54:13,440  INFO    cacador  Alertas enviados nesta rodada: 0
2026-09-20 02:54:13,474  INFO    src.dashboard  Painel gerado em /home/runner/work/cacador-de-tarifas/cacador-de-tarifas/docs/index.html
2026-09-20 02:54:13,474  INFO    cacador  === Fim da rodada. Historico com 2258 ofertas. ===
2026-09-20 13:29:47,697  INFO    cacador  === Rodada 'varredura' em 20/09/2026 10:29 ===
2026-09-20 13:29:47,827  INFO    cacador  Varredura BSB-AMS: 0 ofertas na janela.
2026-09-20 13:29:47,883  INFO    cacador  Varredura BSB-CPH: 0 ofertas na janela.
2026-09-20 13:29:47,912  INFO    cacador  Varredura BSB-FRA: 0 ofertas na janela.
2026-09-20 13:29:47,941  INFO    cacador  Varredura BSB-MUC: 0 ofertas na janela.
2026-09-20 13:29:47,969  INFO    cacador  Varredura BSB-BER: 0 ofertas na janela.
2026-09-20 13:29:47,998  INFO    cacador  Varredura BSB-VIE: 0 ofertas na janela.
2026-09-20 13:29:48,026  INFO    cacador  Varredura GRU-AMS: 0 ofertas na janela.
2026-09-20 13:29:48,054  INFO    cacador  Varredura GRU-CPH: 0 ofertas na janela.
2026-09-20 13:29:48,091  INFO    cacador  Varredura GRU-FRA: 0 ofertas na janela.
2026-09-20 13:29:48,145  INFO    cacador  Varredura GRU-MUC: 0 ofertas na janela.
2026-09-20 13:29:48,173  INFO    cacador  Varredura GRU-BER: 0 ofertas na janela.
2026-09-20 13:29:48,203  INFO    cacador  Varredura GRU-VIE: 0 ofertas na janela.
2026-09-20 13:29:48,231  INFO    cacador  Varredura GIG-AMS: 0 ofertas na janela.
2026-09-20 13:29:48,285  INFO    cacador  Varredura GIG-CPH: 0 ofertas na janela.
2026-09-20 13:29:48,314  INFO    cacador  Varredura GIG-FRA: 0 ofertas na janela.
2026-09-20 13:29:48,372  INFO    cacador  Varredura GIG-MUC: 0 ofertas na janela.
2026-09-20 13:29:48,430  INFO    cacador  Varredura GIG-BER: 0 ofertas na janela.
2026-09-20 13:29:48,459  INFO    cacador  Varredura GIG-VIE: 0 ofertas na janela.
2026-09-20 13:29:48,459  INFO    cacador  Varredura concluida: 0 ofertas gravadas.
2026-09-20 13:29:48,493  INFO    src.dashboard  Painel gerado em /home/runner/work/cacador-de-tarifas/cacador-de-tarifas/docs/index.html
2026-09-20 13:29:48,493  INFO    cacador  === Fim da rodada. Historico com 2258 ofertas. ===
2026-09-20 14:23:23,451  INFO    cacador  === Rodada 'grade' em 20/09/2026 11:23 ===
2026-09-20 14:23:29,321  INFO    cacador  Cota: 154/250 buscas usadas neste mes.
2026-09-20 14:23:29,322  INFO    cacador  Grade 2027-04-22: 13 ofertas · faixa tipica do Google None
2026-09-20 14:23:41,172  INFO    cacador  Cota: 155/250 buscas usadas neste mes.
2026-09-20 14:23:41,173  INFO    cacador  Grade 2027-04-23: 12 ofertas · faixa tipica do Google None
2026-09-20 14:23:47,369  INFO    cacador  Cota: 156/250 buscas usadas neste mes.
2026-09-20 14:23:47,369  INFO    cacador  Grade 2027-04-13: 10 ofertas · faixa tipica do Google None
2026-09-20 14:23:55,926  INFO    cacador  Cota: 157/250 buscas usadas neste mes.
2026-09-20 14:23:55,927  INFO    cacador  Grade 2027-04-14: 16 ofertas · faixa tipica do Google None
2026-09-20 14:24:09,281  INFO    cacador  Cota: 158/250 buscas usadas neste mes.
2026-09-20 14:24:09,282  INFO    cacador  Comparativo ida e volta (2027-04-18 → 2027-04-25): a partir de R$ 4922
2026-09-20 14:24:09,298  INFO    cacador  Alertas enviados nesta rodada: 0
2026-09-20 14:24:09,332  INFO    src.dashboard  Painel gerado em /home/runner/work/cacador-de-tarifas/cacador-de-tarifas/docs/index.html
2026-09-20 14:24:09,332  INFO    cacador  === Fim da rodada. Historico com 2323 ofertas. ===
2026-09-20 18:19:53,066  INFO    cacador  === Rodada 'varredura' em 20/09/2026 15:19 ===
2026-09-20 18:19:53,380  INFO    cacador  Varredura BSB-AMS: 0 ofertas na janela.
2026-09-20 18:19:53,455  INFO    cacador  Varredura BSB-CPH: 0 ofertas na janela.
2026-09-20 18:19:53,643  INFO    cacador  Varredura BSB-FRA: 0 ofertas na janela.
2026-09-20 18:19:53,871  INFO    cacador  Varredura BSB-MUC: 0 ofertas na janela.
2026-09-20 18:19:54,076  INFO    cacador  Varredura BSB-BER: 0 ofertas na janela.
2026-09-20 18:19:54,266  INFO    cacador  Varredura BSB-VIE: 0 ofertas na janela.
2026-09-20 18:19:54,340  INFO    cacador  Varredura GRU-AMS: 0 ofertas na janela.
2026-09-20 18:19:54,545  INFO    cacador  Varredura GRU-CPH: 0 ofertas na janela.
2026-09-20 18:19:54,627  INFO    cacador  Varredura GRU-FRA: 0 ofertas na janela.
2026-09-20 18:19:54,832  INFO    cacador  Varredura GRU-MUC: 0 ofertas na janela.
2026-09-20 18:19:55,063  INFO    cacador  Varredura GRU-BER: 0 ofertas na janela.
2026-09-20 18:19:55,287  INFO    cacador  Varredura GRU-VIE: 0 ofertas na janela.
2026-09-20 18:19:55,366  INFO    cacador  Varredura GIG-AMS: 0 ofertas na janela.
2026-09-20 18:19:55,553  INFO    cacador  Varredura GIG-CPH: 0 ofertas na janela.
2026-09-20 18:19:55,767  INFO    cacador  Varredura GIG-FRA: 0 ofertas na janela.
2026-09-20 18:19:55,980  INFO    cacador  Varredura GIG-MUC: 0 ofertas na janela.
2026-09-20 18:19:56,171  INFO    cacador  Varredura GIG-BER: 0 ofertas na janela.
2026-09-20 18:19:56,247  INFO    cacador  Varredura GIG-VIE: 0 ofertas na janela.
2026-09-20 18:19:56,247  INFO    cacador  Varredura concluida: 0 ofertas gravadas.
2026-09-20 18:19:56,282  INFO    src.dashboard  Painel gerado em /home/runner/work/cacador-de-tarifas/cacador-de-tarifas/docs/index.html
2026-09-20 18:19:56,282  INFO    cacador  === Fim da rodada. Historico com 2323 ofertas. ===
2026-09-20 19:15:39,141  INFO    cacador  === Rodada 'zoom' em 20/09/2026 16:15 ===
2026-09-20 19:15:39,158  INFO    cacador  Zoom em 2027-04-21 (desconto aparente de 24%).
2026-09-20 19:15:49,048  INFO    cacador  Cota: 159/250 buscas usadas neste mes.
2026-09-20 19:15:49,057  INFO    cacador  Alertas enviados nesta rodada: 0
2026-09-20 19:15:49,096  INFO    src.dashboard  Painel gerado em /home/runner/work/cacador-de-tarifas/cacador-de-tarifas/docs/index.html
2026-09-20 19:15:49,096  INFO    cacador  === Fim da rodada. Historico com 2341 ofertas. ===
2026-09-21 00:42:55,428  INFO    cacador  === Rodada 'varredura' em 20/09/2026 21:42 ===
2026-09-21 00:42:55,661  INFO    cacador  Varredura BSB-AMS: 0 ofertas na janela.
2026-09-21 00:42:55,818  INFO    cacador  Varredura BSB-CPH: 0 ofertas na janela.
2026-09-21 00:42:55,985  INFO    cacador  Varredura BSB-FRA: 0 ofertas na janela.
2026-09-21 00:42:56,140  INFO    cacador  Varredura BSB-MUC: 0 ofertas na janela.
2026-09-21 00:42:56,298  INFO    cacador  Varredura BSB-BER: 0 ofertas na janela.
2026-09-21 00:42:56,455  INFO    cacador  Varredura BSB-VIE: 0 ofertas na janela.
2026-09-21 00:42:56,514  INFO    cacador  Varredura GRU-AMS: 0 ofertas na janela.
2026-09-21 00:42:56,673  INFO    cacador  Varredura GRU-CPH: 0 ofertas na janela.
2026-09-21 00:42:56,834  INFO    cacador  Varredura GRU-FRA: 0 ofertas na janela.
2026-09-21 00:42:57,001  INFO    cacador  Varredura GRU-MUC: 0 ofertas na janela.
2026-09-21 00:42:57,156  INFO    cacador  Varredura GRU-BER: 0 ofertas na janela.
2026-09-21 00:42:57,216  INFO    cacador  Varredura GRU-VIE: 0 ofertas na janela.
2026-09-21 00:42:57,373  INFO    cacador  Varredura GIG-AMS: 0 ofertas na janela.
2026-09-21 00:42:57,433  INFO    cacador  Varredura GIG-CPH: 0 ofertas na janela.
2026-09-21 00:42:57,644  INFO    cacador  Varredura GIG-FRA: 0 ofertas na janela.
2026-09-21 00:42:57,819  INFO    cacador  Varredura GIG-MUC: 0 ofertas na janela.
2026-09-21 00:42:57,895  INFO    cacador  Varredura GIG-BER: 0 ofertas na janela.
2026-09-21 00:42:57,955  INFO    cacador  Varredura GIG-VIE: 0 ofertas na janela.
2026-09-21 00:42:57,955  INFO    cacador  Varredura concluida: 0 ofertas gravadas.
2026-09-21 00:42:57,990  INFO    src.dashboard  Painel gerado em /home/runner/work/cacador-de-tarifas/cacador-de-tarifas/docs/index.html
2026-09-21 00:42:57,991  INFO    cacador  === Fim da rodada. Historico com 2341 ofertas. ===
2026-09-21 02:51:16,832  INFO    cacador  === Rodada 'grade' em 20/09/2026 23:51 ===
2026-09-21 02:51:23,215  INFO    cacador  Cota: 160/250 buscas usadas neste mes.
2026-09-21 02:51:23,215  INFO    cacador  Grade 2027-04-15: 11 ofertas · faixa tipica do Google None
2026-09-21 02:51:28,424  INFO    cacador  Cota: 161/250 buscas usadas neste mes.
2026-09-21 02:51:28,425  INFO    cacador  Grade 2027-04-16: 11 ofertas · faixa tipica do Google None
2026-09-21 02:51:36,607  INFO    cacador  Cota: 162/250 buscas usadas neste mes.
2026-09-21 02:51:36,608  INFO    cacador  Grade 2027-04-17: 9 ofertas · faixa tipica do Google None
2026-09-21 02:51:36,619  INFO    cacador  Alertas enviados nesta rodada: 0
2026-09-21 02:51:36,657  INFO    src.dashboard  Painel gerado em /home/runner/work/cacador-de-tarifas/cacador-de-tarifas/docs/index.html
2026-09-21 02:51:36,657  INFO    cacador  === Fim da rodada. Historico com 2372 ofertas. ===
2026-09-21 15:44:11,201  INFO    cacador  === Rodada 'varredura' em 21/09/2026 12:44 ===
2026-09-21 15:44:11,330  INFO    cacador  Varredura BSB-AMS: 0 ofertas na janela.
2026-09-21 15:44:11,369  INFO    cacador  Varredura BSB-CPH: 0 ofertas na janela.
2026-09-21 15:44:11,425  INFO    cacador  Varredura BSB-FRA: 0 ofertas na janela.
2026-09-21 15:44:11,449  INFO    cacador  Varredura BSB-MUC: 0 ofertas na janela.
2026-09-21 15:44:11,479  INFO    cacador  Varredura BSB-BER: 0 ofertas na janela.
2026-09-21 15:44:11,504  INFO    cacador  Varredura BSB-VIE: 0 ofertas na janela.
2026-09-21 15:44:11,532  INFO    cacador  Varredura GRU-AMS: 0 ofertas na janela.
2026-09-21 15:44:11,557  INFO    cacador  Varredura GRU-CPH: 0 ofertas na janela.
2026-09-21 15:44:11,587  INFO    cacador  Varredura GRU-FRA: 0 ofertas na janela.
2026-09-21 15:44:11,611  INFO    cacador  Varredura GRU-MUC: 0 ofertas na janela.
2026-09-21 15:44:11,635  INFO    cacador  Varredura GRU-BER: 0 ofertas na janela.
2026-09-21 15:44:11,659  INFO    cacador  Varredura GRU-VIE: 0 ofertas na janela.
2026-09-21 15:44:11,716  INFO    cacador  Varredura GIG-AMS: 0 ofertas na janela.
2026-09-21 15:44:11,742  INFO    cacador  Varredura GIG-CPH: 0 ofertas na janela.
2026-09-21 15:44:11,765  INFO    cacador  Varredura GIG-FRA: 0 ofertas na janela.
2026-09-21 15:44:11,828  INFO    cacador  Varredura GIG-MUC: 0 ofertas na janela.
2026-09-21 15:44:11,891  INFO    cacador  Varredura GIG-BER: 0 ofertas na janela.
2026-09-21 15:44:11,950  INFO    cacador  Varredura GIG-VIE: 0 ofertas na janela.
2026-09-21 15:44:11,950  INFO    cacador  Varredura concluida: 0 ofertas gravadas.
2026-09-21 15:44:11,986  INFO    src.dashboard  Painel gerado em /home/runner/work/cacador-de-tarifas/cacador-de-tarifas/docs/index.html
2026-09-21 15:44:11,986  INFO    cacador  === Fim da rodada. Historico com 2372 ofertas. ===
2026-09-21 16:42:36,415  INFO    cacador  === Rodada 'grade' em 21/09/2026 13:42 ===
2026-09-21 16:42:42,406  INFO    cacador  Cota: 163/250 buscas usadas neste mes.
2026-09-21 16:42:42,406  INFO    cacador  Grade 2027-04-18: 8 ofertas · faixa tipica do Google None
2026-09-21 16:42:52,212  INFO    cacador  Cota: 164/250 buscas usadas neste mes.
2026-09-21 16:42:52,212  INFO    cacador  Grade 2027-04-19: 14 ofertas · faixa tipica do Google None
2026-09-21 16:42:59,517  INFO    cacador  Cota: 165/250 buscas usadas neste mes.
2026-09-21 16:42:59,518  INFO    cacador  Grade 2027-04-20: 12 ofertas · faixa tipica do Google None
2026-09-21 16:43:06,678  INFO    cacador  Cota: 166/250 buscas usadas neste mes.
2026-09-21 16:43:06,679  INFO    cacador  Grade 2027-04-21: 20 ofertas · faixa tipica do Google None
2026-09-21 16:43:31,514  INFO    cacador  Cota: 167/250 buscas usadas neste mes.
2026-09-21 16:43:31,515  INFO    cacador  Comparativo ida e volta (2027-04-18 → 2027-04-25): a partir de R$ 4922
2026-09-21 16:43:32,016  INFO    cacador  ALERTA enviado: GRU-FRA 2027-04-18 R$3345 score 84 (lembrete: continua disponivel ha 7 dias)
2026-09-21 16:43:32,435  INFO    cacador  ALERTA enviado: GRU-MUC 2027-04-18 R$3345 score 75 (lembrete: continua disponivel ha 7 dias)
2026-09-21 16:43:32,436  INFO    cacador  Alertas enviados nesta rodada: 2
2026-09-21 16:43:32,473  INFO    src.dashboard  Painel gerado em /home/runner/work/cacador-de-tarifas/cacador-de-tarifas/docs/index.html
2026-09-21 16:43:32,473  INFO    cacador  === Fim da rodada. Historico com 2437 ofertas. ===
