coletado_em,fonte,origem,destino,data_partida,preco,moeda,companhia,companhias,numero_voo,escalas,conexoes,conexao_min_minutos,duracao_min,partida_iso,chegada_iso,bagagem,link,id_oferta,data_volta
2026-09-03T09:45:13-03:00,google_flights,GRU,AMS,2027-04-13,3198.0,BRL,ITA,ITA,AZ 679 AZ 110,1,FCO 3h35,215,1030,2027-04-13T18:55,2027-04-14T17:05,desconhecida,https://www.google.com/travel/flights?q=Flights%20to%20AMS%20from%20GRU%20on%202027-04-13%20oneway,9af2dada347d,
2026-09-03T09:45:13-03:00,google_flights,BSB,FRA,2027-04-13,3270.0,BRL,Tap Air Portugal,Tap Air Portugal,TP 58 TP 570,1,LIS 1h45,105,845,2027-04-13T17:25,2027-04-14T12:30,desconhecida,https://www.google.com/travel/flights?q=Flights%20to%20FRA%20from%20BSB%20on%202027-04-13%20oneway,32c4d3959239,
2026-09-03T09:45:13-03:00,google_flights,GRU,MUC,2027-04-13,3327.0,BRL,Air Europa,Air Europa,UX 58 UX 1515,1,MAD 2h05,125,895,2027-04-13T13:50,2027-04-14T09:45,desconhecida,https://www.google.com/travel/flights?q=Flights%20to%20MUC%20from%20GRU%20on%202027-04-13%20oneway,89dde1e4fb72,
2026-09-03T09:45:13-03:00,google_flights,GRU,AMS,2027-04-13,2696.0,BRL,United,United,UA 860 UA 946,1,IAD 11h05,665,1745,2027-04-13T21:30,2027-04-15T07:35,desconhecida,https://www.google.com/travel/flights?q=Flights%20to%20AMS%20from%20GRU%20on%202027-04-13%20oneway,993cb09a255b,
2026-09-03T09:45:13-03:00,google_flights,GRU,MUC,2027-04-13,3310.0,BRL,Air Canada,Air Canada,AC 91 AC 836,1,YYZ 11h00,660,1750,2027-04-13T21:35,2027-04-15T07:45,desconhecida,https://www.google.com/travel/flights?q=Flights%20to%20MUC%20from%20GRU%20on%202027-04-13%20oneway,9e23f9bc9aa6,
2026-09-03T09:45:13-03:00,google_flights,GRU,VIE,2027-04-13,3310.0,BRL,Air Canada,Air Canada,AC 91 AC 886,1,YYZ 11h15,675,1785,2027-04-13T21:35,2027-04-15T08:20,desconhecida,https://www.google.com/travel/flights?q=Flights%20to%20VIE%20from%20GRU%20on%202027-04-13%20oneway,20b646e2b431,
2026-09-03T09:45:13-03:00,google_flights,GRU,FRA,2027-04-13,3327.0,BRL,Air Europa,Air Europa,UX 58 UX 1503,1,MAD 2h00,120,895,2027-04-13T13:50,2027-04-14T09:45,desconhecida,https://www.google.com/travel/flights?q=Flights%20to%20FRA%20from%20GRU%20on%202027-04-13%20oneway,7216aeb19bc4,
2026-09-03T09:45:13-03:00,google_flights,GIG,AMS,2027-04-13,3340.0,BRL,Avianca,Avianca|Air Canada,AV 198 AC 99 AC 900,2,"BOG 3h00, YUL 5h10",180,1660,2027-04-13T01:35,2027-04-14T10:15,desconhecida,https://www.google.com/travel/flights?q=Flights%20to%20AMS%20from%20GIG%20on%202027-04-13%20oneway,13d8ce03f27a,
2026-09-03T09:45:13-03:00,google_flights,GIG,MUC,2027-04-13,3400.0,BRL,ITA,ITA|Lufthansa,AZ 673 LH 1867,1,FCO 4h10,250,1020,2027-04-13T14:25,2027-04-14T12:25,desconhecida,https://www.google.com/travel/flights?q=Flights%20to%20MUC%20from%20GIG%20on%202027-04-13%20oneway,e9b5fd7fa0bc,
2026-09-03T09:45:13-03:00,google_flights,GIG,FRA,2027-04-13,3409.0,BRL,ITA,ITA|Lufthansa,AZ 673 LH 231,1,FCO 3h20,200,995,2027-04-13T14:25,2027-04-14T12:00,desconhecida,https://www.google.com/travel/flights?q=Flights%20to%20FRA%20from%20GIG%20on%202027-04-13%20oneway,d216bc42ee30,
2026-09-03T09:45:13-03:00,google_flights,GRU,AMS,2027-04-13,3435.0,BRL,Air Europa,Air Europa,UX 58 UX 1091,1,MAD 2h00,120,890,2027-04-13T13:50,2027-04-14T09:40,desconhecida,https://www.google.com/travel/flights?q=Flights%20to%20AMS%20from%20GRU%20on%202027-04-13%20oneway,3db0f4651e45,
2026-09-03T09:45:13-03:00,google_flights,GIG,MUC,2027-04-13,3501.0,BRL,Tap Air Portugal,Tap Air Portugal,TP 67 TP 554,1,LIS 2h10,130,900,2027-04-13T23:00,2027-04-14T19:00,desconhecida,https://www.google.com/travel/flights?q=Flights%20to%20MUC%20from%20GIG%20on%202027-04-13%20oneway,1480baeeffd6,
2026-09-03T09:45:13-03:00,google_flights,GRU,FRA,2027-04-13,3516.0,BRL,Tap Air Portugal,Tap Air Portugal,TP 84 TP 574,1,LIS 3h35,215,995,2027-04-13T00:45,2027-04-13T22:20,desconhecida,https://www.google.com/travel/flights?q=Flights%20to%20FRA%20from%20GRU%20on%202027-04-13%20oneway,7e9dbb0ab861,
2026-09-03T09:45:13-03:00,google_flights,GRU,FRA,2027-04-13,3516.0,BRL,Tap Air Portugal,Tap Air Portugal,TP 88 TP 572,1,LIS 3h55,235,1015,2027-04-13T20:45,2027-04-14T18:40,desconhecida,https://www.google.com/travel/flights?q=Flights%20to%20FRA%20from%20GRU%20on%202027-04-13%20oneway,9a59589f08aa,
2026-09-03T09:45:13-03:00,google_flights,GIG,FRA,2027-04-13,3638.0,BRL,Tap Air Portugal,Tap Air Portugal,TP 67 TP 572,1,LIS 1h45,105,880,2027-04-13T23:00,2027-04-14T18:40,desconhecida,https://www.google.com/travel/flights?q=Flights%20to%20FRA%20from%20GIG%20on%202027-04-13%20oneway,1a6e34bfcfe3,
2026-09-03T09:45:13-03:00,google_flights,GIG,AMS,2027-04-13,3687.0,BRL,ITA,ITA,AZ 673 AZ 108,1,FCO 1h50,110,935,2027-04-13T14:25,2027-04-14T11:00,desconhecida,https://www.google.com/travel/flights?q=Flights%20to%20AMS%20from%20GIG%20on%202027-04-13%20oneway,ea462792e723,
2026-09-03T09:45:13-03:00,google_flights,GRU,MUC,2027-04-13,3759.0,BRL,ITA,ITA,AZ 675 AZ 432,1,FCO 1h45,105,895,2027-04-13T14:15,2027-04-14T10:10,desconhecida,https://www.google.com/travel/flights?q=Flights%20to%20MUC%20from%20GRU%20on%202027-04-13%20oneway,72bb288e8aa2,
2026-09-03T09:45:13-03:00,google_flights,GRU,AMS,2027-04-13,4238.0,BRL,LATAM,LATAM,LA 8078,0,,0,720,2027-04-13T18:00,2027-04-14T11:00,desconhecida,https://www.google.com/travel/flights?q=Flights%20to%20AMS%20from%20GRU%20on%202027-04-13%20oneway,cbfd8caa997d,
2026-09-03T09:45:19-03:00,google_flights,GRU,MUC,2027-04-14,3327.0,BRL,Air Europa,Air Europa,UX 58 UX 1515,1,MAD 2h05,125,895,2027-04-14T13:50,2027-04-15T09:45,desconhecida,https://www.google.com/travel/flights?q=Flights%20to%20MUC%20from%20GRU%20on%202027-04-14%20oneway,7624e028df3b,
2026-09-03T09:45:19-03:00,google_flights,BSB,MUC,2027-04-14,3491.0,BRL,Tap Air Portugal,Tap Air Portugal,TP 58 TP 552,1,LIS 1h15,75,810,2027-04-14T18:15,2027-04-15T12:45,desconhecida,https://www.google.com/travel/flights?q=Flights%20to%20MUC%20from%20BSB%20on%202027-04-14%20oneway,7ec990e98150,
2026-09-03T09:45:19-03:00,google_flights,GRU,MUC,2027-04-14,3748.0,BRL,ITA,ITA,AZ 675 AZ 432,1,FCO 1h45,105,895,2027-04-14T14:15,2027-04-15T10:10,desconhecida,https://www.google.com/travel/flights?q=Flights%20to%20MUC%20from%20GRU%20on%202027-04-14%20oneway,fff3b24f5f35,
2026-09-03T09:45:19-03:00,google_flights,BSB,FRA,2027-04-14,3180.0,BRL,Tap Air Portugal,Tap Air Portugal,TP 58 TP 574,1,LIS 10h45,645,1385,2027-04-14T18:15,2027-04-15T22:20,desconhecida,https://www.google.com/travel/flights?q=Flights%20to%20FRA%20from%20BSB%20on%202027-04-14%20oneway,393ae2ea61ce,
2026-09-03T09:45:19-03:00,google_flights,BSB,FRA,2027-04-14,3207.0,BRL,Tap Air Portugal,Tap Air Portugal,TP 58 TP 572,1,LIS 7h05,425,1165,2027-04-14T18:15,2027-04-15T18:40,desconhecida,https://www.google.com/travel/flights?q=Flights%20to%20FRA%20from%20BSB%20on%202027-04-14%20oneway,1bd221e05782,
2026-09-03T09:45:19-03:00,google_flights,GRU,FRA,2027-04-14,3285.0,BRL,Air Canada,Air Canada,AC 97 AC 844,1,YUL 10h15,615,1680,2027-04-14T21:00,2027-04-16T06:00,desconhecida,https://www.google.com/travel/flights?q=Flights%20to%20FRA%20from%20GRU%20on%202027-04-14%20oneway,05c110cbf4e2,
2026-09-03T09:45:19-03:00,google_flights,GRU,AMS,2027-04-14,3285.0,BRL,Air Canada,Air Canada,AC 97 AC 900,1,YUL 15h20,920,1935,2027-04-14T21:00,2027-04-16T10:15,desconhecida,https://www.google.com/travel/flights?q=Flights%20to%20AMS%20from%20GRU%20on%202027-04-14%20oneway,519fceb6c117,
2026-09-03T09:45:19-03:00,google_flights,GRU,MUC,2027-04-14,3310.0,BRL,Air Canada,Air Canada,AC 91 AC 836,1,YYZ 11h00,660,1750,2027-04-14T21:35,2027-04-16T07:45,desconhecida,https://www.google.com/travel/flights?q=Flights%20to%20MUC%20from%20GRU%20on%202027-04-14%20oneway,bd06c16a69c8,
2026-09-03T09:45:19-03:00,google_flights,GRU,FRA,2027-04-14,3327.0,BRL,Air Europa,Air Europa,UX 58 UX 1503,1,MAD 2h00,120,895,2027-04-14T13:50,2027-04-15T09:45,desconhecida,https://www.google.com/travel/flights?q=Flights%20to%20FRA%20from%20GRU%20on%202027-04-14%20oneway,42af1b8d0b20,
2026-09-03T09:45:19-03:00,google_flights,GIG,MUC,2027-04-14,3365.0,BRL,Avianca,Avianca|Air Canada,AV 198 AC 95 AC 836,2,"BOG 3h00, YYZ 1h40",100,1510,2027-04-14T01:35,2027-04-15T07:45,desconhecida,https://www.google.com/travel/flights?q=Flights%20to%20MUC%20from%20GIG%20on%202027-04-14%20oneway,2310f8768155,
2026-09-03T09:45:19-03:00,google_flights,BSB,BER,2027-04-14,3378.0,BRL,Tap Air Portugal,Tap Air Portugal,TP 58 TP 532,1,LIS 4h35,275,1035,2027-04-14T18:15,2027-04-15T16:30,desconhecida,https://www.google.com/travel/flights?q=Flights%20to%20BER%20from%20BSB%20on%202027-04-14%20oneway,499644a01337,
2026-09-03T09:45:19-03:00,google_flights,GIG,MUC,2027-04-14,3400.0,BRL,ITA,ITA|Lufthansa,AZ 673 LH 1867,1,FCO 4h10,250,1020,2027-04-14T14:25,2027-04-15T12:25,desconhecida,https://www.google.com/travel/flights?q=Flights%20to%20MUC%20from%20GIG%20on%202027-04-14%20oneway,9974f5040019,
2026-09-03T09:45:19-03:00,google_flights,GRU,AMS,2027-04-14,3435.0,BRL,Air Europa,Air Europa,UX 58 UX 1091,1,MAD 2h00,120,890,2027-04-14T13:50,2027-04-15T09:40,desconhecida,https://www.google.com/travel/flights?q=Flights%20to%20AMS%20from%20GRU%20on%202027-04-14%20oneway,2e7619170711,
2026-09-03T09:45:19-03:00,google_flights,GIG,MUC,2027-04-14,3501.0,BRL,Tap Air Portugal,Tap Air Portugal,TP 72 TP 554,1,LIS 3h00,180,950,2027-04-14T22:10,2027-04-15T19:00,desconhecida,https://www.google.com/travel/flights?q=Flights%20to%20MUC%20from%20GIG%20on%202027-04-14%20oneway,7e6f39c22e9c,
2026-09-03T09:45:19-03:00,google_flights,GRU,FRA,2027-04-14,3516.0,BRL,Tap Air Portugal,Tap Air Portugal,TP 82 TP 570,1,LIS 2h55,175,960,2027-04-14T15:30,2027-04-15T12:30,desconhecida,https://www.google.com/travel/flights?q=Flights%20to%20FRA%20from%20GRU%20on%202027-04-14%20oneway,4dd555cdaeaa,
2026-09-03T09:45:19-03:00,google_flights,GRU,FRA,2027-04-14,3516.0,BRL,Tap Air Portugal,Tap Air Portugal,TP 88 TP 572,1,LIS 3h55,235,1015,2027-04-14T20:45,2027-04-15T18:40,desconhecida,https://www.google.com/travel/flights?q=Flights%20to%20FRA%20from%20GRU%20on%202027-04-14%20oneway,034fcc90f438,
2026-09-03T09:45:19-03:00,google_flights,GRU,AMS,2027-04-14,3618.0,BRL,ITA,ITA,AZ 679 AZ 110,1,FCO 3h05,185,1030,2027-04-14T18:55,2027-04-15T17:05,desconhecida,https://www.google.com/travel/flights?q=Flights%20to%20AMS%20from%20GRU%20on%202027-04-14%20oneway,fd6ff2b73f65,
2026-09-03T09:45:19-03:00,google_flights,GIG,VIE,2027-04-14,3680.0,BRL,Tap Air Portugal,Tap Air Portugal,TP 72 TP 1272,1,LIS 2h00,120,915,2027-04-14T22:10,2027-04-15T18:25,desconhecida,https://www.google.com/travel/flights?q=Flights%20to%20VIE%20from%20GIG%20on%202027-04-14%20oneway,786d6ccbbfb7,
2026-09-03T09:45:19-03:00,google_flights,GRU,MUC,2027-04-14,3748.0,BRL,ITA,ITA|Lufthansa,AZ 675 LH 1873,1,FCO 1h10,70,860,2027-04-14T14:15,2027-04-15T09:35,desconhecida,https://www.google.com/travel/flights?q=Flights%20to%20MUC%20from%20GRU%20on%202027-04-14%20oneway,2207ff819d4b,
2026-09-03T09:45:19-03:00,google_flights,GIG,BER,2027-04-14,3788.0,BRL,Tap Air Portugal,Tap Air Portugal,TP 76 TP 530,1,LIS 1h40,100,895,2027-04-14T15:35,2027-04-15T11:30,desconhecida,https://www.google.com/travel/flights?q=Flights%20to%20BER%20from%20GIG%20on%202027-04-14%20oneway,ea2decc1901e,
2026-09-03T09:45:19-03:00,google_flights,GIG,MUC,2027-04-14,3831.0,BRL,ITA,ITA,AZ 673 AZ 432,1,FCO 1h55,115,885,2027-04-14T14:25,2027-04-15T10:10,desconhecida,https://www.google.com/travel/flights?q=Flights%20to%20MUC%20from%20GIG%20on%202027-04-14%20oneway,9aa28d0b8710,
2026-09-03T09:45:19-03:00,google_flights,GRU,CPH,2027-04-14,3896.0,BRL,Tap Air Portugal,Tap Air Portugal,TP 88 TP 754,1,LIS 1h35,95,905,2027-04-14T20:45,2027-04-15T16:50,desconhecida,https://www.google.com/travel/flights?q=Flights%20to%20CPH%20from%20GRU%20on%202027-04-14%20oneway,8236d2e27cb0,
2026-09-03T09:45:19-03:00,google_flights,GRU,AMS,2027-04-14,4761.0,BRL,KLM,KLM,KL 792,0,,0,695,2027-04-14T21:45,2027-04-15T14:20,desconhecida,https://www.google.com/travel/flights?q=Flights%20to%20AMS%20from%20GRU%20on%202027-04-14%20oneway,a227768e07f8,
2026-09-03T09:45:19-03:00,google_flights,GRU,FRA,2027-04-14,4879.0,BRL,LATAM,LATAM,LA 8070,0,,0,705,2027-04-14T23:40,2027-04-15T16:25,desconhecida,https://www.google.com/travel/flights?q=Flights%20to%20FRA%20from%20GRU%20on%202027-04-14%20oneway,5d56e27cbb6d,
2026-09-03T09:45:24-03:00,google_flights,BSB,FRA,2027-04-15,3186.0,BRL,Tap Air Portugal,Tap Air Portugal,TP 58 TP 570,1,LIS 2h00,120,860,2027-04-15T17:10,2027-04-16T12:30,desconhecida,https://www.google.com/travel/flights?q=Flights%20to%20FRA%20from%20BSB%20on%202027-04-15%20oneway,1bac683938cf,
2026-09-03T09:45:24-03:00,google_flights,GRU,MUC,2027-04-15,3327.0,BRL,Air Europa,Air Europa,UX 58 UX 1515,1,MAD 2h05,125,895,2027-04-15T13:50,2027-04-16T09:45,desconhecida,https://www.google.com/travel/flights?q=Flights%20to%20MUC%20from%20GRU%20on%202027-04-15%20oneway,ea70709f8ca6,
2026-09-03T09:45:24-03:00,google_flights,GIG,MUC,2027-04-15,3400.0,BRL,ITA,ITA|Lufthansa,AZ 673 LH 1873,1,FCO 1h20,80,850,2027-04-15T14:25,2027-04-16T09:35,desconhecida,https://www.google.com/travel/flights?q=Flights%20to%20MUC%20from%20GIG%20on%202027-04-15%20oneway,f788a825e4c4,
2026-09-03T09:45:24-03:00,google_flights,GRU,FRA,2027-04-15,3327.0,BRL,Air Europa,Air Europa,UX 58 UX 1503,1,MAD 2h00,120,895,2027-04-15T13:50,2027-04-16T09:45,desconhecida,https://www.google.com/travel/flights?q=Flights%20to%20FRA%20from%20GRU%20on%202027-04-15%20oneway,e4e7a045f348,
2026-09-03T09:45:24-03:00,google_flights,GIG,FRA,2027-04-15,3353.0,BRL,Tap Air Portugal,Tap Air Portugal,TP 67 TP 574,1,LIS 5h25,325,1100,2027-04-15T23:00,2027-04-16T22:20,desconhecida,https://www.google.com/travel/flights?q=Flights%20to%20FRA%20from%20GIG%20on%202027-04-15%20oneway,0c58dea3cd97,
2026-09-03T09:45:24-03:00,google_flights,BSB,BER,2027-04-15,3394.0,BRL,Tap Air Portugal,Tap Air Portugal,TP 58 TP 530,1,LIS 1h30,90,850,2027-04-15T17:10,2027-04-16T12:20,desconhecida,https://www.google.com/travel/flights?q=Flights%20to%20BER%20from%20BSB%20on%202027-04-15%20oneway,10e5ea50537b,
2026-09-03T09:45:24-03:00,google_flights,GRU,AMS,2027-04-15,3435.0,BRL,Air Europa,Air Europa,UX 58 UX 1091,1,MAD 2h00,120,890,2027-04-15T13:50,2027-04-16T09:40,desconhecida,https://www.google.com/travel/flights?q=Flights%20to%20AMS%20from%20GRU%20on%202027-04-15%20oneway,103601d11364,
2026-09-03T09:45:24-03:00,google_flights,GRU,FRA,2027-04-15,3516.0,BRL,Tap Air Portugal,Tap Air Portugal,TP 84 TP 574,1,LIS 3h35,215,995,2027-04-15T00:45,2027-04-15T22:20,desconhecida,https://www.google.com/travel/flights?q=Flights%20to%20FRA%20from%20GRU%20on%202027-04-15%20oneway,f5ad6038dc33,
2026-09-03T09:45:24-03:00,google_flights,GRU,FRA,2027-04-15,3516.0,BRL,Tap Air Portugal,Tap Air Portugal,TP 88 TP 572,1,LIS 3h55,235,1015,2027-04-15T20:45,2027-04-16T18:40,desconhecida,https://www.google.com/travel/flights?q=Flights%20to%20FRA%20from%20GRU%20on%202027-04-15%20oneway,5893f1267440,
2026-09-03T09:45:24-03:00,google_flights,GIG,CPH,2027-04-15,3669.0,BRL,Tap Air Portugal,Tap Air Portugal,TP 76 TP 752,1,LIS 1h35,95,900,2027-04-15T15:35,2027-04-16T11:35,desconhecida,https://www.google.com/travel/flights?q=Flights%20to%20CPH%20from%20GIG%20on%202027-04-15%20oneway,a9403f45d45d,
2026-09-03T09:45:24-03:00,google_flights,GIG,AMS,2027-04-15,3791.0,BRL,Tap Air Portugal,Tap Air Portugal,TP 67 TP 672,1,LIS 1h50,110,880,2027-04-15T23:00,2027-04-16T18:40,desconhecida,https://www.google.com/travel/flights?q=Flights%20to%20AMS%20from%20GIG%20on%202027-04-15%20oneway,ff715c6fc969,
2026-09-03T09:45:24-03:00,google_flights,GRU,AMS,2027-04-15,4238.0,BRL,LATAM,LATAM,LA 8078,0,,0,720,2027-04-15T18:00,2027-04-16T11:00,desconhecida,https://www.google.com/travel/flights?q=Flights%20to%20AMS%20from%20GRU%20on%202027-04-15%20oneway,44d3be06be46,
2026-09-03T09:45:24-03:00,google_flights,GRU,AMS,2027-04-15,4761.0,BRL,KLM,KLM,KL 792,0,,0,695,2027-04-15T21:45,2027-04-16T14:20,desconhecida,https://www.google.com/travel/flights?q=Flights%20to%20AMS%20from%20GRU%20on%202027-04-15%20oneway,fded42f851d2,
2026-09-03T09:45:24-03:00,google_flights,GRU,FRA,2027-04-15,4879.0,BRL,LATAM,LATAM,LA 8070,0,,0,705,2027-04-15T23:40,2027-04-16T16:25,desconhecida,https://www.google.com/travel/flights?q=Flights%20to%20FRA%20from%20GRU%20on%202027-04-15%20oneway,dd1ded8f7709,
2026-09-03T09:45:29-03:00,google_flights,GRU,MUC,2027-04-16,3327.0,BRL,Air Europa,Air Europa,UX 58 UX 1515,1,MAD 2h05,125,895,2027-04-16T13:50,2027-04-17T09:45,desconhecida,https://www.google.com/travel/flights?q=Flights%20to%20MUC%20from%20GRU%20on%202027-04-16%20oneway,2d2a5d201e53,
2026-09-03T09:45:29-03:00,google_flights,BSB,MUC,2027-04-16,3491.0,BRL,Tap Air Portugal,Tap Air Portugal,TP 58 TP 552,1,LIS 1h15,75,810,2027-04-16T18:15,2027-04-17T12:45,desconhecida,https://www.google.com/travel/flights?q=Flights%20to%20MUC%20from%20BSB%20on%202027-04-16%20oneway,01ba35474d69,
2026-09-03T09:45:29-03:00,google_flights,GRU,AMS,2027-04-16,4238.0,BRL,LATAM,LATAM,LA 8078,0,,0,710,2027-04-16T18:00,2027-04-17T10:50,desconhecida,https://www.google.com/travel/flights?q=Flights%20to%20AMS%20from%20GRU%20on%202027-04-16%20oneway,c21f4ab55a5d,
2026-09-03T09:45:29-03:00,google_flights,BSB,FRA,2027-04-16,3212.0,BRL,Tap Air Portugal,Tap Air Portugal,TP 58 TP 574,1,LIS 10h45,645,1385,2027-04-16T18:15,2027-04-17T22:20,desconhecida,https://www.google.com/travel/flights?q=Flights%20to%20FRA%20from%20BSB%20on%202027-04-16%20oneway,7ecaccc5d2bb,
2026-09-03T09:45:29-03:00,google_flights,GRU,FRA,2027-04-16,3327.0,BRL,Air Europa,Air Europa,UX 58 UX 1503,1,MAD 2h00,120,895,2027-04-16T13:50,2027-04-17T09:45,desconhecida,https://www.google.com/travel/flights?q=Flights%20to%20FRA%20from%20GRU%20on%202027-04-16%20oneway,831a52a03c94,
2026-09-03T09:45:29-03:00,google_flights,GIG,FRA,2027-04-16,3375.0,BRL,Tap Air Portugal,Tap Air Portugal,TP 72 TP 570,1,LIS 20h25,1225,2000,2027-04-16T22:10,2027-04-18T12:30,desconhecida,https://www.google.com/travel/flights?q=Flights%20to%20FRA%20from%20GIG%20on%202027-04-16%20oneway,99c1c9cd9640,
2026-09-03T09:45:29-03:00,google_flights,BSB,BER,2027-04-16,3426.0,BRL,Tap Air Portugal,Tap Air Portugal,TP 58 TP 532,1,LIS 4h35,275,1035,2027-04-16T18:15,2027-04-17T16:30,desconhecida,https://www.google.com/travel/flights?q=Flights%20to%20BER%20from%20BSB%20on%202027-04-16%20oneway,810284bd19b5,
2026-09-03T09:45:29-03:00,google_flights,GRU,AMS,2027-04-16,3435.0,BRL,Air Europa,Air Europa,UX 58 UX 1091,1,MAD 2h00,120,890,2027-04-16T13:50,2027-04-17T09:40,desconhecida,https://www.google.com/travel/flights?q=Flights%20to%20AMS%20from%20GRU%20on%202027-04-16%20oneway,144b19177258,
2026-09-03T09:45:29-03:00,google_flights,GRU,FRA,2027-04-16,3516.0,BRL,Tap Air Portugal,Tap Air Portugal,TP 84 TP 574,1,LIS 3h35,215,995,2027-04-16T00:45,2027-04-16T22:20,desconhecida,https://www.google.com/travel/flights?q=Flights%20to%20FRA%20from%20GRU%20on%202027-04-16%20oneway,e8d758931521,
2026-09-03T09:45:29-03:00,google_flights,BSB,FRA,2027-04-16,3665.0,BRL,Gol,Gol|Air Europa,G3 1720 UX 84 UX 1509,2,"SSA 22h35, MAD 4h00",240,2390,2027-04-16T21:05,2027-04-18T17:55,desconhecida,https://www.google.com/travel/flights?q=Flights%20to%20FRA%20from%20BSB%20on%202027-04-16%20oneway,faabac07bd55,
2026-09-03T09:45:29-03:00,google_flights,GRU,AMS,2027-04-16,3738.0,BRL,Tap Air Portugal,Tap Air Portugal,TP 88 TP 672,1,LIS 4h00,240,1015,2027-04-16T20:45,2027-04-17T18:40,desconhecida,https://www.google.com/travel/flights?q=Flights%20to%20AMS%20from%20GRU%20on%202027-04-16%20oneway,50cb0d455dbd,
2026-09-03T09:45:29-03:00,google_flights,GRU,MUC,2027-04-16,3748.0,BRL,ITA,ITA|Lufthansa City Airlines,AZ 679 VL 1875,1,FCO 1h15,75,865,2027-04-16T18:55,2027-04-17T14:20,desconhecida,https://www.google.com/travel/flights?q=Flights%20to%20MUC%20from%20GRU%20on%202027-04-16%20oneway,bddb501c055e,
2026-09-03T09:45:29-03:00,google_flights,GRU,CPH,2027-04-16,3896.0,BRL,Tap Air Portugal,Tap Air Portugal,TP 88 TP 754,1,LIS 1h35,95,905,2027-04-16T20:45,2027-04-17T16:50,desconhecida,https://www.google.com/travel/flights?q=Flights%20to%20CPH%20from%20GRU%20on%202027-04-16%20oneway,ee68f439a462,
2026-09-03T09:45:29-03:00,google_flights,GRU,AMS,2027-04-16,4761.0,BRL,KLM,KLM,KL 792,0,,0,695,2027-04-16T21:45,2027-04-17T14:20,desconhecida,https://www.google.com/travel/flights?q=Flights%20to%20AMS%20from%20GRU%20on%202027-04-16%20oneway,cd6d849d0be5,
2026-09-03T09:45:29-03:00,google_flights,GRU,FRA,2027-04-16,4879.0,BRL,LATAM,LATAM,LA 8070,0,,0,705,2027-04-16T23:40,2027-04-17T16:25,desconhecida,https://www.google.com/travel/flights?q=Flights%20to%20FRA%20from%20GRU%20on%202027-04-16%20oneway,1f6574a87c9f,
2026-09-03T09:45:43-03:00,google_flights,GRU,BER,2027-04-18,4396.0,BRL,Iberia,Iberia,IB 272 IB 785,1,MAD 5h15,315,1125,2027-04-18T19:20,2027-04-19T19:05,desconhecida,https://www.google.com/travel/flights?q=Flights%20to%20BER%20from%20GRU%20on%202027-04-18%20oneway,4d691abe81ec,2027-04-25
2026-09-03T09:45:43-03:00,google_flights,GRU,MUC,2027-04-18,4855.0,BRL,Air Europa,Air Europa,UX 58 UX 1515,1,MAD 2h05,125,895,2027-04-18T13:50,2027-04-19T09:45,desconhecida,https://www.google.com/travel/flights?q=Flights%20to%20MUC%20from%20GRU%20on%202027-04-18%20oneway,cac71579581b,2027-04-25
2026-09-03T09:45:43-03:00,google_flights,GRU,FRA,2027-04-18,5732.0,BRL,LATAM,LATAM,LA 8070,0,,0,705,2027-04-18T23:40,2027-04-19T16:25,desconhecida,https://www.google.com/travel/flights?q=Flights%20to%20FRA%20from%20GRU%20on%202027-04-18%20oneway,c63339d92f4a,2027-04-25
2026-09-03T09:45:43-03:00,google_flights,GRU,MUC,2027-04-18,4512.0,BRL,Iberia,Iberia,IB 272 IB 1313,1,MAD 5h45,345,1125,2027-04-18T19:20,2027-04-19T19:05,desconhecida,https://www.google.com/travel/flights?q=Flights%20to%20MUC%20from%20GRU%20on%202027-04-18%20oneway,eeb08cc30abe,2027-04-25
2026-09-03T09:45:43-03:00,google_flights,GRU,FRA,2027-04-18,4567.0,BRL,Iberia,Iberia,IB 272 IB 1333,1,MAD 5h30,330,1120,2027-04-18T19:20,2027-04-19T19:00,desconhecida,https://www.google.com/travel/flights?q=Flights%20to%20FRA%20from%20GRU%20on%202027-04-18%20oneway,2442da66823b,2027-04-25
2026-09-03T09:45:43-03:00,google_flights,GRU,VIE,2027-04-18,4871.0,BRL,Iberia,Iberia,IB 272 IB 795,1,MAD 5h15,315,1120,2027-04-18T19:20,2027-04-19T19:00,desconhecida,https://www.google.com/travel/flights?q=Flights%20to%20VIE%20from%20GRU%20on%202027-04-18%20oneway,30fb1a70e009,2027-04-25
2026-09-03T09:45:43-03:00,google_flights,GRU,AMS,2027-04-18,4904.0,BRL,Iberia,Iberia,IB 272 IB 1343,1,MAD 5h10,310,1095,2027-04-18T19:20,2027-04-19T18:35,desconhecida,https://www.google.com/travel/flights?q=Flights%20to%20AMS%20from%20GRU%20on%202027-04-18%20oneway,dbaf024ea241,2027-04-25
2026-09-03T09:45:43-03:00,google_flights,GRU,AMS,2027-04-18,5007.0,BRL,Air Europa,Air Europa,UX 58 UX 1091,1,MAD 2h00,120,890,2027-04-18T13:50,2027-04-19T09:40,desconhecida,https://www.google.com/travel/flights?q=Flights%20to%20AMS%20from%20GRU%20on%202027-04-18%20oneway,7c2f7b17fa24,2027-04-25
2026-09-03T09:45:43-03:00,google_flights,GIG,VIE,2027-04-18,5342.0,BRL,Iberia,Iberia,IB 270 IB 795,1,MAD 6h05,365,1125,2027-04-18T19:15,2027-04-19T19:00,desconhecida,https://www.google.com/travel/flights?q=Flights%20to%20VIE%20from%20GIG%20on%202027-04-18%20oneway,e4a17db6b530,2027-04-25
2026-09-03T09:45:43-03:00,google_flights,GRU,AMS,2027-04-18,5997.0,BRL,LATAM,LATAM,LA 8078,0,,0,710,2027-04-18T18:00,2027-04-19T10:50,desconhecida,https://www.google.com/travel/flights?q=Flights%20to%20AMS%20from%20GRU%20on%202027-04-18%20oneway,c905b06bab26,2027-04-25
2026-09-03T09:45:43-03:00,google_flights,BSB,FRA,2027-04-18,6051.0,BRL,Tap Air Portugal,Tap Air Portugal,TP 58 TP 570,1,LIS 1h40,100,845,2027-04-18T17:25,2027-04-19T12:30,desconhecida,https://www.google.com/travel/flights?q=Flights%20to%20FRA%20from%20BSB%20on%202027-04-18%20oneway,36d723ede46d,2027-04-25
2026-09-03T09:45:43-03:00,google_flights,GRU,AMS,2027-04-18,6350.0,BRL,KLM,KLM,KL 792,0,,0,695,2027-04-18T21:45,2027-04-19T14:20,desconhecida,https://www.google.com/travel/flights?q=Flights%20to%20AMS%20from%20GRU%20on%202027-04-18%20oneway,12e8ac08b3e9,2027-04-25
2026-09-03T16:38:13-03:00,google_flights,BSB,FRA,2027-04-13,3207.0,BRL,Tap Air Portugal,Tap Air Portugal,TP 58 TP 570,1,LIS 1h45,105,845,2027-04-13T17:25,2027-04-14T12:30,desconhecida,https://www.google.com/travel/flights?q=Flights%20to%20FRA%20from%20BSB%20on%202027-04-13%20oneway,32c4d3959239,
2026-09-03T16:38:13-03:00,google_flights,GRU,AMS,2027-04-13,3212.0,BRL,ITA,ITA,AZ 679 AZ 110,1,FCO 3h35,215,1030,2027-04-13T18:55,2027-04-14T17:05,desconhecida,https://www.google.com/travel/flights?q=Flights%20to%20AMS%20from%20GRU%20on%202027-04-13%20oneway,9af2dada347d,
2026-09-03T16:38:13-03:00,google_flights,GRU,MUC,2027-04-13,3327.0,BRL,Air Europa,Air Europa,UX 58 UX 1515,1,MAD 2h05,125,895,2027-04-13T13:50,2027-04-14T09:45,desconhecida,https://www.google.com/travel/flights?q=Flights%20to%20MUC%20from%20GRU%20on%202027-04-13%20oneway,89dde1e4fb72,
2026-09-03T16:38:13-03:00,google_flights,GRU,AMS,2027-04-13,2696.0,BRL,United,United,UA 860 UA 946,1,IAD 11h05,665,1745,2027-04-13T21:30,2027-04-15T07:35,desconhecida,https://www.google.com/travel/flights?q=Flights%20to%20AMS%20from%20GRU%20on%202027-04-13%20oneway,993cb09a255b,
2026-09-03T16:38:13-03:00,google_flights,BSB,FRA,2027-04-13,3196.0,BRL,Tap Air Portugal,Tap Air Portugal,TP 58 TP 574,1,LIS 11h35,695,1435,2027-04-13T17:25,2027-04-14T22:20,desconhecida,https://www.google.com/travel/flights?q=Flights%20to%20FRA%20from%20BSB%20on%202027-04-13%20oneway,f9a60dc2a6e7,
2026-09-03T16:38:13-03:00,google_flights,BSB,FRA,2027-04-13,3201.0,BRL,Tap Air Portugal,Tap Air Portugal,TP 58 TP 572,1,LIS 7h55,475,1215,2027-04-13T17:25,2027-04-14T18:40,desconhecida,https://www.google.com/travel/flights?q=Flights%20to%20FRA%20from%20BSB%20on%202027-04-13%20oneway,1bda8260bb39,
2026-09-03T16:38:13-03:00,google_flights,GRU,MUC,2027-04-13,3325.0,BRL,Air Canada,Air Canada,AC 91 AC 836,1,YYZ 11h00,660,1750,2027-04-13T21:35,2027-04-15T07:45,desconhecida,https://www.google.com/travel/flights?q=Flights%20to%20MUC%20from%20GRU%20on%202027-04-13%20oneway,9e23f9bc9aa6,
2026-09-03T16:38:13-03:00,google_flights,GRU,VIE,2027-04-13,3325.0,BRL,Air Canada,Air Canada,AC 91 AC 886,1,YYZ 11h15,675,1785,2027-04-13T21:35,2027-04-15T08:20,desconhecida,https://www.google.com/travel/flights?q=Flights%20to%20VIE%20from%20GRU%20on%202027-04-13%20oneway,20b646e2b431,
2026-09-03T16:38:13-03:00,google_flights,GRU,FRA,2027-04-13,3327.0,BRL,Air Europa,Air Europa,UX 58 UX 1503,1,MAD 2h00,120,895,2027-04-13T13:50,2027-04-14T09:45,desconhecida,https://www.google.com/travel/flights?q=Flights%20to%20FRA%20from%20GRU%20on%202027-04-13%20oneway,7216aeb19bc4,
2026-09-03T16:38:13-03:00,google_flights,GIG,AMS,2027-04-13,3340.0,BRL,Avianca,Avianca|Air Canada,AV 198 AC 99 AC 900,2,"BOG 3h00, YUL 5h10",180,1660,2027-04-13T01:35,2027-04-14T10:15,desconhecida,https://www.google.com/travel/flights?q=Flights%20to%20AMS%20from%20GIG%20on%202027-04-13%20oneway,13d8ce03f27a,
2026-09-03T16:38:13-03:00,google_flights,GRU,AMS,2027-04-13,3435.0,BRL,Air Europa,Air Europa,UX 58 UX 1091,1,MAD 2h00,120,890,2027-04-13T13:50,2027-04-14T09:40,desconhecida,https://www.google.com/travel/flights?q=Flights%20to%20AMS%20from%20GRU%20on%202027-04-13%20oneway,3db0f4651e45,
2026-09-03T16:38:13-03:00,google_flights,GIG,MUC,2027-04-13,3501.0,BRL,Tap Air Portugal,Tap Air Portugal,TP 67 TP 554,1,LIS 2h10,130,900,2027-04-13T23:00,2027-04-14T19:00,desconhecida,https://www.google.com/travel/flights?q=Flights%20to%20MUC%20from%20GIG%20on%202027-04-13%20oneway,1480baeeffd6,
2026-09-03T16:38:13-03:00,google_flights,GRU,FRA,2027-04-13,3516.0,BRL,Tap Air Portugal,Tap Air Portugal,TP 84 TP 574,1,LIS 3h35,215,995,2027-04-13T00:45,2027-04-13T22:20,desconhecida,https://www.google.com/travel/flights?q=Flights%20to%20FRA%20from%20GRU%20on%202027-04-13%20oneway,7e9dbb0ab861,
2026-09-03T16:38:13-03:00,google_flights,GRU,FRA,2027-04-13,3516.0,BRL,Tap Air Portugal,Tap Air Portugal,TP 88 TP 572,1,LIS 3h55,235,1015,2027-04-13T20:45,2027-04-14T18:40,desconhecida,https://www.google.com/travel/flights?q=Flights%20to%20FRA%20from%20GRU%20on%202027-04-13%20oneway,9a59589f08aa,
2026-09-03T16:38:13-03:00,google_flights,GIG,FRA,2027-04-13,3638.0,BRL,Tap Air Portugal,Tap Air Portugal,TP 67 TP 572,1,LIS 1h45,105,880,2027-04-13T23:00,2027-04-14T18:40,desconhecida,https://www.google.com/travel/flights?q=Flights%20to%20FRA%20from%20GIG%20on%202027-04-13%20oneway,1a6e34bfcfe3,
2026-09-03T16:38:13-03:00,google_flights,GRU,MUC,2027-04-13,3770.0,BRL,ITA,ITA,AZ 675 AZ 432,1,FCO 1h45,105,895,2027-04-13T14:15,2027-04-14T10:10,desconhecida,https://www.google.com/travel/flights?q=Flights%20to%20MUC%20from%20GRU%20on%202027-04-13%20oneway,72bb288e8aa2,
2026-09-03T16:38:13-03:00,google_flights,GRU,AMS,2027-04-13,4238.0,BRL,LATAM,LATAM,LA 8078,0,,0,720,2027-04-13T18:00,2027-04-14T11:00,desconhecida,https://www.google.com/travel/flights?q=Flights%20to%20AMS%20from%20GRU%20on%202027-04-13%20oneway,cbfd8caa997d,
2026-09-03T16:38:13-03:00,google_flights,GRU,AMS,2027-04-13,4761.0,BRL,KLM,KLM,KL 792,0,,0,695,2027-04-13T21:45,2027-04-14T14:20,desconhecida,https://www.google.com/travel/flights?q=Flights%20to%20AMS%20from%20GRU%20on%202027-04-13%20oneway,eec57785371c,
2026-09-03T16:38:13-03:00,google_flights,GRU,FRA,2027-04-13,4879.0,BRL,LATAM,LATAM,LA 8070,0,,0,705,2027-04-13T23:40,2027-04-14T16:25,desconhecida,https://www.google.com/travel/flights?q=Flights%20to%20FRA%20from%20GRU%20on%202027-04-13%20oneway,7046b8738ece,
2026-09-03T23:28:06-03:00,google_flights,BSB,FRA,2027-04-17,3207.0,BRL,Tap Air Portugal,Tap Air Portugal,TP 58 TP 570,1,LIS 2h00,120,860,2027-04-17T17:10,2027-04-18T12:30,desconhecida,https://www.google.com/travel/flights?q=Flights%20to%20FRA%20from%20BSB%20on%202027-04-17%20oneway,28f22ccb09f2,
2026-09-03T23:28:06-03:00,google_flights,GRU,MUC,2027-04-17,3327.0,BRL,Air Europa,Air Europa,UX 58 UX 1515,1,MAD 2h05,125,895,2027-04-17T13:50,2027-04-18T09:45,desconhecida,https://www.google.com/travel/flights?q=Flights%20to%20MUC%20from%20GRU%20on%202027-04-17%20oneway,8ba6bf437bb1,
2026-09-03T23:28:06-03:00,google_flights,GRU,FRA,2027-04-17,3327.0,BRL,Air Europa,Air Europa,UX 58 UX 1503,1,MAD 2h00,120,895,2027-04-17T13:50,2027-04-18T09:45,desconhecida,https://www.google.com/travel/flights?q=Flights%20to%20FRA%20from%20GRU%20on%202027-04-17%20oneway,0ec89e82a78d,
2026-09-03T23:28:06-03:00,google_flights,GRU,AMS,2027-04-17,3435.0,BRL,Air Europa,Air Europa,UX 58 UX 1091,1,MAD 2h00,120,890,2027-04-17T13:50,2027-04-18T09:40,desconhecida,https://www.google.com/travel/flights?q=Flights%20to%20AMS%20from%20GRU%20on%202027-04-17%20oneway,d388ebf4e88b,
2026-09-03T23:28:06-03:00,google_flights,GRU,AMS,2027-04-17,4238.0,BRL,LATAM,LATAM,LA 8078,0,,0,720,2027-04-17T18:00,2027-04-18T11:00,desconhecida,https://www.google.com/travel/flights?q=Flights%20to%20AMS%20from%20GRU%20on%202027-04-17%20oneway,b579f0c58ff2,
2026-09-03T23:28:06-03:00,google_flights,BSB,FRA,2027-04-17,3191.0,BRL,Tap Air Portugal,Tap Air Portugal,TP 58 TP 574,1,LIS 11h50,710,1450,2027-04-17T17:10,2027-04-18T22:20,desconhecida,https://www.google.com/travel/flights?q=Flights%20to%20FRA%20from%20BSB%20on%202027-04-17%20oneway,5fbdf399ed80,
2026-09-03T23:28:06-03:00,google_flights,GRU,AMS,2027-04-17,3301.0,BRL,Air Canada,Air Canada,AC 97 AC 900,1,YUL 15h20,920,1935,2027-04-17T21:00,2027-04-19T10:15,desconhecida,https://www.google.com/travel/flights?q=Flights%20to%20AMS%20from%20GRU%20on%202027-04-17%20oneway,a2bb9af8d071,
2026-09-03T23:28:06-03:00,google_flights,GIG,FRA,2027-04-17,3353.0,BRL,Tap Air Portugal,Tap Air Portugal,TP 67 TP 574,1,LIS 5h25,325,1100,2027-04-17T23:00,2027-04-18T22:20,desconhecida,https://www.google.com/travel/flights?q=Flights%20to%20FRA%20from%20GIG%20on%202027-04-17%20oneway,be52c2706fef,
2026-09-03T23:28:06-03:00,google_flights,GIG,FRA,2027-04-17,3638.0,BRL,Tap Air Portugal,Tap Air Portugal,TP 67 TP 572,1,LIS 1h45,105,880,2027-04-17T23:00,2027-04-18T18:40,desconhecida,https://www.google.com/travel/flights?q=Flights%20to%20FRA%20from%20GIG%20on%202027-04-17%20oneway,343f1f9cba20,
2026-09-03T23:28:06-03:00,google_flights,GRU,CPH,2027-04-17,3896.0,BRL,Tap Air Portugal,Tap Air Portugal,TP 82 TP 752,1,LIS 1h50,110,925,2027-04-17T15:30,2027-04-18T11:55,desconhecida,https://www.google.com/travel/flights?q=Flights%20to%20CPH%20from%20GRU%20on%202027-04-17%20oneway,11d6df5bb6af,
2026-09-03T23:28:06-03:00,google_flights,GRU,FRA,2027-04-17,4879.0,BRL,LATAM,LATAM,LA 8070,0,,0,705,2027-04-17T23:40,2027-04-18T16:25,desconhecida,https://www.google.com/travel/flights?q=Flights%20to%20FRA%20from%20GRU%20on%202027-04-17%20oneway,d2d5cd8e567a,
2026-09-03T23:28:11-03:00,google_flights,BSB,FRA,2027-04-18,3175.0,BRL,Tap Air Portugal,Tap Air Portugal,TP 58 TP 570,1,LIS 1h40,100,845,2027-04-18T17:25,2027-04-19T12:30,desconhecida,https://www.google.com/travel/flights?q=Flights%20to%20FRA%20from%20BSB%20on%202027-04-18%20oneway,36d723ede46d,
2026-09-03T23:28:11-03:00,google_flights,GRU,MUC,2027-04-18,3327.0,BRL,Air Europa,Air Europa,UX 58 UX 1515,1,MAD 2h05,125,895,2027-04-18T13:50,2027-04-19T09:45,desconhecida,https://www.google.com/travel/flights?q=Flights%20to%20MUC%20from%20GRU%20on%202027-04-18%20oneway,cac71579581b,
2026-09-03T23:28:11-03:00,google_flights,GRU,AMS,2027-04-18,4238.0,BRL,LATAM,LATAM,LA 8078,0,,0,710,2027-04-18T18:00,2027-04-19T10:50,desconhecida,https://www.google.com/travel/flights?q=Flights%20to%20AMS%20from%20GRU%20on%202027-04-18%20oneway,c905b06bab26,
2026-09-03T23:28:11-03:00,google_flights,GRU,AMS,2027-04-18,2942.0,BRL,United,United,UA 860 UA 946,1,IAD 11h05,665,1745,2027-04-18T21:30,2027-04-20T07:35,desconhecida,https://www.google.com/travel/flights?q=Flights%20to%20AMS%20from%20GRU%20on%202027-04-18%20oneway,841de97db4b7,
2026-09-03T23:28:11-03:00,google_flights,BSB,FRA,2027-04-18,3170.0,BRL,Tap Air Portugal,Tap Air Portugal,TP 58 TP 574,1,LIS 11h30,690,1435,2027-04-18T17:25,2027-04-19T22:20,desconhecida,https://www.google.com/travel/flights?q=Flights%20to%20FRA%20from%20BSB%20on%202027-04-18%20oneway,a63b18af3b7d,
2026-09-03T23:28:11-03:00,google_flights,GRU,MUC,2027-04-18,3234.0,BRL,United,United,UA 860 UA 108,1,IAD 11h00,660,1755,2027-04-18T21:30,2027-04-20T07:45,desconhecida,https://www.google.com/travel/flights?q=Flights%20to%20MUC%20from%20GRU%20on%202027-04-18%20oneway,800c3a2c3f97,
2026-09-03T23:28:11-03:00,google_flights,GRU,FRA,2027-04-18,3326.0,BRL,Air Canada,Air Canada,AC 91 AC 840,1,YYZ 9h50,590,1675,2027-04-18T21:35,2027-04-20T06:30,desconhecida,https://www.google.com/travel/flights?q=Flights%20to%20FRA%20from%20GRU%20on%202027-04-18%20oneway,274f85dcccca,
2026-09-03T23:28:11-03:00,google_flights,GRU,FRA,2027-04-18,3327.0,BRL,Air Europa,Air Europa,UX 58 UX 1503,1,MAD 2h00,120,895,2027-04-18T13:50,2027-04-19T09:45,desconhecida,https://www.google.com/travel/flights?q=Flights%20to%20FRA%20from%20GRU%20on%202027-04-18%20oneway,5acefc48a67a,
2026-09-03T23:28:11-03:00,google_flights,GIG,FRA,2027-04-18,3353.0,BRL,Tap Air Portugal,Tap Air Portugal,TP 72 TP 574,1,LIS 6h15,375,1150,2027-04-18T22:10,2027-04-19T22:20,desconhecida,https://www.google.com/travel/flights?q=Flights%20to%20FRA%20from%20GIG%20on%202027-04-18%20oneway,caae135e5a67,
2026-09-03T23:28:11-03:00,google_flights,GRU,AMS,2027-04-18,3435.0,BRL,Air Europa,Air Europa,UX 58 UX 1091,1,MAD 2h00,120,890,2027-04-18T13:50,2027-04-19T09:40,desconhecida,https://www.google.com/travel/flights?q=Flights%20to%20AMS%20from%20GRU%20on%202027-04-18%20oneway,7c2f7b17fa24,
2026-09-03T23:28:11-03:00,google_flights,GRU,FRA,2027-04-18,3516.0,BRL,Tap Air Portugal,Tap Air Portugal,TP 88 TP 572,1,LIS 4h00,240,1020,2027-04-18T20:40,2027-04-19T18:40,desconhecida,https://www.google.com/travel/flights?q=Flights%20to%20FRA%20from%20GRU%20on%202027-04-18%20oneway,44402e0aba5f,
2026-09-03T23:28:11-03:00,google_flights,GIG,FRA,2027-04-18,3638.0,BRL,Tap Air Portugal,Tap Air Portugal,TP 72 TP 572,1,LIS 2h35,155,930,2027-04-18T22:10,2027-04-19T18:40,desconhecida,https://www.google.com/travel/flights?q=Flights%20to%20FRA%20from%20GIG%20on%202027-04-18%20oneway,df84a8ed448d,
2026-09-03T23:28:11-03:00,google_flights,GRU,CPH,2027-04-18,3896.0,BRL,Tap Air Portugal,Tap Air Portugal,TP 82 TP 752,1,LIS 1h50,110,925,2027-04-18T15:30,2027-04-19T11:55,desconhecida,https://www.google.com/travel/flights?q=Flights%20to%20CPH%20from%20GRU%20on%202027-04-18%20oneway,db301dc75e91,
2026-09-03T23:28:11-03:00,google_flights,GIG,CPH,2027-04-18,3954.0,BRL,Tap Air Portugal,Tap Air Portugal,TP 76 TP 752,1,LIS 1h55,115,920,2027-04-18T15:35,2027-04-19T11:55,desconhecida,https://www.google.com/travel/flights?q=Flights%20to%20CPH%20from%20GIG%20on%202027-04-18%20oneway,de47119372d9,
2026-09-03T23:28:11-03:00,google_flights,GRU,AMS,2027-04-18,4761.0,BRL,KLM,KLM,KL 792,0,,0,695,2027-04-18T21:45,2027-04-19T14:20,desconhecida,https://www.google.com/travel/flights?q=Flights%20to%20AMS%20from%20GRU%20on%202027-04-18%20oneway,12e8ac08b3e9,
2026-09-03T23:28:11-03:00,google_flights,GRU,FRA,2027-04-18,4879.0,BRL,LATAM,LATAM,LA 8070,0,,0,705,2027-04-18T23:40,2027-04-19T16:25,desconhecida,https://www.google.com/travel/flights?q=Flights%20to%20FRA%20from%20GRU%20on%202027-04-18%20oneway,c63339d92f4a,
2026-09-03T23:28:16-03:00,google_flights,GRU,MUC,2027-04-19,3327.0,BRL,Air Europa,Air Europa,UX 58 UX 1515,1,MAD 2h05,125,895,2027-04-19T13:50,2027-04-20T09:45,desconhecida,https://www.google.com/travel/flights?q=Flights%20to%20MUC%20from%20GRU%20on%202027-04-19%20oneway,efa495909ca0,
2026-09-03T23:28:16-03:00,google_flights,GRU,FRA,2027-04-19,3327.0,BRL,Air Europa,Air Europa,UX 58 UX 1503,1,MAD 2h00,120,895,2027-04-19T13:50,2027-04-20T09:45,desconhecida,https://www.google.com/travel/flights?q=Flights%20to%20FRA%20from%20GRU%20on%202027-04-19%20oneway,2ab0796500a9,
2026-09-03T23:28:16-03:00,google_flights,GIG,FRA,2027-04-19,3353.0,BRL,Tap Air Portugal,Tap Air Portugal,TP 76 TP 570,1,LIS 3h00,180,955,2027-04-19T15:35,2027-04-20T12:30,desconhecida,https://www.google.com/travel/flights?q=Flights%20to%20FRA%20from%20GIG%20on%202027-04-19%20oneway,a14fd11859c0,
2026-09-03T23:28:16-03:00,google_flights,GRU,AMS,2027-04-19,4238.0,BRL,LATAM,LATAM,LA 8078,0,,0,720,2027-04-19T18:00,2027-04-20T11:00,desconhecida,https://www.google.com/travel/flights?q=Flights%20to%20AMS%20from%20GRU%20on%202027-04-19%20oneway,94efe5bfbe97,
2026-09-03T23:28:16-03:00,google_flights,GRU,FRA,2027-04-19,3301.0,BRL,Air Canada,Air Canada,AC 97 AC 844,1,YUL 10h15,615,1680,2027-04-19T21:00,2027-04-21T06:00,desconhecida,https://www.google.com/travel/flights?q=Flights%20to%20FRA%20from%20GRU%20on%202027-04-19%20oneway,e4b076a57ce7,
2026-09-03T23:28:16-03:00,google_flights,GRU,AMS,2027-04-19,3301.0,BRL,Air Canada,Air Canada,AC 97 AC 900,1,YUL 15h20,920,1935,2027-04-19T21:00,2027-04-21T10:15,desconhecida,https://www.google.com/travel/flights?q=Flights%20to%20AMS%20from%20GRU%20on%202027-04-19%20oneway,68f96c6fbf2d,
2026-09-03T23:28:16-03:00,google_flights,GRU,VIE,2027-04-19,3326.0,BRL,Air Canada,Air Canada,AC 91 AC 886,1,YYZ 11h15,675,1785,2027-04-19T21:35,2027-04-21T08:20,desconhecida,https://www.google.com/travel/flights?q=Flights%20to%20VIE%20from%20GRU%20on%202027-04-19%20oneway,793351896b6b,
2026-09-03T23:28:16-03:00,google_flights,GIG,FRA,2027-04-19,3353.0,BRL,Tap Air Portugal,Tap Air Portugal,TP 72 TP 572,1,LIS 2h35,155,930,2027-04-19T22:10,2027-04-20T18:40,desconhecida,https://www.google.com/travel/flights?q=Flights%20to%20FRA%20from%20GIG%20on%202027-04-19%20oneway,c140b9eebab4,
2026-09-03T23:28:16-03:00,google_flights,BSB,BER,2027-04-19,3421.0,BRL,Tap Air Portugal,Tap Air Portugal,TP 58 TP 532,1,LIS 5h25,325,1085,2027-04-19T17:25,2027-04-20T16:30,desconhecida,https://www.google.com/travel/flights?q=Flights%20to%20BER%20from%20BSB%20on%202027-04-19%20oneway,c06362a3ff0a,
2026-09-03T23:28:16-03:00,google_flights,GRU,AMS,2027-04-19,3435.0,BRL,Air Europa,Air Europa,UX 58 UX 1091,1,MAD 2h00,120,890,2027-04-19T13:50,2027-04-20T09:40,desconhecida,https://www.google.com/travel/flights?q=Flights%20to%20AMS%20from%20GRU%20on%202027-04-19%20oneway,96c8dd0da8c7,
2026-09-03T23:28:16-03:00,google_flights,GRU,FRA,2027-04-19,3516.0,BRL,Tap Air Portugal,Tap Air Portugal,TP 84 TP 574,1,LIS 3h35,215,995,2027-04-19T00:45,2027-04-19T22:20,desconhecida,https://www.google.com/travel/flights?q=Flights%20to%20FRA%20from%20GRU%20on%202027-04-19%20oneway,08c1eb583b55,
2026-09-03T23:28:16-03:00,google_flights,GRU,AMS,2027-04-19,3638.0,BRL,ITA,ITA,AZ 679 AZ 110,1,FCO 3h35,215,1030,2027-04-19T18:55,2027-04-20T17:05,desconhecida,https://www.google.com/travel/flights?q=Flights%20to%20AMS%20from%20GRU%20on%202027-04-19%20oneway,0a1f7b704f73,
2026-09-03T23:28:16-03:00,google_flights,GIG,BER,2027-04-19,3788.0,BRL,Tap Air Portugal,Tap Air Portugal,TP 76 TP 530,1,LIS 1h40,100,895,2027-04-19T15:35,2027-04-20T11:30,desconhecida,https://www.google.com/travel/flights?q=Flights%20to%20BER%20from%20GIG%20on%202027-04-19%20oneway,a8dc90ff0e6a,
2026-09-03T23:28:16-03:00,google_flights,GRU,AMS,2027-04-19,4761.0,BRL,KLM,KLM,KL 792,0,,0,695,2027-04-19T21:45,2027-04-20T14:20,desconhecida,https://www.google.com/travel/flights?q=Flights%20to%20AMS%20from%20GRU%20on%202027-04-19%20oneway,d43e59eb49ba,
2026-09-03T23:28:16-03:00,google_flights,GRU,FRA,2027-04-19,4879.0,BRL,LATAM,LATAM,LA 8070,0,,0,705,2027-04-19T23:40,2027-04-20T16:25,desconhecida,https://www.google.com/travel/flights?q=Flights%20to%20FRA%20from%20GRU%20on%202027-04-19%20oneway,68bbb3738455,
2026-09-03T23:28:16-03:00,google_flights,GRU,MUC,2027-04-19,4915.0,BRL,Lufthansa,Lufthansa,LH 505,0,,0,685,2027-04-19T20:50,2027-04-20T13:15,desconhecida,https://www.google.com/travel/flights?q=Flights%20to%20MUC%20from%20GRU%20on%202027-04-19%20oneway,0a1a7891da6e,
2026-09-04T11:37:44-03:00,google_flights,BSB,FRA,2027-04-20,3193.0,BRL,Tap Air Portugal,Tap Air Portugal,TP 58 TP 570,1,LIS 1h45,105,845,2027-04-20T17:25,2027-04-21T12:30,desconhecida,https://www.google.com/travel/flights?q=Flights%20to%20FRA%20from%20BSB%20on%202027-04-20%20oneway,d30f00213e1c,
2026-09-04T11:37:44-03:00,google_flights,GRU,FRA,2027-04-20,3307.0,BRL,Air Europa,Air Europa,UX 58 UX 1503,1,MAD 2h00,120,895,2027-04-20T13:50,2027-04-21T09:45,desconhecida,https://www.google.com/travel/flights?q=Flights%20to%20FRA%20from%20GRU%20on%202027-04-20%20oneway,71f776be3cfe,
2026-09-04T11:37:44-03:00,google_flights,GRU,FRA,2027-04-20,3353.0,BRL,ITA,ITA,AZ 679 AZ 404,1,FCO 4h35,275,1065,2027-04-20T18:55,2027-04-21T17:40,desconhecida,https://www.google.com/travel/flights?q=Flights%20to%20FRA%20from%20GRU%20on%202027-04-20%20oneway,ea92c851ebaa,
2026-09-04T11:37:44-03:00,google_flights,GRU,AMS,2027-04-20,2680.0,BRL,United,United,UA 860 UA 946,1,IAD 11h05,665,1745,2027-04-20T21:30,2027-04-22T07:35,desconhecida,https://www.google.com/travel/flights?q=Flights%20to%20AMS%20from%20GRU%20on%202027-04-20%20oneway,9cc8aafdde03,
2026-09-04T11:37:44-03:00,google_flights,GRU,MUC,2027-04-20,3215.0,BRL,United,United,UA 860 UA 108,1,IAD 11h00,660,1755,2027-04-20T21:30,2027-04-22T07:45,desconhecida,https://www.google.com/travel/flights?q=Flights%20to%20MUC%20from%20GRU%20on%202027-04-20%20oneway,9293c25421f0,
2026-09-04T11:37:44-03:00,google_flights,GRU,MUC,2027-04-20,3307.0,BRL,Air Europa,Air Europa,UX 58 UX 1515,1,MAD 2h05,125,895,2027-04-20T13:50,2027-04-21T09:45,desconhecida,https://www.google.com/travel/flights?q=Flights%20to%20MUC%20from%20GRU%20on%202027-04-20%20oneway,ebb631af85ff,
2026-09-04T11:37:44-03:00,google_flights,GIG,AMS,2027-04-20,3320.0,BRL,Avianca,Avianca|Air Canada,AV 198 AC 99 AC 900,2,"BOG 3h00, YUL 5h10",180,1660,2027-04-20T01:35,2027-04-21T10:15,desconhecida,https://www.google.com/travel/flights?q=Flights%20to%20AMS%20from%20GIG%20on%202027-04-20%20oneway,fc4a5293a832,
2026-09-04T11:37:44-03:00,google_flights,GRU,AMS,2027-04-20,3414.0,BRL,Air Europa,Air Europa,UX 58 UX 1091,1,MAD 2h00,120,890,2027-04-20T13:50,2027-04-21T09:40,desconhecida,https://www.google.com/travel/flights?q=Flights%20to%20AMS%20from%20GRU%20on%202027-04-20%20oneway,449c11bd5a36,
2026-09-04T11:37:44-03:00,google_flights,GIG,MUC,2027-04-20,3480.0,BRL,Tap Air Portugal,Tap Air Portugal,TP 67 TP 554,1,LIS 2h10,130,900,2027-04-20T23:00,2027-04-21T19:00,desconhecida,https://www.google.com/travel/flights?q=Flights%20to%20MUC%20from%20GIG%20on%202027-04-20%20oneway,81f89426a9f0,
2026-09-04T11:37:44-03:00,google_flights,GRU,FRA,2027-04-20,3495.0,BRL,Tap Air Portugal,Tap Air Portugal,TP 84 TP 574,1,LIS 3h35,215,995,2027-04-20T00:45,2027-04-20T22:20,desconhecida,https://www.google.com/travel/flights?q=Flights%20to%20FRA%20from%20GRU%20on%202027-04-20%20oneway,112b1fbbe5d4,
2026-09-04T11:37:44-03:00,google_flights,GRU,FRA,2027-04-20,3495.0,BRL,Tap Air Portugal,Tap Air Portugal,TP 88 TP 572,1,LIS 3h55,235,1015,2027-04-20T20:45,2027-04-21T18:40,desconhecida,https://www.google.com/travel/flights?q=Flights%20to%20FRA%20from%20GRU%20on%202027-04-20%20oneway,24da5937474d,
2026-09-04T11:37:44-03:00,google_flights,GRU,AMS,2027-04-20,4212.0,BRL,LATAM,LATAM,LA 8078,0,,0,720,2027-04-20T18:00,2027-04-21T11:00,desconhecida,https://www.google.com/travel/flights?q=Flights%20to%20AMS%20from%20GRU%20on%202027-04-20%20oneway,bacceefb2718,
2026-09-04T11:37:44-03:00,google_flights,GRU,AMS,2027-04-20,4732.0,BRL,KLM,KLM,KL 792,0,,0,695,2027-04-20T21:45,2027-04-21T14:20,desconhecida,https://www.google.com/travel/flights?q=Flights%20to%20AMS%20from%20GRU%20on%202027-04-20%20oneway,0a6fe5cc738f,
2026-09-04T11:37:44-03:00,google_flights,GRU,FRA,2027-04-20,4849.0,BRL,LATAM,LATAM,LA 8070,0,,0,705,2027-04-20T23:40,2027-04-21T16:25,desconhecida,https://www.google.com/travel/flights?q=Flights%20to%20FRA%20from%20GRU%20on%202027-04-20%20oneway,6bfbc5e70c16,
2026-09-04T11:37:53-03:00,google_flights,GRU,FRA,2027-04-21,3307.0,BRL,Air Europa,Air Europa,UX 58 UX 1503,1,MAD 2h00,120,895,2027-04-21T13:50,2027-04-22T09:45,desconhecida,https://www.google.com/travel/flights?q=Flights%20to%20FRA%20from%20GRU%20on%202027-04-21%20oneway,22814f2ca842,
2026-09-04T11:37:53-03:00,google_flights,GRU,MUC,2027-04-21,3307.0,BRL,Air Europa,Air Europa,UX 58 UX 1515,1,MAD 2h05,125,895,2027-04-21T13:50,2027-04-22T09:45,desconhecida,https://www.google.com/travel/flights?q=Flights%20to%20MUC%20from%20GRU%20on%202027-04-21%20oneway,304e39efe077,
2026-09-04T11:37:53-03:00,google_flights,BSB,MUC,2027-04-21,3470.0,BRL,Tap Air Portugal,Tap Air Portugal,TP 58 TP 552,1,LIS 1h15,75,810,2027-04-21T18:15,2027-04-22T12:45,desconhecida,https://www.google.com/travel/flights?q=Flights%20to%20MUC%20from%20BSB%20on%202027-04-21%20oneway,ba1615826e8b,
2026-09-04T11:37:53-03:00,google_flights,GIG,VIE,2027-04-21,3658.0,BRL,Tap Air Portugal,Tap Air Portugal,TP 72 TP 1272,1,LIS 2h00,120,915,2027-04-21T22:10,2027-04-22T18:25,desconhecida,https://www.google.com/travel/flights?q=Flights%20to%20VIE%20from%20GIG%20on%202027-04-21%20oneway,1f1cef33f9a7,
2026-09-04T11:37:53-03:00,google_flights,GRU,AMS,2027-04-21,2680.0,BRL,United,United,UA 844 UA 909,1,ORD 11h15,675,1810,2027-04-21T22:20,2027-04-23T09:30,desconhecida,https://www.google.com/travel/flights?q=Flights%20to%20AMS%20from%20GRU%20on%202027-04-21%20oneway,83fd411b0929,
2026-09-04T11:37:53-03:00,google_flights,GIG,AMS,2027-04-21,3098.0,BRL,United,United,UA 128 UA 20,1,IAH 10h40,640,1875,2027-04-21T21:05,2027-04-23T09:20,desconhecida,https://www.google.com/travel/flights?q=Flights%20to%20AMS%20from%20GIG%20on%202027-04-21%20oneway,c3814dc77742,
2026-09-04T11:37:53-03:00,google_flights,GRU,FRA,2027-04-21,3215.0,BRL,United,United,UA 844 UA 944,1,ORD 8h15,495,1630,2027-04-21T22:20,2027-04-23T06:30,desconhecida,https://www.google.com/travel/flights?q=Flights%20to%20FRA%20from%20GRU%20on%202027-04-21%20oneway,e125268cfbdc,
2026-09-04T11:37:53-03:00,google_flights,GRU,MUC,2027-04-21,3215.0,BRL,United,United|Lufthansa,UA 844 LH 437,1,ORD 8h50,530,1665,2027-04-21T22:20,2027-04-23T07:05,desconhecida,https://www.google.com/travel/flights?q=Flights%20to%20MUC%20from%20GRU%20on%202027-04-21%20oneway,31d03b4e110e,
2026-09-04T11:37:53-03:00,google_flights,BSB,FRA,2027-04-21,3250.0,BRL,Tap Air Portugal,Tap Air Portugal,TP 58 TP 572,1,LIS 7h05,425,1165,2027-04-21T18:15,2027-04-22T18:40,desconhecida,https://www.google.com/travel/flights?q=Flights%20to%20FRA%20from%20BSB%20on%202027-04-21%20oneway,1f8045e5e961,
2026-09-04T11:37:53-03:00,google_flights,GRU,FRA,2027-04-21,3300.0,BRL,Air Canada,Air Canada,AC 97 AC 844,1,YUL 10h15,615,1680,2027-04-21T21:00,2027-04-23T06:00,desconhecida,https://www.google.com/travel/flights?q=Flights%20to%20FRA%20from%20GRU%20on%202027-04-21%20oneway,a1f9159ae59d,
2026-09-04T11:37:53-03:00,google_flights,GRU,AMS,2027-04-21,3414.0,BRL,Air Europa,Air Europa,UX 58 UX 1091,1,MAD 2h00,120,890,2027-04-21T13:50,2027-04-22T09:40,desconhecida,https://www.google.com/travel/flights?q=Flights%20to%20AMS%20from%20GRU%20on%202027-04-21%20oneway,9c22a2dad831,
2026-09-04T11:37:53-03:00,google_flights,GRU,FRA,2027-04-21,3495.0,BRL,Tap Air Portugal,Tap Air Portugal,TP 82 TP 570,1,LIS 2h55,175,960,2027-04-21T15:30,2027-04-22T12:30,desconhecida,https://www.google.com/travel/flights?q=Flights%20to%20FRA%20from%20GRU%20on%202027-04-21%20oneway,0bac21ee23e8,
2026-09-04T11:37:53-03:00,google_flights,GRU,FRA,2027-04-21,3495.0,BRL,Tap Air Portugal,Tap Air Portugal,TP 88 TP 572,1,LIS 3h55,235,1015,2027-04-21T20:45,2027-04-22T18:40,desconhecida,https://www.google.com/travel/flights?q=Flights%20to%20FRA%20from%20GRU%20on%202027-04-21%20oneway,4d7949f7e1b5,
2026-09-04T11:37:53-03:00,google_flights,GIG,BER,2027-04-21,3766.0,BRL,Tap Air Portugal,Tap Air Portugal,TP 76 TP 530,1,LIS 1h40,100,895,2027-04-21T15:35,2027-04-22T11:30,desconhecida,https://www.google.com/travel/flights?q=Flights%20to%20BER%20from%20GIG%20on%202027-04-21%20oneway,936221ecd6a3,
2026-09-04T11:37:58-03:00,google_flights,GRU,FRA,2027-04-22,3307.0,BRL,Air Europa,Air Europa,UX 58 UX 1503,1,MAD 2h00,120,895,2027-04-22T13:50,2027-04-23T09:45,desconhecida,https://www.google.com/travel/flights?q=Flights%20to%20FRA%20from%20GRU%20on%202027-04-22%20oneway,f1969eb69575,
2026-09-04T11:37:58-03:00,google_flights,BSB,FRA,2027-04-22,3434.0,BRL,Tap Air Portugal,Tap Air Portugal,TP 58 TP 570,1,LIS 2h00,120,860,2027-04-22T17:10,2027-04-23T12:30,desconhecida,https://www.google.com/travel/flights?q=Flights%20to%20FRA%20from%20BSB%20on%202027-04-22%20oneway,09fd94a52530,
2026-09-04T11:37:58-03:00,google_flights,GRU,AMS,2027-04-22,4212.0,BRL,LATAM,LATAM,LA 8078,0,,0,720,2027-04-22T18:00,2027-04-23T11:00,desconhecida,https://www.google.com/travel/flights?q=Flights%20to%20AMS%20from%20GRU%20on%202027-04-22%20oneway,32e37fba96f6,
2026-09-04T11:37:58-03:00,google_flights,GRU,AMS,2027-04-22,2680.0,BRL,United,United,UA 148 UA 70,1,EWR 11h50,710,1755,2027-04-22T21:00,2027-04-24T07:15,desconhecida,https://www.google.com/travel/flights?q=Flights%20to%20AMS%20from%20GRU%20on%202027-04-22%20oneway,0254929b3ccf,
2026-09-04T11:37:58-03:00,google_flights,GRU,AMS,2027-04-22,2680.0,BRL,United,United,UA 860 UA 946,1,IAD 11h05,665,1745,2027-04-22T21:30,2027-04-24T07:35,desconhecida,https://www.google.com/travel/flights?q=Flights%20to%20AMS%20from%20GRU%20on%202027-04-22%20oneway,34e8230fb190,
2026-09-04T11:37:58-03:00,google_flights,GRU,VIE,2027-04-22,2680.0,BRL,United,United|Austrian,UA 844 OS 46,1,ORD 9h35,575,1735,2027-04-22T22:20,2027-04-24T08:15,desconhecida,https://www.google.com/travel/flights?q=Flights%20to%20VIE%20from%20GRU%20on%202027-04-22%20oneway,6b5e221ac497,
2026-09-04T11:37:58-03:00,google_flights,GRU,AMS,2027-04-22,2680.0,BRL,United,United,UA 844 UA 909,1,ORD 11h15,675,1810,2027-04-22T22:20,2027-04-24T09:30,desconhecida,https://www.google.com/travel/flights?q=Flights%20to%20AMS%20from%20GRU%20on%202027-04-22%20oneway,a8336a47ecab,
2026-09-04T11:37:58-03:00,google_flights,GIG,AMS,2027-04-22,2853.0,BRL,United,United,UA 128 UA 20,1,IAH 10h40,640,1875,2027-04-22T21:05,2027-04-24T09:20,desconhecida,https://www.google.com/travel/flights?q=Flights%20to%20AMS%20from%20GIG%20on%202027-04-22%20oneway,03f5dad5ff81,
2026-09-04T11:37:58-03:00,google_flights,GRU,CPH,2027-04-22,2916.0,BRL,United,United|Lufthansa,UA 844 UA 944 LH 826,2,"ORD 8h15, FRA 1h20",80,1795,2027-04-22T22:20,2027-04-24T09:15,desconhecida,https://www.google.com/travel/flights?q=Flights%20to%20CPH%20from%20GRU%20on%202027-04-22%20oneway,3aa2790a61ad,
2026-09-04T11:37:58-03:00,google_flights,BSB,FRA,2027-04-22,3188.0,BRL,Tap Air Portugal,Tap Air Portugal,TP 58 TP 574,1,LIS 11h50,710,1450,2027-04-22T17:10,2027-04-23T22:20,desconhecida,https://www.google.com/travel/flights?q=Flights%20to%20FRA%20from%20BSB%20on%202027-04-22%20oneway,ce93dc6fdaa8,
2026-09-04T11:37:58-03:00,google_flights,GRU,MUC,2027-04-22,3307.0,BRL,Air Europa,Air Europa,UX 58 UX 1515,1,MAD 2h05,125,895,2027-04-22T13:50,2027-04-23T09:45,desconhecida,https://www.google.com/travel/flights?q=Flights%20to%20MUC%20from%20GRU%20on%202027-04-22%20oneway,db7d0116e469,
2026-09-04T11:37:58-03:00,google_flights,GIG,FRA,2027-04-22,3333.0,BRL,Tap Air Portugal,Tap Air Portugal,TP 67 TP 574,1,LIS 5h25,325,1100,2027-04-22T23:00,2027-04-23T22:20,desconhecida,https://www.google.com/travel/flights?q=Flights%20to%20FRA%20from%20GIG%20on%202027-04-22%20oneway,fbceafe70fd3,
2026-09-04T11:37:58-03:00,google_flights,GRU,AMS,2027-04-22,3414.0,BRL,Air Europa,Air Europa,UX 58 UX 1091,1,MAD 2h00,120,890,2027-04-22T13:50,2027-04-23T09:40,desconhecida,https://www.google.com/travel/flights?q=Flights%20to%20AMS%20from%20GRU%20on%202027-04-22%20oneway,9290da6ef6b0,
2026-09-04T11:37:58-03:00,google_flights,GRU,FRA,2027-04-22,3495.0,BRL,Tap Air Portugal,Tap Air Portugal,TP 84 TP 574,1,LIS 3h35,215,995,2027-04-22T00:45,2027-04-22T22:20,desconhecida,https://www.google.com/travel/flights?q=Flights%20to%20FRA%20from%20GRU%20on%202027-04-22%20oneway,4966bd0c910b,
2026-09-04T11:37:58-03:00,google_flights,GRU,FRA,2027-04-22,3495.0,BRL,Tap Air Portugal,Tap Air Portugal,TP 88 TP 572,1,LIS 3h55,235,1015,2027-04-22T20:45,2027-04-23T18:40,desconhecida,https://www.google.com/travel/flights?q=Flights%20to%20FRA%20from%20GRU%20on%202027-04-22%20oneway,574f3b63b9d5,
2026-09-04T11:37:58-03:00,google_flights,GIG,AMS,2027-04-22,3768.0,BRL,Tap Air Portugal,Tap Air Portugal,TP 67 TP 672,1,LIS 1h50,110,880,2027-04-22T23:00,2027-04-23T18:40,desconhecida,https://www.google.com/travel/flights?q=Flights%20to%20AMS%20from%20GIG%20on%202027-04-22%20oneway,10eb1445559d,
2026-09-04T11:37:58-03:00,google_flights,BSB,BER,2027-04-22,3787.0,BRL,Tap Air Portugal,Tap Air Portugal,TP 58 TP 530,1,LIS 1h30,90,850,2027-04-22T17:10,2027-04-23T12:20,desconhecida,https://www.google.com/travel/flights?q=Flights%20to%20BER%20from%20BSB%20on%202027-04-22%20oneway,94330108dea4,
2026-09-04T11:37:58-03:00,google_flights,GRU,AMS,2027-04-22,4732.0,BRL,KLM,KLM,KL 792,0,,0,695,2027-04-22T21:45,2027-04-23T14:20,desconhecida,https://www.google.com/travel/flights?q=Flights%20to%20AMS%20from%20GRU%20on%202027-04-22%20oneway,06b0b0165473,
2026-09-04T11:37:58-03:00,google_flights,GRU,FRA,2027-04-22,4849.0,BRL,LATAM,LATAM,LA 8070,0,,0,705,2027-04-22T23:40,2027-04-23T16:25,desconhecida,https://www.google.com/travel/flights?q=Flights%20to%20FRA%20from%20GRU%20on%202027-04-22%20oneway,12190efa454e,
2026-09-04T11:38:03-03:00,google_flights,GRU,MUC,2027-04-23,3307.0,BRL,Air Europa,Air Europa,UX 58 UX 1515,1,MAD 2h05,125,895,2027-04-23T13:50,2027-04-24T09:45,desconhecida,https://www.google.com/travel/flights?q=Flights%20to%20MUC%20from%20GRU%20on%202027-04-23%20oneway,97342844ea27,
2026-09-04T11:38:03-03:00,google_flights,BSB,MUC,2027-04-23,3470.0,BRL,Tap Air Portugal,Tap Air Portugal,TP 58 TP 552,1,LIS 1h15,75,810,2027-04-23T18:15,2027-04-24T12:45,desconhecida,https://www.google.com/travel/flights?q=Flights%20to%20MUC%20from%20BSB%20on%202027-04-23%20oneway,13c063c3b460,
2026-09-04T11:38:03-03:00,google_flights,GRU,AMS,2027-04-23,4212.0,BRL,LATAM,LATAM,LA 8078,0,,0,710,2027-04-23T18:00,2027-04-24T10:50,desconhecida,https://www.google.com/travel/flights?q=Flights%20to%20AMS%20from%20GRU%20on%202027-04-23%20oneway,cdae2ce0f000,
2026-09-04T11:38:03-03:00,google_flights,GRU,FRA,2027-04-23,3215.0,BRL,United,United,UA 844 UA 944,1,ORD 8h15,495,1630,2027-04-23T22:20,2027-04-25T06:30,desconhecida,https://www.google.com/travel/flights?q=Flights%20to%20FRA%20from%20GRU%20on%202027-04-23%20oneway,2227cb013b5e,
2026-09-04T11:38:03-03:00,google_flights,GRU,MUC,2027-04-23,3215.0,BRL,United,United|Lufthansa,UA 844 LH 437,1,ORD 8h50,530,1665,2027-04-23T22:20,2027-04-25T07:05,desconhecida,https://www.google.com/travel/flights?q=Flights%20to%20MUC%20from%20GRU%20on%202027-04-23%20oneway,78800f9ccdf9,
2026-09-04T11:38:03-03:00,google_flights,BSB,FRA,2027-04-23,3250.0,BRL,Tap Air Portugal,Tap Air Portugal,TP 58 TP 574,1,LIS 10h45,645,1385,2027-04-23T18:15,2027-04-24T22:20,desconhecida,https://www.google.com/travel/flights?q=Flights%20to%20FRA%20from%20BSB%20on%202027-04-23%20oneway,2f3ad3ae5c31,
2026-09-04T11:38:03-03:00,google_flights,GRU,FRA,2027-04-23,3307.0,BRL,Air Europa,Air Europa,UX 58 UX 1503,1,MAD 2h00,120,895,2027-04-23T13:50,2027-04-24T09:45,desconhecida,https://www.google.com/travel/flights?q=Flights%20to%20FRA%20from%20GRU%20on%202027-04-23%20oneway,018a145e3f8c,
2026-09-04T11:38:03-03:00,google_flights,GRU,AMS,2027-04-23,3312.0,BRL,ITA,ITA,AZ 679 AZ 2044 AZ 112,2,"FCO 2h30, LIN 2h10",130,1160,2027-04-23T18:55,2027-04-24T19:15,desconhecida,https://www.google.com/travel/flights?q=Flights%20to%20AMS%20from%20GRU%20on%202027-04-23%20oneway,6e669ccc7e9b,
2026-09-04T11:38:03-03:00,google_flights,GRU,MUC,2027-04-23,3353.0,BRL,ITA,ITA|Lufthansa,AZ 679 LH 1869,1,FCO 4h25,265,1055,2027-04-23T18:55,2027-04-24T17:30,desconhecida,https://www.google.com/travel/flights?q=Flights%20to%20MUC%20from%20GRU%20on%202027-04-23%20oneway,91cf5c77f32e,
2026-09-04T11:38:03-03:00,google_flights,GIG,FRA,2027-04-23,3354.0,BRL,Tap Air Portugal,Tap Air Portugal,TP 72 TP 570,1,LIS 20h25,1225,2000,2027-04-23T22:10,2027-04-25T12:30,desconhecida,https://www.google.com/travel/flights?q=Flights%20to%20FRA%20from%20GIG%20on%202027-04-23%20oneway,732db51c57c7,
2026-09-04T11:38:03-03:00,google_flights,GRU,AMS,2027-04-23,3414.0,BRL,Air Europa,Air Europa,UX 58 UX 1091,1,MAD 2h00,120,890,2027-04-23T13:50,2027-04-24T09:40,desconhecida,https://www.google.com/travel/flights?q=Flights%20to%20AMS%20from%20GRU%20on%202027-04-23%20oneway,0765540ef092,
2026-09-04T11:38:03-03:00,google_flights,GRU,FRA,2027-04-23,3495.0,BRL,Tap Air Portugal,Tap Air Portugal,TP 84 TP 574,1,LIS 3h35,215,995,2027-04-23T00:45,2027-04-23T22:20,desconhecida,https://www.google.com/travel/flights?q=Flights%20to%20FRA%20from%20GRU%20on%202027-04-23%20oneway,811518dae145,
2026-09-04T11:38:03-03:00,google_flights,GRU,FRA,2027-04-23,3495.0,BRL,Tap Air Portugal,Tap Air Portugal,TP 88 TP 572,1,LIS 3h55,235,1015,2027-04-23T20:45,2027-04-24T18:40,desconhecida,https://www.google.com/travel/flights?q=Flights%20to%20FRA%20from%20GRU%20on%202027-04-23%20oneway,42d6f851e8ff,
2026-09-04T11:38:03-03:00,google_flights,GIG,AMS,2027-04-23,3768.0,BRL,Tap Air Portugal,Tap Air Portugal,TP 72 TP 672,1,LIS 2h40,160,930,2027-04-23T22:10,2027-04-24T18:40,desconhecida,https://www.google.com/travel/flights?q=Flights%20to%20AMS%20from%20GIG%20on%202027-04-23%20oneway,f38b0c66d6d3,
2026-09-04T11:38:03-03:00,google_flights,GRU,CPH,2027-04-23,3872.0,BRL,Tap Air Portugal,Tap Air Portugal,TP 88 TP 754,1,LIS 1h35,95,905,2027-04-23T20:45,2027-04-24T16:50,desconhecida,https://www.google.com/travel/flights?q=Flights%20to%20CPH%20from%20GRU%20on%202027-04-23%20oneway,eb0d045f9774,
2026-09-04T11:38:03-03:00,google_flights,GIG,FRA,2027-04-23,3985.0,BRL,Tap Air Portugal,Tap Air Portugal,TP 76 TP 570,1,LIS 3h00,180,955,2027-04-23T15:35,2027-04-24T12:30,desconhecida,https://www.google.com/travel/flights?q=Flights%20to%20FRA%20from%20GIG%20on%202027-04-23%20oneway,5da06efaaf82,
2026-09-04T11:38:23-03:00,google_flights,GRU,BER,2027-04-18,4369.0,BRL,Iberia,Iberia,IB 272 IB 785,1,MAD 5h15,315,1125,2027-04-18T19:20,2027-04-19T19:05,desconhecida,https://www.google.com/travel/flights?q=Flights%20to%20BER%20from%20GRU%20on%202027-04-18%20oneway,4d691abe81ec,2027-04-25
2026-09-04T11:38:23-03:00,google_flights,GRU,MUC,2027-04-18,4826.0,BRL,Air Europa,Air Europa,UX 58 UX 1515,1,MAD 2h05,125,895,2027-04-18T13:50,2027-04-19T09:45,desconhecida,https://www.google.com/travel/flights?q=Flights%20to%20MUC%20from%20GRU%20on%202027-04-18%20oneway,cac71579581b,2027-04-25
2026-09-04T11:38:23-03:00,google_flights,GRU,FRA,2027-04-18,5696.0,BRL,LATAM,LATAM,LA 8070,0,,0,705,2027-04-18T23:40,2027-04-19T16:25,desconhecida,https://www.google.com/travel/flights?q=Flights%20to%20FRA%20from%20GRU%20on%202027-04-18%20oneway,c63339d92f4a,2027-04-25
2026-09-04T11:38:23-03:00,google_flights,GRU,MUC,2027-04-18,4484.0,BRL,Iberia,Iberia,IB 272 IB 1313,1,MAD 5h45,345,1125,2027-04-18T19:20,2027-04-19T19:05,desconhecida,https://www.google.com/travel/flights?q=Flights%20to%20MUC%20from%20GRU%20on%202027-04-18%20oneway,eeb08cc30abe,2027-04-25
2026-09-04T11:38:23-03:00,google_flights,GRU,FRA,2027-04-18,4539.0,BRL,Iberia,Iberia,IB 272 IB 1333,1,MAD 5h30,330,1120,2027-04-18T19:20,2027-04-19T19:00,desconhecida,https://www.google.com/travel/flights?q=Flights%20to%20FRA%20from%20GRU%20on%202027-04-18%20oneway,2442da66823b,2027-04-25
2026-09-04T11:38:23-03:00,google_flights,GRU,VIE,2027-04-18,4842.0,BRL,Iberia,Iberia,IB 272 IB 795,1,MAD 5h15,315,1120,2027-04-18T19:20,2027-04-19T19:00,desconhecida,https://www.google.com/travel/flights?q=Flights%20to%20VIE%20from%20GRU%20on%202027-04-18%20oneway,30fb1a70e009,2027-04-25
2026-09-04T11:38:23-03:00,google_flights,GRU,AMS,2027-04-18,4874.0,BRL,Iberia,Iberia,IB 272 IB 1343,1,MAD 5h10,310,1095,2027-04-18T19:20,2027-04-19T18:35,desconhecida,https://www.google.com/travel/flights?q=Flights%20to%20AMS%20from%20GRU%20on%202027-04-18%20oneway,dbaf024ea241,2027-04-25
2026-09-04T11:38:23-03:00,google_flights,GRU,AMS,2027-04-18,4976.0,BRL,Air Europa,Air Europa,UX 58 UX 1091,1,MAD 2h00,120,890,2027-04-18T13:50,2027-04-19T09:40,desconhecida,https://www.google.com/travel/flights?q=Flights%20to%20AMS%20from%20GRU%20on%202027-04-18%20oneway,7c2f7b17fa24,2027-04-25
2026-09-04T11:38:23-03:00,google_flights,GIG,VIE,2027-04-18,5309.0,BRL,Iberia,Iberia,IB 270 IB 795,1,MAD 6h05,365,1125,2027-04-18T19:15,2027-04-19T19:00,desconhecida,https://www.google.com/travel/flights?q=Flights%20to%20VIE%20from%20GIG%20on%202027-04-18%20oneway,e4a17db6b530,2027-04-25
2026-09-04T11:38:23-03:00,google_flights,GIG,FRA,2027-04-18,5610.0,BRL,LATAM,LATAM,LA 3875 LA 8070,1,GRU 2h55,175,950,2027-04-18T19:35,2027-04-19T16:25,desconhecida,https://www.google.com/travel/flights?q=Flights%20to%20FRA%20from%20GIG%20on%202027-04-18%20oneway,2ca4278e43d5,2027-04-25
2026-09-04T11:38:23-03:00,google_flights,BSB,MUC,2027-04-18,5915.0,BRL,Gol,Gol|Air Europa,G3 1718 UX 84 UX 1517,2,"SSA 6h15, MAD 2h50",170,1330,2027-04-18T14:35,2027-04-19T17:45,desconhecida,https://www.google.com/travel/flights?q=Flights%20to%20MUC%20from%20BSB%20on%202027-04-18%20oneway,5e68d789272b,2027-04-25
2026-09-04T11:38:23-03:00,google_flights,BSB,FRA,2027-04-18,5935.0,BRL,Tap Air Portugal,Tap Air Portugal,TP 58 TP 570,1,LIS 1h40,100,845,2027-04-18T17:25,2027-04-19T12:30,desconhecida,https://www.google.com/travel/flights?q=Flights%20to%20FRA%20from%20BSB%20on%202027-04-18%20oneway,36d723ede46d,2027-04-25
2026-09-04T11:38:23-03:00,google_flights,GRU,AMS,2027-04-18,6062.0,BRL,LATAM,LATAM,LA 8078,0,,0,710,2027-04-18T18:00,2027-04-19T10:50,desconhecida,https://www.google.com/travel/flights?q=Flights%20to%20AMS%20from%20GRU%20on%202027-04-18%20oneway,c905b06bab26,2027-04-25
2026-09-04T11:38:23-03:00,google_flights,GRU,AMS,2027-04-18,6276.0,BRL,KLM,KLM,KL 792,0,,0,695,2027-04-18T21:45,2027-04-19T14:20,desconhecida,https://www.google.com/travel/flights?q=Flights%20to%20AMS%20from%20GRU%20on%202027-04-18%20oneway,12e8ac08b3e9,2027-04-25
2026-09-04T11:38:23-03:00,google_flights,GRU,FRA,2027-04-18,7322.0,BRL,Lufthansa,Lufthansa,LH 507,0,,0,695,2027-04-18T18:10,2027-04-19T10:45,desconhecida,https://www.google.com/travel/flights?q=Flights%20to%20FRA%20from%20GRU%20on%202027-04-18%20oneway,c1f74f26645b,2027-04-25
2026-09-04T16:16:57-03:00,google_flights,GRU,FRA,2027-04-22,3307.0,BRL,Air Europa,Air Europa,UX 58 UX 1503,1,MAD 2h00,120,895,2027-04-22T13:50,2027-04-23T09:45,desconhecida,https://www.google.com/travel/flights?q=Flights%20to%20FRA%20from%20GRU%20on%202027-04-22%20oneway,f1969eb69575,
2026-09-04T16:16:57-03:00,google_flights,BSB,FRA,2027-04-22,3434.0,BRL,Tap Air Portugal,Tap Air Portugal,TP 58 TP 570,1,LIS 2h00,120,860,2027-04-22T17:10,2027-04-23T12:30,desconhecida,https://www.google.com/travel/flights?q=Flights%20to%20FRA%20from%20BSB%20on%202027-04-22%20oneway,09fd94a52530,
2026-09-04T16:16:57-03:00,google_flights,GRU,AMS,2027-04-22,4212.0,BRL,LATAM,LATAM,LA 8078,0,,0,720,2027-04-22T18:00,2027-04-23T11:00,desconhecida,https://www.google.com/travel/flights?q=Flights%20to%20AMS%20from%20GRU%20on%202027-04-22%20oneway,32e37fba96f6,
2026-09-04T16:16:57-03:00,google_flights,GRU,VIE,2027-04-22,2680.0,BRL,United,United|Austrian,UA 844 OS 46,1,ORD 9h35,575,1735,2027-04-22T22:20,2027-04-24T08:15,desconhecida,https://www.google.com/travel/flights?q=Flights%20to%20VIE%20from%20GRU%20on%202027-04-22%20oneway,6b5e221ac497,
2026-09-04T16:16:57-03:00,google_flights,GIG,AMS,2027-04-22,2853.0,BRL,United,United,UA 128 UA 20,1,IAH 10h40,640,1875,2027-04-22T21:05,2027-04-24T09:20,desconhecida,https://www.google.com/travel/flights?q=Flights%20to%20AMS%20from%20GIG%20on%202027-04-22%20oneway,03f5dad5ff81,
2026-09-04T16:16:57-03:00,google_flights,GRU,CPH,2027-04-22,2916.0,BRL,United,United|Lufthansa,UA 844 UA 944 LH 826,2,"ORD 8h15, FRA 1h20",80,1795,2027-04-22T22:20,2027-04-24T09:15,desconhecida,https://www.google.com/travel/flights?q=Flights%20to%20CPH%20from%20GRU%20on%202027-04-22%20oneway,3aa2790a61ad,
2026-09-04T16:16:57-03:00,google_flights,BSB,FRA,2027-04-22,3188.0,BRL,Tap Air Portugal,Tap Air Portugal,TP 58 TP 574,1,LIS 11h50,710,1450,2027-04-22T17:10,2027-04-23T22:20,desconhecida,https://www.google.com/travel/flights?q=Flights%20to%20FRA%20from%20BSB%20on%202027-04-22%20oneway,ce93dc6fdaa8,
2026-09-04T16:16:57-03:00,google_flights,GRU,MUC,2027-04-22,3307.0,BRL,Air Europa,Air Europa,UX 58 UX 1515,1,MAD 2h05,125,895,2027-04-22T13:50,2027-04-23T09:45,desconhecida,https://www.google.com/travel/flights?q=Flights%20to%20MUC%20from%20GRU%20on%202027-04-22%20oneway,db7d0116e469,
2026-09-04T16:16:57-03:00,google_flights,GIG,FRA,2027-04-22,3333.0,BRL,Tap Air Portugal,Tap Air Portugal,TP 67 TP 574,1,LIS 5h25,325,1100,2027-04-22T23:00,2027-04-23T22:20,desconhecida,https://www.google.com/travel/flights?q=Flights%20to%20FRA%20from%20GIG%20on%202027-04-22%20oneway,fbceafe70fd3,
2026-09-04T16:16:57-03:00,google_flights,GRU,AMS,2027-04-22,3414.0,BRL,Air Europa,Air Europa,UX 58 UX 1091,1,MAD 2h00,120,890,2027-04-22T13:50,2027-04-23T09:40,desconhecida,https://www.google.com/travel/flights?q=Flights%20to%20AMS%20from%20GRU%20on%202027-04-22%20oneway,9290da6ef6b0,
2026-09-04T16:16:57-03:00,google_flights,GRU,FRA,2027-04-22,3495.0,BRL,Tap Air Portugal,Tap Air Portugal,TP 84 TP 574,1,LIS 3h35,215,995,2027-04-22T00:45,2027-04-22T22:20,desconhecida,https://www.google.com/travel/flights?q=Flights%20to%20FRA%20from%20GRU%20on%202027-04-22%20oneway,4966bd0c910b,
2026-09-04T16:16:57-03:00,google_flights,GRU,FRA,2027-04-22,3495.0,BRL,Tap Air Portugal,Tap Air Portugal,TP 88 TP 572,1,LIS 3h55,235,1015,2027-04-22T20:45,2027-04-23T18:40,desconhecida,https://www.google.com/travel/flights?q=Flights%20to%20FRA%20from%20GRU%20on%202027-04-22%20oneway,574f3b63b9d5,
2026-09-04T16:16:57-03:00,google_flights,GIG,AMS,2027-04-22,3768.0,BRL,Tap Air Portugal,Tap Air Portugal,TP 67 TP 672,1,LIS 1h50,110,880,2027-04-22T23:00,2027-04-23T18:40,desconhecida,https://www.google.com/travel/flights?q=Flights%20to%20AMS%20from%20GIG%20on%202027-04-22%20oneway,10eb1445559d,
2026-09-04T16:16:57-03:00,google_flights,BSB,BER,2027-04-22,3787.0,BRL,Tap Air Portugal,Tap Air Portugal,TP 58 TP 530,1,LIS 1h30,90,850,2027-04-22T17:10,2027-04-23T12:20,desconhecida,https://www.google.com/travel/flights?q=Flights%20to%20BER%20from%20BSB%20on%202027-04-22%20oneway,94330108dea4,
2026-09-04T16:16:57-03:00,google_flights,GRU,AMS,2027-04-22,4732.0,BRL,KLM,KLM,KL 792,0,,0,695,2027-04-22T21:45,2027-04-23T14:20,desconhecida,https://www.google.com/travel/flights?q=Flights%20to%20AMS%20from%20GRU%20on%202027-04-22%20oneway,06b0b0165473,
2026-09-04T16:16:57-03:00,google_flights,GRU,FRA,2027-04-22,4849.0,BRL,LATAM,LATAM,LA 8070,0,,0,705,2027-04-22T23:40,2027-04-23T16:25,desconhecida,https://www.google.com/travel/flights?q=Flights%20to%20FRA%20from%20GRU%20on%202027-04-22%20oneway,12190efa454e,
2026-09-04T23:29:01-03:00,google_flights,BSB,FRA,2027-04-13,3188.0,BRL,Tap Air Portugal,Tap Air Portugal,TP 58 TP 570,1,LIS 1h45,105,845,2027-04-13T17:25,2027-04-14T12:30,desconhecida,https://www.google.com/travel/flights?q=Flights%20to%20FRA%20from%20BSB%20on%202027-04-13%20oneway,32c4d3959239,
2026-09-04T23:29:01-03:00,google_flights,GRU,FRA,2027-04-13,3307.0,BRL,Air Europa,Air Europa,UX 58 UX 1503,1,MAD 2h00,120,895,2027-04-13T13:50,2027-04-14T09:45,desconhecida,https://www.google.com/travel/flights?q=Flights%20to%20FRA%20from%20GRU%20on%202027-04-13%20oneway,7216aeb19bc4,
2026-09-04T23:29:01-03:00,google_flights,GIG,MUC,2027-04-13,3440.0,BRL,ITA,ITA,AZ 673 AZ 432,1,FCO 1h55,115,885,2027-04-13T14:25,2027-04-14T10:10,desconhecida,https://www.google.com/travel/flights?q=Flights%20to%20MUC%20from%20GIG%20on%202027-04-13%20oneway,1778eae09ff6,
2026-09-04T23:29:01-03:00,google_flights,GRU,AMS,2027-04-13,2680.0,BRL,United,United,UA 860 UA 946,1,IAD 11h05,665,1745,2027-04-13T21:30,2027-04-15T07:35,desconhecida,https://www.google.com/travel/flights?q=Flights%20to%20AMS%20from%20GRU%20on%202027-04-13%20oneway,993cb09a255b,
2026-09-04T23:29:01-03:00,google_flights,BSB,FRA,2027-04-13,3177.0,BRL,Tap Air Portugal,Tap Air Portugal,TP 58 TP 574,1,LIS 11h35,695,1435,2027-04-13T17:25,2027-04-14T22:20,desconhecida,https://www.google.com/travel/flights?q=Flights%20to%20FRA%20from%20BSB%20on%202027-04-13%20oneway,f9a60dc2a6e7,
2026-09-04T23:29:01-03:00,google_flights,BSB,FRA,2027-04-13,3182.0,BRL,Tap Air Portugal,Tap Air Portugal,TP 58 TP 572,1,LIS 7h55,475,1215,2027-04-13T17:25,2027-04-14T18:40,desconhecida,https://www.google.com/travel/flights?q=Flights%20to%20FRA%20from%20BSB%20on%202027-04-13%20oneway,1bda8260bb39,
2026-09-04T23:29:01-03:00,google_flights,GRU,MUC,2027-04-13,3307.0,BRL,Air Europa,Air Europa,UX 58 UX 1515,1,MAD 2h05,125,895,2027-04-13T13:50,2027-04-14T09:45,desconhecida,https://www.google.com/travel/flights?q=Flights%20to%20MUC%20from%20GRU%20on%202027-04-13%20oneway,89dde1e4fb72,
2026-09-04T23:29:01-03:00,google_flights,GIG,AMS,2027-04-13,3320.0,BRL,Avianca,Avianca|Air Canada,AV 198 AC 99 AC 900,2,"BOG 3h00, YUL 5h10",180,1660,2027-04-13T01:35,2027-04-14T10:15,desconhecida,https://www.google.com/travel/flights?q=Flights%20to%20AMS%20from%20GIG%20on%202027-04-13%20oneway,13d8ce03f27a,
2026-09-04T23:29:01-03:00,google_flights,GRU,AMS,2027-04-13,3414.0,BRL,Air Europa,Air Europa,UX 58 UX 1091,1,MAD 2h00,120,890,2027-04-13T13:50,2027-04-14T09:40,desconhecida,https://www.google.com/travel/flights?q=Flights%20to%20AMS%20from%20GRU%20on%202027-04-13%20oneway,3db0f4651e45,
2026-09-04T23:29:01-03:00,google_flights,GIG,MUC,2027-04-13,3480.0,BRL,Tap Air Portugal,Tap Air Portugal,TP 67 TP 554,1,LIS 2h10,130,900,2027-04-13T23:00,2027-04-14T19:00,desconhecida,https://www.google.com/travel/flights?q=Flights%20to%20MUC%20from%20GIG%20on%202027-04-13%20oneway,1480baeeffd6,
2026-09-04T23:29:01-03:00,google_flights,GIG,FRA,2027-04-13,3616.0,BRL,Tap Air Portugal,Tap Air Portugal,TP 67 TP 572,1,LIS 1h45,105,880,2027-04-13T23:00,2027-04-14T18:40,desconhecida,https://www.google.com/travel/flights?q=Flights%20to%20FRA%20from%20GIG%20on%202027-04-13%20oneway,1a6e34bfcfe3,
2026-09-04T23:29:01-03:00,google_flights,GRU,AMS,2027-04-13,4212.0,BRL,LATAM,LATAM,LA 8078,0,,0,720,2027-04-13T18:00,2027-04-14T11:00,desconhecida,https://www.google.com/travel/flights?q=Flights%20to%20AMS%20from%20GRU%20on%202027-04-13%20oneway,cbfd8caa997d,
2026-09-04T23:29:01-03:00,google_flights,GRU,AMS,2027-04-13,4732.0,BRL,KLM,KLM,KL 792,0,,0,695,2027-04-13T21:45,2027-04-14T14:20,desconhecida,https://www.google.com/travel/flights?q=Flights%20to%20AMS%20from%20GRU%20on%202027-04-13%20oneway,eec57785371c,
2026-09-04T23:29:01-03:00,google_flights,GRU,FRA,2027-04-13,4849.0,BRL,LATAM,LATAM,LA 8070,0,,0,705,2027-04-13T23:40,2027-04-14T16:25,desconhecida,https://www.google.com/travel/flights?q=Flights%20to%20FRA%20from%20GRU%20on%202027-04-13%20oneway,7046b8738ece,
2026-09-04T23:29:06-03:00,google_flights,GRU,FRA,2027-04-14,3307.0,BRL,Air Europa,Air Europa,UX 58 UX 1503,1,MAD 2h00,120,895,2027-04-14T13:50,2027-04-15T09:45,desconhecida,https://www.google.com/travel/flights?q=Flights%20to%20FRA%20from%20GRU%20on%202027-04-14%20oneway,42af1b8d0b20,
2026-09-04T23:29:06-03:00,google_flights,GRU,MUC,2027-04-14,3307.0,BRL,Air Europa,Air Europa,UX 58 UX 1515,1,MAD 2h05,125,895,2027-04-14T13:50,2027-04-15T09:45,desconhecida,https://www.google.com/travel/flights?q=Flights%20to%20MUC%20from%20GRU%20on%202027-04-14%20oneway,7624e028df3b,
2026-09-04T23:29:06-03:00,google_flights,BSB,BER,2027-04-14,3358.0,BRL,Tap Air Portugal,Tap Air Portugal,TP 58 TP 532,1,LIS 4h35,275,1035,2027-04-14T18:15,2027-04-15T16:30,desconhecida,https://www.google.com/travel/flights?q=Flights%20to%20BER%20from%20BSB%20on%202027-04-14%20oneway,499644a01337,
2026-09-04T23:29:06-03:00,google_flights,BSB,MUC,2027-04-14,3470.0,BRL,Tap Air Portugal,Tap Air Portugal,TP 58 TP 552,1,LIS 1h15,75,810,2027-04-14T18:15,2027-04-15T12:45,desconhecida,https://www.google.com/travel/flights?q=Flights%20to%20MUC%20from%20BSB%20on%202027-04-14%20oneway,7ec990e98150,
2026-09-04T23:29:06-03:00,google_flights,GIG,VIE,2027-04-14,3658.0,BRL,Tap Air Portugal,Tap Air Portugal,TP 72 TP 1272,1,LIS 2h00,120,915,2027-04-14T22:10,2027-04-15T18:25,desconhecida,https://www.google.com/travel/flights?q=Flights%20to%20VIE%20from%20GIG%20on%202027-04-14%20oneway,786d6ccbbfb7,
2026-09-04T23:29:06-03:00,google_flights,BSB,FRA,2027-04-14,3161.0,BRL,Tap Air Portugal,Tap Air Portugal,TP 58 TP 574,1,LIS 10h45,645,1385,2027-04-14T18:15,2027-04-15T22:20,desconhecida,https://www.google.com/travel/flights?q=Flights%20to%20FRA%20from%20BSB%20on%202027-04-14%20oneway,393ae2ea61ce,
2026-09-04T23:29:06-03:00,google_flights,BSB,FRA,2027-04-14,3193.0,BRL,Tap Air Portugal,Tap Air Portugal,TP 58 TP 572,1,LIS 7h05,425,1165,2027-04-14T18:15,2027-04-15T18:40,desconhecida,https://www.google.com/travel/flights?q=Flights%20to%20FRA%20from%20BSB%20on%202027-04-14%20oneway,1bd221e05782,
2026-09-04T23:29:06-03:00,google_flights,GRU,FRA,2027-04-14,3305.0,BRL,Air Canada,Air Canada,AC 97 AC 844,1,YUL 10h15,615,1680,2027-04-14T21:00,2027-04-16T06:00,desconhecida,https://www.google.com/travel/flights?q=Flights%20to%20FRA%20from%20GRU%20on%202027-04-14%20oneway,05c110cbf4e2,
2026-09-04T23:29:06-03:00,google_flights,GRU,AMS,2027-04-14,3305.0,BRL,Air Canada,Air Canada,AC 97 AC 900,1,YUL 15h20,920,1935,2027-04-14T21:00,2027-04-16T10:15,desconhecida,https://www.google.com/travel/flights?q=Flights%20to%20AMS%20from%20GRU%20on%202027-04-14%20oneway,519fceb6c117,
2026-09-04T23:29:06-03:00,google_flights,GIG,MUC,2027-04-14,3345.0,BRL,Avianca,Avianca|Air Canada,AV 198 AC 95 AC 836,2,"BOG 3h00, YYZ 1h40",100,1510,2027-04-14T01:35,2027-04-15T07:45,desconhecida,https://www.google.com/travel/flights?q=Flights%20to%20MUC%20from%20GIG%20on%202027-04-14%20oneway,2310f8768155,
2026-09-04T23:29:06-03:00,google_flights,GRU,AMS,2027-04-14,3414.0,BRL,Air Europa,Air Europa,UX 58 UX 1091,1,MAD 2h00,120,890,2027-04-14T13:50,2027-04-15T09:40,desconhecida,https://www.google.com/travel/flights?q=Flights%20to%20AMS%20from%20GRU%20on%202027-04-14%20oneway,2e7619170711,
2026-09-04T23:29:06-03:00,google_flights,GIG,MUC,2027-04-14,3480.0,BRL,Tap Air Portugal,Tap Air Portugal,TP 72 TP 554,1,LIS 3h00,180,950,2027-04-14T22:10,2027-04-15T19:00,desconhecida,https://www.google.com/travel/flights?q=Flights%20to%20MUC%20from%20GIG%20on%202027-04-14%20oneway,7e6f39c22e9c,
2026-09-04T23:29:06-03:00,google_flights,GRU,FRA,2027-04-14,3495.0,BRL,Tap Air Portugal,Tap Air Portugal,TP 82 TP 570,1,LIS 2h55,175,960,2027-04-14T15:30,2027-04-15T12:30,desconhecida,https://www.google.com/travel/flights?q=Flights%20to%20FRA%20from%20GRU%20on%202027-04-14%20oneway,4dd555cdaeaa,
2026-09-04T23:29:06-03:00,google_flights,GRU,FRA,2027-04-14,3495.0,BRL,Tap Air Portugal,Tap Air Portugal,TP 88 TP 572,1,LIS 3h55,235,1015,2027-04-14T20:45,2027-04-15T18:40,desconhecida,https://www.google.com/travel/flights?q=Flights%20to%20FRA%20from%20GRU%20on%202027-04-14%20oneway,034fcc90f438,
2026-09-04T23:29:06-03:00,google_flights,GIG,BER,2027-04-14,3766.0,BRL,Tap Air Portugal,Tap Air Portugal,TP 76 TP 530,1,LIS 1h40,100,895,2027-04-14T15:35,2027-04-15T11:30,desconhecida,https://www.google.com/travel/flights?q=Flights%20to%20BER%20from%20GIG%20on%202027-04-14%20oneway,ea2decc1901e,
2026-09-04T23:29:06-03:00,google_flights,GRU,AMS,2027-04-14,4732.0,BRL,KLM,KLM,KL 792,0,,0,695,2027-04-14T21:45,2027-04-15T14:20,desconhecida,https://www.google.com/travel/flights?q=Flights%20to%20AMS%20from%20GRU%20on%202027-04-14%20oneway,a227768e07f8,
2026-09-04T23:29:06-03:00,google_flights,GRU,FRA,2027-04-14,4849.0,BRL,LATAM,LATAM,LA 8070,0,,0,705,2027-04-14T23:40,2027-04-15T16:25,desconhecida,https://www.google.com/travel/flights?q=Flights%20to%20FRA%20from%20GRU%20on%202027-04-14%20oneway,5d56e27cbb6d,
2026-09-04T23:29:06-03:00,google_flights,GRU,MUC,2027-04-14,5043.0,BRL,Lufthansa,Lufthansa,LH 505,0,,0,685,2027-04-14T20:50,2027-04-15T13:15,desconhecida,https://www.google.com/travel/flights?q=Flights%20to%20MUC%20from%20GRU%20on%202027-04-14%20oneway,5e6cf92fcf91,
2026-09-04T23:29:16-03:00,google_flights,BSB,FRA,2027-04-15,3167.0,BRL,Tap Air Portugal,Tap Air Portugal,TP 58 TP 570,1,LIS 2h00,120,860,2027-04-15T17:10,2027-04-16T12:30,desconhecida,https://www.google.com/travel/flights?q=Flights%20to%20FRA%20from%20BSB%20on%202027-04-15%20oneway,1bac683938cf,
2026-09-04T23:29:16-03:00,google_flights,GRU,FRA,2027-04-15,3307.0,BRL,Air Europa,Air Europa,UX 58 UX 1503,1,MAD 2h00,120,895,2027-04-15T13:50,2027-04-16T09:45,desconhecida,https://www.google.com/travel/flights?q=Flights%20to%20FRA%20from%20GRU%20on%202027-04-15%20oneway,e4e7a045f348,
2026-09-04T23:29:16-03:00,google_flights,BSB,BER,2027-04-15,3374.0,BRL,Tap Air Portugal,Tap Air Portugal,TP 58 TP 530,1,LIS 1h30,90,850,2027-04-15T17:10,2027-04-16T12:20,desconhecida,https://www.google.com/travel/flights?q=Flights%20to%20BER%20from%20BSB%20on%202027-04-15%20oneway,10e5ea50537b,
2026-09-04T23:29:16-03:00,google_flights,GIG,MUC,2027-04-15,3440.0,BRL,ITA,ITA|Lufthansa,AZ 673 LH 1873,1,FCO 1h20,80,850,2027-04-15T14:25,2027-04-16T09:35,desconhecida,https://www.google.com/travel/flights?q=Flights%20to%20MUC%20from%20GIG%20on%202027-04-15%20oneway,f788a825e4c4,
2026-09-04T23:29:16-03:00,google_flights,GRU,AMS,2027-04-15,4212.0,BRL,LATAM,LATAM,LA 8078,0,,0,720,2027-04-15T18:00,2027-04-16T11:00,desconhecida,https://www.google.com/travel/flights?q=Flights%20to%20AMS%20from%20GRU%20on%202027-04-15%20oneway,44d3be06be46,
2026-09-04T23:29:16-03:00,google_flights,GRU,MUC,2027-04-15,3307.0,BRL,Air Europa,Air Europa,UX 58 UX 1515,1,MAD 2h05,125,895,2027-04-15T13:50,2027-04-16T09:45,desconhecida,https://www.google.com/travel/flights?q=Flights%20to%20MUC%20from%20GRU%20on%202027-04-15%20oneway,ea70709f8ca6,
2026-09-04T23:29:16-03:00,google_flights,GIG,FRA,2027-04-15,3333.0,BRL,Tap Air Portugal,Tap Air Portugal,TP 67 TP 574,1,LIS 5h25,325,1100,2027-04-15T23:00,2027-04-16T22:20,desconhecida,https://www.google.com/travel/flights?q=Flights%20to%20FRA%20from%20GIG%20on%202027-04-15%20oneway,0c58dea3cd97,
2026-09-04T23:29:16-03:00,google_flights,GRU,AMS,2027-04-15,3414.0,BRL,Air Europa,Air Europa,UX 58 UX 1091,1,MAD 2h00,120,890,2027-04-15T13:50,2027-04-16T09:40,desconhecida,https://www.google.com/travel/flights?q=Flights%20to%20AMS%20from%20GRU%20on%202027-04-15%20oneway,103601d11364,
2026-09-04T23:29:16-03:00,google_flights,GRU,FRA,2027-04-15,3495.0,BRL,Tap Air Portugal,Tap Air Portugal,TP 84 TP 574,1,LIS 3h35,215,995,2027-04-15T00:45,2027-04-15T22:20,desconhecida,https://www.google.com/travel/flights?q=Flights%20to%20FRA%20from%20GRU%20on%202027-04-15%20oneway,f5ad6038dc33,
2026-09-04T23:29:16-03:00,google_flights,GRU,FRA,2027-04-15,3495.0,BRL,Tap Air Portugal,Tap Air Portugal,TP 88 TP 572,1,LIS 3h55,235,1015,2027-04-15T20:45,2027-04-16T18:40,desconhecida,https://www.google.com/travel/flights?q=Flights%20to%20FRA%20from%20GRU%20on%202027-04-15%20oneway,5893f1267440,
2026-09-04T23:29:16-03:00,google_flights,GRU,AMS,2027-04-15,4732.0,BRL,KLM,KLM,KL 792,0,,0,695,2027-04-15T21:45,2027-04-16T14:20,desconhecida,https://www.google.com/travel/flights?q=Flights%20to%20AMS%20from%20GRU%20on%202027-04-15%20oneway,fded42f851d2,
2026-09-04T23:29:16-03:00,google_flights,GRU,FRA,2027-04-15,4849.0,BRL,LATAM,LATAM,LA 8070,0,,0,705,2027-04-15T23:40,2027-04-16T16:25,desconhecida,https://www.google.com/travel/flights?q=Flights%20to%20FRA%20from%20GRU%20on%202027-04-15%20oneway,dd1ded8f7709,
2026-09-05T10:36:53-03:00,google_flights,GRU,FRA,2027-04-16,3325.0,BRL,Air Europa,Air Europa,UX 58 UX 1503,1,MAD 2h00,120,895,2027-04-16T13:50,2027-04-17T09:45,desconhecida,https://www.google.com/travel/flights?q=Flights%20to%20FRA%20from%20GRU%20on%202027-04-16%20oneway,831a52a03c94,
2026-09-05T10:36:53-03:00,google_flights,BSB,MUC,2027-04-16,3489.0,BRL,Tap Air Portugal,Tap Air Portugal,TP 58 TP 552,1,LIS 1h15,75,810,2027-04-16T18:15,2027-04-17T12:45,desconhecida,https://www.google.com/travel/flights?q=Flights%20to%20MUC%20from%20BSB%20on%202027-04-16%20oneway,01ba35474d69,
2026-09-05T10:36:53-03:00,google_flights,GRU,AMS,2027-04-16,4236.0,BRL,LATAM,LATAM,LA 8078,0,,0,710,2027-04-16T18:00,2027-04-17T10:50,desconhecida,https://www.google.com/travel/flights?q=Flights%20to%20AMS%20from%20GRU%20on%202027-04-16%20oneway,c21f4ab55a5d,
2026-09-05T10:36:53-03:00,google_flights,BSB,FRA,2027-04-16,3210.0,BRL,Tap Air Portugal,Tap Air Portugal,TP 58 TP 574,1,LIS 10h45,645,1385,2027-04-16T18:15,2027-04-17T22:20,desconhecida,https://www.google.com/travel/flights?q=Flights%20to%20FRA%20from%20BSB%20on%202027-04-16%20oneway,7ecaccc5d2bb,
2026-09-05T10:36:53-03:00,google_flights,GRU,MUC,2027-04-16,3325.0,BRL,Air Europa,Air Europa,UX 58 UX 1515,1,MAD 2h05,125,895,2027-04-16T13:50,2027-04-17T09:45,desconhecida,https://www.google.com/travel/flights?q=Flights%20to%20MUC%20from%20GRU%20on%202027-04-16%20oneway,2d2a5d201e53,
2026-09-05T10:36:53-03:00,google_flights,GRU,MUC,2027-04-16,3348.0,BRL,ITA,ITA|Lufthansa,AZ 679 LH 1869,1,FCO 4h25,265,1055,2027-04-16T18:55,2027-04-17T17:30,desconhecida,https://www.google.com/travel/flights?q=Flights%20to%20MUC%20from%20GRU%20on%202027-04-16%20oneway,6873d201b94a,
2026-09-05T10:36:53-03:00,google_flights,GIG,FRA,2027-04-16,3372.0,BRL,Tap Air Portugal,Tap Air Portugal,TP 72 TP 570,1,LIS 20h25,1225,2000,2027-04-16T22:10,2027-04-18T12:30,desconhecida,https://www.google.com/travel/flights?q=Flights%20to%20FRA%20from%20GIG%20on%202027-04-16%20oneway,99c1c9cd9640,
2026-09-05T10:36:53-03:00,google_flights,BSB,BER,2027-04-16,3423.0,BRL,Tap Air Portugal,Tap Air Portugal,TP 58 TP 532,1,LIS 4h35,275,1035,2027-04-16T18:15,2027-04-17T16:30,desconhecida,https://www.google.com/travel/flights?q=Flights%20to%20BER%20from%20BSB%20on%202027-04-16%20oneway,810284bd19b5,
2026-09-05T10:36:53-03:00,google_flights,GRU,AMS,2027-04-16,3433.0,BRL,Air Europa,Air Europa,UX 58 UX 1091,1,MAD 2h00,120,890,2027-04-16T13:50,2027-04-17T09:40,desconhecida,https://www.google.com/travel/flights?q=Flights%20to%20AMS%20from%20GRU%20on%202027-04-16%20oneway,144b19177258,
2026-09-05T10:36:53-03:00,google_flights,GRU,FRA,2027-04-16,3514.0,BRL,Tap Air Portugal,Tap Air Portugal,TP 84 TP 574,1,LIS 3h35,215,995,2027-04-16T00:45,2027-04-16T22:20,desconhecida,https://www.google.com/travel/flights?q=Flights%20to%20FRA%20from%20GRU%20on%202027-04-16%20oneway,e8d758931521,
2026-09-05T10:36:53-03:00,google_flights,GRU,AMS,2027-04-16,3735.0,BRL,Tap Air Portugal,Tap Air Portugal,TP 88 TP 672,1,LIS 4h00,240,1015,2027-04-16T20:45,2027-04-17T18:40,desconhecida,https://www.google.com/travel/flights?q=Flights%20to%20AMS%20from%20GRU%20on%202027-04-16%20oneway,50cb0d455dbd,
2026-09-05T10:36:53-03:00,google_flights,GIG,AMS,2027-04-16,3788.0,BRL,Tap Air Portugal,Tap Air Portugal,TP 72 TP 672,1,LIS 2h40,160,930,2027-04-16T22:10,2027-04-17T18:40,desconhecida,https://www.google.com/travel/flights?q=Flights%20to%20AMS%20from%20GIG%20on%202027-04-16%20oneway,6e4683b9793b,
2026-09-05T10:36:53-03:00,google_flights,GRU,AMS,2027-04-16,4759.0,BRL,KLM,KLM,KL 792,0,,0,695,2027-04-16T21:45,2027-04-17T14:20,desconhecida,https://www.google.com/travel/flights?q=Flights%20to%20AMS%20from%20GRU%20on%202027-04-16%20oneway,cd6d849d0be5,
2026-09-05T10:36:53-03:00,google_flights,GRU,FRA,2027-04-16,4877.0,BRL,LATAM,LATAM,LA 8070,0,,0,705,2027-04-16T23:40,2027-04-17T16:25,desconhecida,https://www.google.com/travel/flights?q=Flights%20to%20FRA%20from%20GRU%20on%202027-04-16%20oneway,1f6574a87c9f,
2026-09-05T10:36:57-03:00,google_flights,BSB,FRA,2027-04-17,3204.0,BRL,Tap Air Portugal,Tap Air Portugal,TP 58 TP 570,1,LIS 2h00,120,860,2027-04-17T17:10,2027-04-18T12:30,desconhecida,https://www.google.com/travel/flights?q=Flights%20to%20FRA%20from%20BSB%20on%202027-04-17%20oneway,28f22ccb09f2,
2026-09-05T10:36:57-03:00,google_flights,GRU,MUC,2027-04-17,3325.0,BRL,Air Europa,Air Europa,UX 58 UX 1515,1,MAD 2h05,125,895,2027-04-17T13:50,2027-04-18T09:45,desconhecida,https://www.google.com/travel/flights?q=Flights%20to%20MUC%20from%20GRU%20on%202027-04-17%20oneway,8ba6bf437bb1,
2026-09-05T10:36:57-03:00,google_flights,GRU,AMS,2027-04-17,4236.0,BRL,LATAM,LATAM,LA 8078,0,,0,720,2027-04-17T18:00,2027-04-18T11:00,desconhecida,https://www.google.com/travel/flights?q=Flights%20to%20AMS%20from%20GRU%20on%202027-04-17%20oneway,b579f0c58ff2,
2026-09-05T10:36:57-03:00,google_flights,BSB,FRA,2027-04-17,3189.0,BRL,Tap Air Portugal,Tap Air Portugal,TP 58 TP 574,1,LIS 11h50,710,1450,2027-04-17T17:10,2027-04-18T22:20,desconhecida,https://www.google.com/travel/flights?q=Flights%20to%20FRA%20from%20BSB%20on%202027-04-17%20oneway,5fbdf399ed80,
2026-09-05T10:36:57-03:00,google_flights,GRU,AMS,2027-04-17,3286.0,BRL,Air Canada,Air Canada,AC 97 AC 900,1,YUL 15h20,920,1935,2027-04-17T21:00,2027-04-19T10:15,desconhecida,https://www.google.com/travel/flights?q=Flights%20to%20AMS%20from%20GRU%20on%202027-04-17%20oneway,a2bb9af8d071,
2026-09-05T10:36:57-03:00,google_flights,GRU,FRA,2027-04-17,3325.0,BRL,Air Europa,Air Europa,UX 58 UX 1503,1,MAD 2h00,120,895,2027-04-17T13:50,2027-04-18T09:45,desconhecida,https://www.google.com/travel/flights?q=Flights%20to%20FRA%20from%20GRU%20on%202027-04-17%20oneway,0ec89e82a78d,
2026-09-05T10:36:57-03:00,google_flights,GIG,FRA,2027-04-17,3351.0,BRL,Tap Air Portugal,Tap Air Portugal,TP 67 TP 574,1,LIS 5h25,325,1100,2027-04-17T23:00,2027-04-18T22:20,desconhecida,https://www.google.com/travel/flights?q=Flights%20to%20FRA%20from%20GIG%20on%202027-04-17%20oneway,be52c2706fef,
2026-09-05T10:36:57-03:00,google_flights,GRU,AMS,2027-04-17,3433.0,BRL,Air Europa,Air Europa,UX 58 UX 1091,1,MAD 2h00,120,890,2027-04-17T13:50,2027-04-18T09:40,desconhecida,https://www.google.com/travel/flights?q=Flights%20to%20AMS%20from%20GRU%20on%202027-04-17%20oneway,d388ebf4e88b,
2026-09-05T10:36:57-03:00,google_flights,GIG,FRA,2027-04-17,3635.0,BRL,Tap Air Portugal,Tap Air Portugal,TP 67 TP 572,1,LIS 1h45,105,880,2027-04-17T23:00,2027-04-18T18:40,desconhecida,https://www.google.com/travel/flights?q=Flights%20to%20FRA%20from%20GIG%20on%202027-04-17%20oneway,343f1f9cba20,
2026-09-05T10:36:57-03:00,google_flights,GRU,CPH,2027-04-17,3893.0,BRL,Tap Air Portugal,Tap Air Portugal,TP 82 TP 752,1,LIS 1h50,110,925,2027-04-17T15:30,2027-04-18T11:55,desconhecida,https://www.google.com/travel/flights?q=Flights%20to%20CPH%20from%20GRU%20on%202027-04-17%20oneway,11d6df5bb6af,
2026-09-05T10:36:57-03:00,google_flights,GRU,FRA,2027-04-17,4877.0,BRL,LATAM,LATAM,LA 8070,0,,0,705,2027-04-17T23:40,2027-04-18T16:25,desconhecida,https://www.google.com/travel/flights?q=Flights%20to%20FRA%20from%20GRU%20on%202027-04-17%20oneway,d2d5cd8e567a,
2026-09-05T10:37:07-03:00,google_flights,BSB,FRA,2027-04-18,3173.0,BRL,Tap Air Portugal,Tap Air Portugal,TP 58 TP 570,1,LIS 1h40,100,845,2027-04-18T17:25,2027-04-19T12:30,desconhecida,https://www.google.com/travel/flights?q=Flights%20to%20FRA%20from%20BSB%20on%202027-04-18%20oneway,36d723ede46d,
2026-09-05T10:37:07-03:00,google_flights,GRU,FRA,2027-04-18,3325.0,BRL,Air Europa,Air Europa,UX 58 UX 1503,1,MAD 2h00,120,895,2027-04-18T13:50,2027-04-19T09:45,desconhecida,https://www.google.com/travel/flights?q=Flights%20to%20FRA%20from%20GRU%20on%202027-04-18%20oneway,5acefc48a67a,
2026-09-05T10:37:07-03:00,google_flights,GRU,AMS,2027-04-18,4236.0,BRL,LATAM,LATAM,LA 8078,0,,0,710,2027-04-18T18:00,2027-04-19T10:50,desconhecida,https://www.google.com/travel/flights?q=Flights%20to%20AMS%20from%20GRU%20on%202027-04-18%20oneway,c905b06bab26,
2026-09-05T10:37:07-03:00,google_flights,GRU,AMS,2027-04-18,2941.0,BRL,United,United,UA 860 UA 946,1,IAD 11h05,665,1745,2027-04-18T21:30,2027-04-20T07:35,desconhecida,https://www.google.com/travel/flights?q=Flights%20to%20AMS%20from%20GRU%20on%202027-04-18%20oneway,841de97db4b7,
2026-09-05T10:37:07-03:00,google_flights,BSB,FRA,2027-04-18,3167.0,BRL,Tap Air Portugal,Tap Air Portugal,TP 58 TP 574,1,LIS 11h30,690,1435,2027-04-18T17:25,2027-04-19T22:20,desconhecida,https://www.google.com/travel/flights?q=Flights%20to%20FRA%20from%20BSB%20on%202027-04-18%20oneway,a63b18af3b7d,
2026-09-05T10:37:07-03:00,google_flights,GRU,MUC,2027-04-18,3233.0,BRL,United,United,UA 860 UA 108,1,IAD 11h00,660,1755,2027-04-18T21:30,2027-04-20T07:45,desconhecida,https://www.google.com/travel/flights?q=Flights%20to%20MUC%20from%20GRU%20on%202027-04-18%20oneway,800c3a2c3f97,
2026-09-05T10:37:07-03:00,google_flights,GRU,FRA,2027-04-18,3311.0,BRL,Air Canada,Air Canada,AC 91 AC 840,1,YYZ 9h50,590,1675,2027-04-18T21:35,2027-04-20T06:30,desconhecida,https://www.google.com/travel/flights?q=Flights%20to%20FRA%20from%20GRU%20on%202027-04-18%20oneway,274f85dcccca,
2026-09-05T10:37:07-03:00,google_flights,GRU,MUC,2027-04-18,3325.0,BRL,Air Europa,Air Europa,UX 58 UX 1515,1,MAD 2h05,125,895,2027-04-18T13:50,2027-04-19T09:45,desconhecida,https://www.google.com/travel/flights?q=Flights%20to%20MUC%20from%20GRU%20on%202027-04-18%20oneway,cac71579581b,
2026-09-05T10:37:07-03:00,google_flights,GIG,FRA,2027-04-18,3351.0,BRL,Tap Air Portugal,Tap Air Portugal,TP 72 TP 574,1,LIS 6h15,375,1150,2027-04-18T22:10,2027-04-19T22:20,desconhecida,https://www.google.com/travel/flights?q=Flights%20to%20FRA%20from%20GIG%20on%202027-04-18%20oneway,caae135e5a67,
2026-09-05T10:37:07-03:00,google_flights,GRU,AMS,2027-04-18,3433.0,BRL,Air Europa,Air Europa,UX 58 UX 1091,1,MAD 2h00,120,890,2027-04-18T13:50,2027-04-19T09:40,desconhecida,https://www.google.com/travel/flights?q=Flights%20to%20AMS%20from%20GRU%20on%202027-04-18%20oneway,7c2f7b17fa24,
2026-09-05T10:37:07-03:00,google_flights,GIG,FRA,2027-04-18,3635.0,BRL,Tap Air Portugal,Tap Air Portugal,TP 72 TP 572,1,LIS 2h35,155,930,2027-04-18T22:10,2027-04-19T18:40,desconhecida,https://www.google.com/travel/flights?q=Flights%20to%20FRA%20from%20GIG%20on%202027-04-18%20oneway,df84a8ed448d,
2026-09-05T10:37:07-03:00,google_flights,GRU,BER,2027-04-18,3991.0,BRL,Tap Air Portugal,Tap Air Portugal,TP 82 TP 530,1,LIS 2h20,140,945,2027-04-18T15:30,2027-04-19T12:15,desconhecida,https://www.google.com/travel/flights?q=Flights%20to%20BER%20from%20GRU%20on%202027-04-18%20oneway,cd2981844451,
2026-09-05T10:37:07-03:00,google_flights,GRU,AMS,2027-04-18,4759.0,BRL,KLM,KLM,KL 792,0,,0,695,2027-04-18T21:45,2027-04-19T14:20,desconhecida,https://www.google.com/travel/flights?q=Flights%20to%20AMS%20from%20GRU%20on%202027-04-18%20oneway,12e8ac08b3e9,
2026-09-05T10:37:07-03:00,google_flights,GRU,FRA,2027-04-18,4877.0,BRL,LATAM,LATAM,LA 8070,0,,0,705,2027-04-18T23:40,2027-04-19T16:25,desconhecida,https://www.google.com/travel/flights?q=Flights%20to%20FRA%20from%20GRU%20on%202027-04-18%20oneway,c63339d92f4a,
2026-09-05T10:37:11-03:00,google_flights,GRU,FRA,2027-04-19,3325.0,BRL,Air Europa,Air Europa,UX 58 UX 1503,1,MAD 2h00,120,895,2027-04-19T13:50,2027-04-20T09:45,desconhecida,https://www.google.com/travel/flights?q=Flights%20to%20FRA%20from%20GRU%20on%202027-04-19%20oneway,2ab0796500a9,
2026-09-05T10:37:11-03:00,google_flights,GRU,MUC,2027-04-19,3325.0,BRL,Air Europa,Air Europa,UX 58 UX 1515,1,MAD 2h05,125,895,2027-04-19T13:50,2027-04-20T09:45,desconhecida,https://www.google.com/travel/flights?q=Flights%20to%20MUC%20from%20GRU%20on%202027-04-19%20oneway,efa495909ca0,
2026-09-05T10:37:11-03:00,google_flights,GIG,FRA,2027-04-19,3351.0,BRL,Tap Air Portugal,Tap Air Portugal,TP 76 TP 570,1,LIS 3h00,180,955,2027-04-19T15:35,2027-04-20T12:30,desconhecida,https://www.google.com/travel/flights?q=Flights%20to%20FRA%20from%20GIG%20on%202027-04-19%20oneway,a14fd11859c0,
2026-09-05T10:37:11-03:00,google_flights,GRU,AMS,2027-04-19,3433.0,BRL,Air Europa,Air Europa,UX 58 UX 1091,1,MAD 2h00,120,890,2027-04-19T13:50,2027-04-20T09:40,desconhecida,https://www.google.com/travel/flights?q=Flights%20to%20AMS%20from%20GRU%20on%202027-04-19%20oneway,96c8dd0da8c7,
2026-09-05T10:37:11-03:00,google_flights,GRU,AMS,2027-04-19,4236.0,BRL,LATAM,LATAM,LA 8078,0,,0,720,2027-04-19T18:00,2027-04-20T11:00,desconhecida,https://www.google.com/travel/flights?q=Flights%20to%20AMS%20from%20GRU%20on%202027-04-19%20oneway,94efe5bfbe97,
2026-09-05T10:37:11-03:00,google_flights,GRU,AMS,2027-04-19,2838.0,BRL,United,United,UA 860 UA 946,1,IAD 11h05,665,1745,2027-04-19T21:30,2027-04-21T07:35,desconhecida,https://www.google.com/travel/flights?q=Flights%20to%20AMS%20from%20GRU%20on%202027-04-19%20oneway,f19b816caf5c,
2026-09-05T10:37:11-03:00,google_flights,GRU,MUC,2027-04-19,3233.0,BRL,United,United,UA 860 UA 108,1,IAD 11h00,660,1755,2027-04-19T21:30,2027-04-21T07:45,desconhecida,https://www.google.com/travel/flights?q=Flights%20to%20MUC%20from%20GRU%20on%202027-04-19%20oneway,6b9d4d44b0f1,
2026-09-05T10:37:11-03:00,google_flights,GRU,FRA,2027-04-19,3286.0,BRL,Air Canada,Air Canada,AC 97 AC 844,1,YUL 10h15,615,1680,2027-04-19T21:00,2027-04-21T06:00,desconhecida,https://www.google.com/travel/flights?q=Flights%20to%20FRA%20from%20GRU%20on%202027-04-19%20oneway,e4b076a57ce7,
2026-09-05T10:37:11-03:00,google_flights,GIG,FRA,2027-04-19,3351.0,BRL,Tap Air Portugal,Tap Air Portugal,TP 72 TP 572,1,LIS 2h35,155,930,2027-04-19T22:10,2027-04-20T18:40,desconhecida,https://www.google.com/travel/flights?q=Flights%20to%20FRA%20from%20GIG%20on%202027-04-19%20oneway,c140b9eebab4,
2026-09-05T10:37:11-03:00,google_flights,BSB,BER,2027-04-19,3418.0,BRL,Tap Air Portugal,Tap Air Portugal,TP 58 TP 532,1,LIS 5h25,325,1085,2027-04-19T17:25,2027-04-20T16:30,desconhecida,https://www.google.com/travel/flights?q=Flights%20to%20BER%20from%20BSB%20on%202027-04-19%20oneway,c06362a3ff0a,
2026-09-05T10:37:11-03:00,google_flights,GRU,FRA,2027-04-19,3514.0,BRL,Tap Air Portugal,Tap Air Portugal,TP 84 TP 574,1,LIS 3h35,215,995,2027-04-19T00:45,2027-04-19T22:20,desconhecida,https://www.google.com/travel/flights?q=Flights%20to%20FRA%20from%20GRU%20on%202027-04-19%20oneway,08c1eb583b55,
2026-09-05T10:37:11-03:00,google_flights,GIG,BER,2027-04-19,3786.0,BRL,Tap Air Portugal,Tap Air Portugal,TP 76 TP 530,1,LIS 1h40,100,895,2027-04-19T15:35,2027-04-20T11:30,desconhecida,https://www.google.com/travel/flights?q=Flights%20to%20BER%20from%20GIG%20on%202027-04-19%20oneway,a8dc90ff0e6a,
2026-09-05T10:37:11-03:00,google_flights,GRU,BER,2027-04-19,3991.0,BRL,Tap Air Portugal,Tap Air Portugal,TP 88 TP 532,1,LIS 1h25,85,885,2027-04-19T20:45,2027-04-20T16:30,desconhecida,https://www.google.com/travel/flights?q=Flights%20to%20BER%20from%20GRU%20on%202027-04-19%20oneway,cbb1abe9b2fb,
2026-09-05T10:37:11-03:00,google_flights,BSB,FRA,2027-04-19,4068.0,BRL,Tap Air Portugal,Tap Air Portugal,TP 58 TP 570,1,LIS 1h45,105,845,2027-04-19T17:25,2027-04-20T12:30,desconhecida,https://www.google.com/travel/flights?q=Flights%20to%20FRA%20from%20BSB%20on%202027-04-19%20oneway,7721d2d28dbf,
2026-09-05T10:37:11-03:00,google_flights,GRU,AMS,2027-04-19,4759.0,BRL,KLM,KLM,KL 792,0,,0,695,2027-04-19T21:45,2027-04-20T14:20,desconhecida,https://www.google.com/travel/flights?q=Flights%20to%20AMS%20from%20GRU%20on%202027-04-19%20oneway,d43e59eb49ba,
2026-09-05T10:37:11-03:00,google_flights,GRU,FRA,2027-04-19,4877.0,BRL,LATAM,LATAM,LA 8070,0,,0,705,2027-04-19T23:40,2027-04-20T16:25,desconhecida,https://www.google.com/travel/flights?q=Flights%20to%20FRA%20from%20GRU%20on%202027-04-19%20oneway,68bbb3738455,
2026-09-05T10:37:11-03:00,google_flights,GRU,MUC,2027-04-19,4915.0,BRL,Lufthansa,Lufthansa,LH 505,0,,0,685,2027-04-19T20:50,2027-04-20T13:15,desconhecida,https://www.google.com/travel/flights?q=Flights%20to%20MUC%20from%20GRU%20on%202027-04-19%20oneway,0a1a7891da6e,
2026-09-05T10:37:22-03:00,google_flights,GRU,BER,2027-04-18,4388.0,BRL,Iberia,Iberia,IB 272 IB 785,1,MAD 5h15,315,1125,2027-04-18T19:20,2027-04-19T19:05,desconhecida,https://www.google.com/travel/flights?q=Flights%20to%20BER%20from%20GRU%20on%202027-04-18%20oneway,4d691abe81ec,2027-04-25
2026-09-05T10:37:22-03:00,google_flights,GRU,MUC,2027-04-18,4846.0,BRL,Air Europa,Air Europa,UX 58 UX 1515,1,MAD 2h05,125,895,2027-04-18T13:50,2027-04-19T09:45,desconhecida,https://www.google.com/travel/flights?q=Flights%20to%20MUC%20from%20GRU%20on%202027-04-18%20oneway,cac71579581b,2027-04-25
2026-09-05T10:37:22-03:00,google_flights,GRU,FRA,2027-04-18,5722.0,BRL,LATAM,LATAM,LA 8070,0,,0,705,2027-04-18T23:40,2027-04-19T16:25,desconhecida,https://www.google.com/travel/flights?q=Flights%20to%20FRA%20from%20GRU%20on%202027-04-18%20oneway,c63339d92f4a,2027-04-25
2026-09-05T10:37:22-03:00,google_flights,GRU,MUC,2027-04-18,4502.0,BRL,Iberia,Iberia,IB 272 IB 1313,1,MAD 5h45,345,1125,2027-04-18T19:20,2027-04-19T19:05,desconhecida,https://www.google.com/travel/flights?q=Flights%20to%20MUC%20from%20GRU%20on%202027-04-18%20oneway,eeb08cc30abe,2027-04-25
2026-09-05T10:37:22-03:00,google_flights,GRU,FRA,2027-04-18,4557.0,BRL,Iberia,Iberia,IB 272 IB 1333,1,MAD 5h30,330,1120,2027-04-18T19:20,2027-04-19T19:00,desconhecida,https://www.google.com/travel/flights?q=Flights%20to%20FRA%20from%20GRU%20on%202027-04-18%20oneway,2442da66823b,2027-04-25
2026-09-05T10:37:22-03:00,google_flights,GRU,VIE,2027-04-18,4865.0,BRL,Iberia,Iberia,IB 272 IB 795,1,MAD 5h15,315,1120,2027-04-18T19:20,2027-04-19T19:00,desconhecida,https://www.google.com/travel/flights?q=Flights%20to%20VIE%20from%20GRU%20on%202027-04-18%20oneway,30fb1a70e009,2027-04-25
2026-09-05T10:37:22-03:00,google_flights,GRU,AMS,2027-04-18,4893.0,BRL,Iberia,Iberia,IB 272 IB 1343,1,MAD 5h10,310,1095,2027-04-18T19:20,2027-04-19T18:35,desconhecida,https://www.google.com/travel/flights?q=Flights%20to%20AMS%20from%20GRU%20on%202027-04-18%20oneway,dbaf024ea241,2027-04-25
2026-09-05T10:37:22-03:00,google_flights,GRU,AMS,2027-04-18,4996.0,BRL,Air Europa,Air Europa,UX 58 UX 1091,1,MAD 2h00,120,890,2027-04-18T13:50,2027-04-19T09:40,desconhecida,https://www.google.com/travel/flights?q=Flights%20to%20AMS%20from%20GRU%20on%202027-04-18%20oneway,7c2f7b17fa24,2027-04-25
2026-09-05T10:37:22-03:00,google_flights,GIG,VIE,2027-04-18,5335.0,BRL,Iberia,Iberia,IB 270 IB 795,1,MAD 6h05,365,1125,2027-04-18T19:15,2027-04-19T19:00,desconhecida,https://www.google.com/travel/flights?q=Flights%20to%20VIE%20from%20GIG%20on%202027-04-18%20oneway,e4a17db6b530,2027-04-25
2026-09-05T10:37:22-03:00,google_flights,GIG,FRA,2027-04-18,5635.0,BRL,LATAM,LATAM,LA 3875 LA 8070,1,GRU 2h55,175,950,2027-04-18T19:35,2027-04-19T16:25,desconhecida,https://www.google.com/travel/flights?q=Flights%20to%20FRA%20from%20GIG%20on%202027-04-18%20oneway,2ca4278e43d5,2027-04-25
2026-09-05T10:37:22-03:00,google_flights,BSB,FRA,2027-04-18,5960.0,BRL,Tap Air Portugal,Tap Air Portugal,TP 58 TP 570,1,LIS 1h40,100,845,2027-04-18T17:25,2027-04-19T12:30,desconhecida,https://www.google.com/travel/flights?q=Flights%20to%20FRA%20from%20BSB%20on%202027-04-18%20oneway,36d723ede46d,2027-04-25
2026-09-05T10:37:22-03:00,google_flights,GRU,AMS,2027-04-18,6290.0,BRL,LATAM,LATAM,LA 8078,0,,0,710,2027-04-18T18:00,2027-04-19T10:50,desconhecida,https://www.google.com/travel/flights?q=Flights%20to%20AMS%20from%20GRU%20on%202027-04-18%20oneway,c905b06bab26,2027-04-25
2026-09-05T10:37:22-03:00,google_flights,GRU,AMS,2027-04-18,6303.0,BRL,KLM,KLM,KL 792,0,,0,695,2027-04-18T21:45,2027-04-19T14:20,desconhecida,https://www.google.com/travel/flights?q=Flights%20to%20AMS%20from%20GRU%20on%202027-04-18%20oneway,12e8ac08b3e9,2027-04-25
2026-09-05T10:37:22-03:00,google_flights,GRU,FRA,2027-04-18,7357.0,BRL,Lufthansa,Lufthansa,LH 507,0,,0,695,2027-04-18T18:10,2027-04-19T10:45,desconhecida,https://www.google.com/travel/flights?q=Flights%20to%20FRA%20from%20GRU%20on%202027-04-18%20oneway,c1f74f26645b,2027-04-25
2026-09-05T15:46:12-03:00,google_flights,BSB,FRA,2027-04-13,3199.0,BRL,Tap Air Portugal,Tap Air Portugal,TP 58 TP 570,1,LIS 1h45,105,845,2027-04-13T17:25,2027-04-14T12:30,desconhecida,https://www.google.com/travel/flights?q=Flights%20to%20FRA%20from%20BSB%20on%202027-04-13%20oneway,32c4d3959239,
2026-09-05T15:46:12-03:00,google_flights,GRU,FRA,2027-04-13,3325.0,BRL,Air Europa,Air Europa,UX 58 UX 1503,1,MAD 2h00,120,895,2027-04-13T13:50,2027-04-14T09:45,desconhecida,https://www.google.com/travel/flights?q=Flights%20to%20FRA%20from%20GRU%20on%202027-04-13%20oneway,7216aeb19bc4,
2026-09-05T15:46:12-03:00,google_flights,GIG,MUC,2027-04-13,3426.0,BRL,ITA,ITA,AZ 673 AZ 432,1,FCO 1h55,115,885,2027-04-13T14:25,2027-04-14T10:10,desconhecida,https://www.google.com/travel/flights?q=Flights%20to%20MUC%20from%20GIG%20on%202027-04-13%20oneway,1778eae09ff6,
2026-09-05T15:46:12-03:00,google_flights,GRU,AMS,2027-04-13,2695.0,BRL,United,United,UA 860 UA 946,1,IAD 11h05,665,1745,2027-04-13T21:30,2027-04-15T07:35,desconhecida,https://www.google.com/travel/flights?q=Flights%20to%20AMS%20from%20GRU%20on%202027-04-13%20oneway,993cb09a255b,
2026-09-05T15:46:12-03:00,google_flights,BSB,FRA,2027-04-13,3194.0,BRL,Tap Air Portugal,Tap Air Portugal,TP 58 TP 574,1,LIS 11h35,695,1435,2027-04-13T17:25,2027-04-14T22:20,desconhecida,https://www.google.com/travel/flights?q=Flights%20to%20FRA%20from%20BSB%20on%202027-04-13%20oneway,f9a60dc2a6e7,
2026-09-05T15:46:12-03:00,google_flights,GRU,FRA,2027-04-13,3311.0,BRL,Air Canada,Air Canada,AC 91 AC 840,1,YYZ 9h50,590,1675,2027-04-13T21:35,2027-04-15T06:30,desconhecida,https://www.google.com/travel/flights?q=Flights%20to%20FRA%20from%20GRU%20on%202027-04-13%20oneway,153ecb0de0ee,
2026-09-05T15:46:12-03:00,google_flights,GRU,MUC,2027-04-13,3311.0,BRL,Air Canada,Air Canada,AC 91 AC 836,1,YYZ 11h00,660,1750,2027-04-13T21:35,2027-04-15T07:45,desconhecida,https://www.google.com/travel/flights?q=Flights%20to%20MUC%20from%20GRU%20on%202027-04-13%20oneway,9e23f9bc9aa6,
2026-09-05T15:46:12-03:00,google_flights,GRU,MUC,2027-04-13,3325.0,BRL,Air Europa,Air Europa,UX 58 UX 1515,1,MAD 2h05,125,895,2027-04-13T13:50,2027-04-14T09:45,desconhecida,https://www.google.com/travel/flights?q=Flights%20to%20MUC%20from%20GRU%20on%202027-04-13%20oneway,89dde1e4fb72,
2026-09-05T15:46:12-03:00,google_flights,GIG,AMS,2027-04-13,3339.0,BRL,Avianca,Avianca|Air Canada,AV 198 AC 99 AC 900,2,"BOG 3h00, YUL 5h10",180,1660,2027-04-13T01:35,2027-04-14T10:15,desconhecida,https://www.google.com/travel/flights?q=Flights%20to%20AMS%20from%20GIG%20on%202027-04-13%20oneway,13d8ce03f27a,
2026-09-05T15:46:12-03:00,google_flights,GIG,FRA,2027-04-13,3351.0,BRL,Tap Air Portugal,Tap Air Portugal,TP 67 TP 572,1,LIS 1h45,105,880,2027-04-13T23:00,2027-04-14T18:40,desconhecida,https://www.google.com/travel/flights?q=Flights%20to%20FRA%20from%20GIG%20on%202027-04-13%20oneway,1a6e34bfcfe3,
2026-09-05T15:46:12-03:00,google_flights,GRU,AMS,2027-04-13,3433.0,BRL,Air Europa,Air Europa,UX 58 UX 1091,1,MAD 2h00,120,890,2027-04-13T13:50,2027-04-14T09:40,desconhecida,https://www.google.com/travel/flights?q=Flights%20to%20AMS%20from%20GRU%20on%202027-04-13%20oneway,3db0f4651e45,
2026-09-05T15:46:12-03:00,google_flights,GRU,FRA,2027-04-13,3514.0,BRL,Tap Air Portugal,Tap Air Portugal,TP 84 TP 574,1,LIS 3h35,215,995,2027-04-13T00:45,2027-04-13T22:20,desconhecida,https://www.google.com/travel/flights?q=Flights%20to%20FRA%20from%20GRU%20on%202027-04-13%20oneway,7e9dbb0ab861,
2026-09-05T15:46:12-03:00,google_flights,GRU,AMS,2027-04-13,4236.0,BRL,LATAM,LATAM,LA 8078,0,,0,720,2027-04-13T18:00,2027-04-14T11:00,desconhecida,https://www.google.com/travel/flights?q=Flights%20to%20AMS%20from%20GRU%20on%202027-04-13%20oneway,cbfd8caa997d,
2026-09-05T15:46:12-03:00,google_flights,GRU,AMS,2027-04-13,4759.0,BRL,KLM,KLM,KL 792,0,,0,695,2027-04-13T21:45,2027-04-14T14:20,desconhecida,https://www.google.com/travel/flights?q=Flights%20to%20AMS%20from%20GRU%20on%202027-04-13%20oneway,eec57785371c,
2026-09-05T15:46:12-03:00,google_flights,GRU,FRA,2027-04-13,4877.0,BRL,LATAM,LATAM,LA 8070,0,,0,705,2027-04-13T23:40,2027-04-14T16:25,desconhecida,https://www.google.com/travel/flights?q=Flights%20to%20FRA%20from%20GRU%20on%202027-04-13%20oneway,7046b8738ece,
2026-09-05T23:25:12-03:00,google_flights,BSB,FRA,2027-04-20,3210.0,BRL,Tap Air Portugal,Tap Air Portugal,TP 58 TP 570,1,LIS 1h45,105,845,2027-04-20T17:25,2027-04-21T12:30,desconhecida,https://www.google.com/travel/flights?q=Flights%20to%20FRA%20from%20BSB%20on%202027-04-20%20oneway,d30f00213e1c,
2026-09-05T23:25:12-03:00,google_flights,GRU,FRA,2027-04-20,3325.0,BRL,Air Europa,Air Europa,UX 58 UX 1503,1,MAD 2h00,120,895,2027-04-20T13:50,2027-04-21T09:45,desconhecida,https://www.google.com/travel/flights?q=Flights%20to%20FRA%20from%20GRU%20on%202027-04-20%20oneway,71f776be3cfe,
2026-09-05T23:25:12-03:00,google_flights,GRU,FRA,2027-04-20,3348.0,BRL,ITA,ITA,AZ 679 AZ 404,1,FCO 4h35,275,1065,2027-04-20T18:55,2027-04-21T17:40,desconhecida,https://www.google.com/travel/flights?q=Flights%20to%20FRA%20from%20GRU%20on%202027-04-20%20oneway,ea92c851ebaa,
2026-09-05T23:25:12-03:00,google_flights,GRU,AMS,2027-04-20,2695.0,BRL,United,United,UA 860 UA 946,1,IAD 11h05,665,1745,2027-04-20T21:30,2027-04-22T07:35,desconhecida,https://www.google.com/travel/flights?q=Flights%20to%20AMS%20from%20GRU%20on%202027-04-20%20oneway,9cc8aafdde03,
2026-09-05T23:25:12-03:00,google_flights,GRU,MUC,2027-04-20,3233.0,BRL,United,United,UA 860 UA 108,1,IAD 11h00,660,1755,2027-04-20T21:30,2027-04-22T07:45,desconhecida,https://www.google.com/travel/flights?q=Flights%20to%20MUC%20from%20GRU%20on%202027-04-20%20oneway,9293c25421f0,
2026-09-05T23:25:12-03:00,google_flights,GRU,FRA,2027-04-20,3311.0,BRL,Air Canada,Air Canada,AC 91 AC 840,1,YYZ 9h50,590,1675,2027-04-20T21:35,2027-04-22T06:30,desconhecida,https://www.google.com/travel/flights?q=Flights%20to%20FRA%20from%20GRU%20on%202027-04-20%20oneway,de7ab73a6bfc,
2026-09-05T23:25:12-03:00,google_flights,GRU,MUC,2027-04-20,3325.0,BRL,Air Europa,Air Europa,UX 58 UX 1515,1,MAD 2h05,125,895,2027-04-20T13:50,2027-04-21T09:45,desconhecida,https://www.google.com/travel/flights?q=Flights%20to%20MUC%20from%20GRU%20on%202027-04-20%20oneway,ebb631af85ff,
2026-09-05T23:25:12-03:00,google_flights,GIG,FRA,2027-04-20,3372.0,BRL,Tap Air Portugal,Tap Air Portugal,TP 67 TP 570,1,LIS 19h35,1175,1950,2027-04-20T23:00,2027-04-22T12:30,desconhecida,https://www.google.com/travel/flights?q=Flights%20to%20FRA%20from%20GIG%20on%202027-04-20%20oneway,a2583bc01463,
2026-09-05T23:25:12-03:00,google_flights,GRU,AMS,2027-04-20,3433.0,BRL,Air Europa,Air Europa,UX 58 UX 1091,1,MAD 2h00,120,890,2027-04-20T13:50,2027-04-21T09:40,desconhecida,https://www.google.com/travel/flights?q=Flights%20to%20AMS%20from%20GRU%20on%202027-04-20%20oneway,449c11bd5a36,
2026-09-05T23:25:12-03:00,google_flights,GIG,MUC,2027-04-20,3498.0,BRL,Tap Air Portugal,Tap Air Portugal,TP 67 TP 554,1,LIS 2h10,130,900,2027-04-20T23:00,2027-04-21T19:00,desconhecida,https://www.google.com/travel/flights?q=Flights%20to%20MUC%20from%20GIG%20on%202027-04-20%20oneway,81f89426a9f0,
2026-09-05T23:25:12-03:00,google_flights,GRU,FRA,2027-04-20,3514.0,BRL,Tap Air Portugal,Tap Air Portugal,TP 84 TP 574,1,LIS 3h35,215,995,2027-04-20T00:45,2027-04-20T22:20,desconhecida,https://www.google.com/travel/flights?q=Flights%20to%20FRA%20from%20GRU%20on%202027-04-20%20oneway,112b1fbbe5d4,
2026-09-05T23:25:12-03:00,google_flights,GRU,FRA,2027-04-20,3514.0,BRL,Tap Air Portugal,Tap Air Portugal,TP 88 TP 572,1,LIS 3h55,235,1015,2027-04-20T20:45,2027-04-21T18:40,desconhecida,https://www.google.com/travel/flights?q=Flights%20to%20FRA%20from%20GRU%20on%202027-04-20%20oneway,24da5937474d,
2026-09-05T23:25:12-03:00,google_flights,GRU,AMS,2027-04-20,4236.0,BRL,LATAM,LATAM,LA 8078,0,,0,720,2027-04-20T18:00,2027-04-21T11:00,desconhecida,https://www.google.com/travel/flights?q=Flights%20to%20AMS%20from%20GRU%20on%202027-04-20%20oneway,bacceefb2718,
2026-09-05T23:25:12-03:00,google_flights,GRU,AMS,2027-04-20,4759.0,BRL,KLM,KLM,KL 792,0,,0,695,2027-04-20T21:45,2027-04-21T14:20,desconhecida,https://www.google.com/travel/flights?q=Flights%20to%20AMS%20from%20GRU%20on%202027-04-20%20oneway,0a6fe5cc738f,
2026-09-05T23:25:12-03:00,google_flights,GRU,FRA,2027-04-20,4877.0,BRL,LATAM,LATAM,LA 8070,0,,0,705,2027-04-20T23:40,2027-04-21T16:25,desconhecida,https://www.google.com/travel/flights?q=Flights%20to%20FRA%20from%20GRU%20on%202027-04-20%20oneway,6bfbc5e70c16,
2026-09-05T23:25:21-03:00,google_flights,GRU,FRA,2027-04-21,3325.0,BRL,Air Europa,Air Europa,UX 58 UX 1503,1,MAD 2h00,120,895,2027-04-21T13:50,2027-04-22T09:45,desconhecida,https://www.google.com/travel/flights?q=Flights%20to%20FRA%20from%20GRU%20on%202027-04-21%20oneway,22814f2ca842,
2026-09-05T23:25:21-03:00,google_flights,GIG,FRA,2027-04-21,3428.0,BRL,ITA,ITA,AZ 673 AZ 400,1,FCO 2h05,125,925,2027-04-21T14:25,2027-04-22T10:50,desconhecida,https://www.google.com/travel/flights?q=Flights%20to%20FRA%20from%20GIG%20on%202027-04-21%20oneway,aad31b5b5593,
2026-09-05T23:25:21-03:00,google_flights,BSB,MUC,2027-04-21,3489.0,BRL,Tap Air Portugal,Tap Air Portugal,TP 58 TP 552,1,LIS 1h15,75,810,2027-04-21T18:15,2027-04-22T12:45,desconhecida,https://www.google.com/travel/flights?q=Flights%20to%20MUC%20from%20BSB%20on%202027-04-21%20oneway,ba1615826e8b,
2026-09-05T23:25:21-03:00,google_flights,GRU,AMS,2027-04-21,2695.0,BRL,United,United,UA 860 UA 946,1,IAD 11h05,665,1745,2027-04-21T21:30,2027-04-23T07:35,desconhecida,https://www.google.com/travel/flights?q=Flights%20to%20AMS%20from%20GRU%20on%202027-04-21%20oneway,a5f9b8ad0512,
2026-09-05T23:25:21-03:00,google_flights,GRU,AMS,2027-04-21,2695.0,BRL,United,United,UA 844 UA 909,1,ORD 11h15,675,1810,2027-04-21T22:20,2027-04-23T09:30,desconhecida,https://www.google.com/travel/flights?q=Flights%20to%20AMS%20from%20GRU%20on%202027-04-21%20oneway,83fd411b0929,
2026-09-05T23:25:21-03:00,google_flights,GRU,CPH,2027-04-21,2930.0,BRL,United,United|Lufthansa,UA 844 UA 944 LH 826,2,"ORD 8h15, FRA 1h20",80,1795,2027-04-21T22:20,2027-04-23T09:15,desconhecida,https://www.google.com/travel/flights?q=Flights%20to%20CPH%20from%20GRU%20on%202027-04-21%20oneway,5173dcc928e7,
2026-09-05T23:25:21-03:00,google_flights,GIG,AMS,2027-04-21,3115.0,BRL,United,United,UA 128 UA 20,1,IAH 10h40,640,1875,2027-04-21T21:05,2027-04-23T09:20,desconhecida,https://www.google.com/travel/flights?q=Flights%20to%20AMS%20from%20GIG%20on%202027-04-21%20oneway,c3814dc77742,
2026-09-05T23:25:21-03:00,google_flights,GRU,FRA,2027-04-21,3233.0,BRL,United,United,UA 844 UA 944,1,ORD 8h15,495,1630,2027-04-21T22:20,2027-04-23T06:30,desconhecida,https://www.google.com/travel/flights?q=Flights%20to%20FRA%20from%20GRU%20on%202027-04-21%20oneway,e125268cfbdc,
2026-09-05T23:25:21-03:00,google_flights,GRU,MUC,2027-04-21,3233.0,BRL,United,United|Lufthansa,UA 844 LH 437,1,ORD 8h50,530,1665,2027-04-21T22:20,2027-04-23T07:05,desconhecida,https://www.google.com/travel/flights?q=Flights%20to%20MUC%20from%20GRU%20on%202027-04-21%20oneway,31d03b4e110e,
2026-09-05T23:25:21-03:00,google_flights,BSB,FRA,2027-04-21,3267.0,BRL,Tap Air Portugal,Tap Air Portugal,TP 58 TP 572,1,LIS 7h05,425,1165,2027-04-21T18:15,2027-04-22T18:40,desconhecida,https://www.google.com/travel/flights?q=Flights%20to%20FRA%20from%20BSB%20on%202027-04-21%20oneway,1f8045e5e961,
2026-09-05T23:25:21-03:00,google_flights,GRU,FRA,2027-04-21,3286.0,BRL,Air Canada,Air Canada,AC 97 AC 844,1,YUL 10h15,615,1680,2027-04-21T21:00,2027-04-23T06:00,desconhecida,https://www.google.com/travel/flights?q=Flights%20to%20FRA%20from%20GRU%20on%202027-04-21%20oneway,a1f9159ae59d,
2026-09-05T23:25:21-03:00,google_flights,GRU,MUC,2027-04-21,3325.0,BRL,Air Europa,Air Europa,UX 58 UX 1515,1,MAD 2h05,125,895,2027-04-21T13:50,2027-04-22T09:45,desconhecida,https://www.google.com/travel/flights?q=Flights%20to%20MUC%20from%20GRU%20on%202027-04-21%20oneway,304e39efe077,
2026-09-05T23:25:21-03:00,google_flights,GRU,MUC,2027-04-21,3348.0,BRL,ITA,ITA|Lufthansa,AZ 675 LH 1867,1,FCO 4h00,240,1030,2027-04-21T14:15,2027-04-22T12:25,desconhecida,https://www.google.com/travel/flights?q=Flights%20to%20MUC%20from%20GRU%20on%202027-04-21%20oneway,9d82042ea349,
2026-09-05T23:25:21-03:00,google_flights,GRU,AMS,2027-04-21,3433.0,BRL,Air Europa,Air Europa,UX 58 UX 1091,1,MAD 2h00,120,890,2027-04-21T13:50,2027-04-22T09:40,desconhecida,https://www.google.com/travel/flights?q=Flights%20to%20AMS%20from%20GRU%20on%202027-04-21%20oneway,9c22a2dad831,
2026-09-05T23:25:21-03:00,google_flights,GRU,FRA,2027-04-21,3514.0,BRL,Tap Air Portugal,Tap Air Portugal,TP 82 TP 570,1,LIS 2h55,175,960,2027-04-21T15:30,2027-04-22T12:30,desconhecida,https://www.google.com/travel/flights?q=Flights%20to%20FRA%20from%20GRU%20on%202027-04-21%20oneway,0bac21ee23e8,
2026-09-05T23:25:21-03:00,google_flights,GRU,FRA,2027-04-21,3514.0,BRL,Tap Air Portugal,Tap Air Portugal,TP 88 TP 572,1,LIS 3h55,235,1015,2027-04-21T20:45,2027-04-22T18:40,desconhecida,https://www.google.com/travel/flights?q=Flights%20to%20FRA%20from%20GRU%20on%202027-04-21%20oneway,4d7949f7e1b5,
2026-09-05T23:25:21-03:00,google_flights,GIG,VIE,2027-04-21,3677.0,BRL,Tap Air Portugal,Tap Air Portugal,TP 72 TP 1272,1,LIS 2h00,120,915,2027-04-21T22:10,2027-04-22T18:25,desconhecida,https://www.google.com/travel/flights?q=Flights%20to%20VIE%20from%20GIG%20on%202027-04-21%20oneway,1f1cef33f9a7,
2026-09-05T23:25:21-03:00,google_flights,GIG,BER,2027-04-21,3786.0,BRL,Tap Air Portugal,Tap Air Portugal,TP 76 TP 530,1,LIS 1h40,100,895,2027-04-21T15:35,2027-04-22T11:30,desconhecida,https://www.google.com/travel/flights?q=Flights%20to%20BER%20from%20GIG%20on%202027-04-21%20oneway,936221ecd6a3,
2026-09-05T23:25:27-03:00,google_flights,GRU,FRA,2027-04-22,3325.0,BRL,Air Europa,Air Europa,UX 58 UX 1503,1,MAD 2h00,120,895,2027-04-22T13:50,2027-04-23T09:45,desconhecida,https://www.google.com/travel/flights?q=Flights%20to%20FRA%20from%20GRU%20on%202027-04-22%20oneway,f1969eb69575,
2026-09-05T23:25:27-03:00,google_flights,GIG,MUC,2027-04-22,3426.0,BRL,ITA,ITA,AZ 673 AZ 432,1,FCO 1h55,115,885,2027-04-22T14:25,2027-04-23T10:10,desconhecida,https://www.google.com/travel/flights?q=Flights%20to%20MUC%20from%20GIG%20on%202027-04-22%20oneway,49bbcd020d85,
2026-09-05T23:25:27-03:00,google_flights,BSB,FRA,2027-04-22,3483.0,BRL,Tap Air Portugal,Tap Air Portugal,TP 58 TP 570,1,LIS 2h00,120,860,2027-04-22T17:10,2027-04-23T12:30,desconhecida,https://www.google.com/travel/flights?q=Flights%20to%20FRA%20from%20BSB%20on%202027-04-22%20oneway,09fd94a52530,
2026-09-05T23:25:27-03:00,google_flights,GRU,AMS,2027-04-22,2695.0,BRL,United,United,UA 148 UA 70,1,EWR 11h50,710,1755,2027-04-22T21:00,2027-04-24T07:15,desconhecida,https://www.google.com/travel/flights?q=Flights%20to%20AMS%20from%20GRU%20on%202027-04-22%20oneway,0254929b3ccf,
2026-09-05T23:25:27-03:00,google_flights,GRU,AMS,2027-04-22,2695.0,BRL,United,United,UA 860 UA 946,1,IAD 11h05,665,1745,2027-04-22T21:30,2027-04-24T07:35,desconhecida,https://www.google.com/travel/flights?q=Flights%20to%20AMS%20from%20GRU%20on%202027-04-22%20oneway,34e8230fb190,
2026-09-05T23:25:27-03:00,google_flights,GRU,VIE,2027-04-22,2695.0,BRL,United,United|Austrian,UA 844 OS 46,1,ORD 9h35,575,1735,2027-04-22T22:20,2027-04-24T08:15,desconhecida,https://www.google.com/travel/flights?q=Flights%20to%20VIE%20from%20GRU%20on%202027-04-22%20oneway,6b5e221ac497,
2026-09-05T23:25:27-03:00,google_flights,GRU,AMS,2027-04-22,2695.0,BRL,United,United,UA 844 UA 909,1,ORD 11h15,675,1810,2027-04-22T22:20,2027-04-24T09:30,desconhecida,https://www.google.com/travel/flights?q=Flights%20to%20AMS%20from%20GRU%20on%202027-04-22%20oneway,a8336a47ecab,
2026-09-05T23:25:27-03:00,google_flights,GIG,AMS,2027-04-22,2869.0,BRL,United,United,UA 128 UA 20,1,IAH 10h40,640,1875,2027-04-22T21:05,2027-04-24T09:20,desconhecida,https://www.google.com/travel/flights?q=Flights%20to%20AMS%20from%20GIG%20on%202027-04-22%20oneway,03f5dad5ff81,
2026-09-05T23:25:27-03:00,google_flights,GRU,CPH,2027-04-22,2930.0,BRL,United,United|Lufthansa,UA 844 UA 944 LH 826,2,"ORD 8h15, FRA 1h20",80,1795,2027-04-22T22:20,2027-04-24T09:15,desconhecida,https://www.google.com/travel/flights?q=Flights%20to%20CPH%20from%20GRU%20on%202027-04-22%20oneway,3aa2790a61ad,
2026-09-05T23:25:27-03:00,google_flights,BSB,FRA,2027-04-22,3204.0,BRL,Tap Air Portugal,Tap Air Portugal,TP 58 TP 574,1,LIS 11h50,710,1450,2027-04-22T17:10,2027-04-23T22:20,desconhecida,https://www.google.com/travel/flights?q=Flights%20to%20FRA%20from%20BSB%20on%202027-04-22%20oneway,ce93dc6fdaa8,
2026-09-05T23:25:27-03:00,google_flights,GRU,MUC,2027-04-22,3325.0,BRL,Air Europa,Air Europa,UX 58 UX 1515,1,MAD 2h05,125,895,2027-04-22T13:50,2027-04-23T09:45,desconhecida,https://www.google.com/travel/flights?q=Flights%20to%20MUC%20from%20GRU%20on%202027-04-22%20oneway,db7d0116e469,
2026-09-05T23:25:27-03:00,google_flights,GIG,FRA,2027-04-22,3351.0,BRL,Tap Air Portugal,Tap Air Portugal,TP 67 TP 574,1,LIS 5h25,325,1100,2027-04-22T23:00,2027-04-23T22:20,desconhecida,https://www.google.com/travel/flights?q=Flights%20to%20FRA%20from%20GIG%20on%202027-04-22%20oneway,fbceafe70fd3,
2026-09-05T23:25:27-03:00,google_flights,GRU,AMS,2027-04-22,3433.0,BRL,Air Europa,Air Europa,UX 58 UX 1091,1,MAD 2h00,120,890,2027-04-22T13:50,2027-04-23T09:40,desconhecida,https://www.google.com/travel/flights?q=Flights%20to%20AMS%20from%20GRU%20on%202027-04-22%20oneway,9290da6ef6b0,
2026-09-05T23:25:27-03:00,google_flights,GRU,FRA,2027-04-22,3514.0,BRL,Tap Air Portugal,Tap Air Portugal,TP 84 TP 574,1,LIS 3h35,215,995,2027-04-22T00:45,2027-04-22T22:20,desconhecida,https://www.google.com/travel/flights?q=Flights%20to%20FRA%20from%20GRU%20on%202027-04-22%20oneway,4966bd0c910b,
2026-09-05T23:25:27-03:00,google_flights,GRU,FRA,2027-04-22,3514.0,BRL,Tap Air Portugal,Tap Air Portugal,TP 88 TP 572,1,LIS 3h55,235,1015,2027-04-22T20:45,2027-04-23T18:40,desconhecida,https://www.google.com/travel/flights?q=Flights%20to%20FRA%20from%20GRU%20on%202027-04-22%20oneway,574f3b63b9d5,
2026-09-05T23:25:27-03:00,google_flights,GIG,AMS,2027-04-22,3788.0,BRL,Tap Air Portugal,Tap Air Portugal,TP 67 TP 672,1,LIS 1h50,110,880,2027-04-22T23:00,2027-04-23T18:40,desconhecida,https://www.google.com/travel/flights?q=Flights%20to%20AMS%20from%20GIG%20on%202027-04-22%20oneway,10eb1445559d,
2026-09-05T23:25:27-03:00,google_flights,BSB,BER,2027-04-22,3808.0,BRL,Tap Air Portugal,Tap Air Portugal,TP 58 TP 530,1,LIS 1h30,90,850,2027-04-22T17:10,2027-04-23T12:20,desconhecida,https://www.google.com/travel/flights?q=Flights%20to%20BER%20from%20BSB%20on%202027-04-22%20oneway,94330108dea4,
2026-09-05T23:25:27-03:00,google_flights,GRU,AMS,2027-04-22,4236.0,BRL,LATAM,LATAM,LA 8078,0,,0,720,2027-04-22T18:00,2027-04-23T11:00,desconhecida,https://www.google.com/travel/flights?q=Flights%20to%20AMS%20from%20GRU%20on%202027-04-22%20oneway,32e37fba96f6,
2026-09-05T23:25:27-03:00,google_flights,GRU,AMS,2027-04-22,4759.0,BRL,KLM,KLM,KL 792,0,,0,695,2027-04-22T21:45,2027-04-23T14:20,desconhecida,https://www.google.com/travel/flights?q=Flights%20to%20AMS%20from%20GRU%20on%202027-04-22%20oneway,06b0b0165473,
2026-09-05T23:25:27-03:00,google_flights,GRU,FRA,2027-04-22,4877.0,BRL,LATAM,LATAM,LA 8070,0,,0,705,2027-04-22T23:40,2027-04-23T16:25,desconhecida,https://www.google.com/travel/flights?q=Flights%20to%20FRA%20from%20GRU%20on%202027-04-22%20oneway,12190efa454e,
2026-09-06T10:51:10-03:00,google_flights,GRU,MUC,2027-04-23,3325.0,BRL,Air Europa,Air Europa,UX 58 UX 1515,1,MAD 2h05,125,895,2027-04-23T13:50,2027-04-24T09:45,desconhecida,https://www.google.com/travel/flights?q=Flights%20to%20MUC%20from%20GRU%20on%202027-04-23%20oneway,97342844ea27,
2026-09-06T10:51:10-03:00,google_flights,BSB,MUC,2027-04-23,3489.0,BRL,Tap Air Portugal,Tap Air Portugal,TP 58 TP 552,1,LIS 1h15,75,810,2027-04-23T18:15,2027-04-24T12:45,desconhecida,https://www.google.com/travel/flights?q=Flights%20to%20MUC%20from%20BSB%20on%202027-04-23%20oneway,13c063c3b460,
2026-09-06T10:51:10-03:00,google_flights,GRU,AMS,2027-04-23,4236.0,BRL,LATAM,LATAM,LA 8078,0,,0,710,2027-04-23T18:00,2027-04-24T10:50,desconhecida,https://www.google.com/travel/flights?q=Flights%20to%20AMS%20from%20GRU%20on%202027-04-23%20oneway,cdae2ce0f000,
2026-09-06T10:51:10-03:00,google_flights,GRU,FRA,2027-04-23,3233.0,BRL,United,United,UA 844 UA 944,1,ORD 8h15,495,1630,2027-04-23T22:20,2027-04-25T06:30,desconhecida,https://www.google.com/travel/flights?q=Flights%20to%20FRA%20from%20GRU%20on%202027-04-23%20oneway,2227cb013b5e,
2026-09-06T10:51:10-03:00,google_flights,GRU,MUC,2027-04-23,3233.0,BRL,United,United|Lufthansa,UA 844 LH 437,1,ORD 8h50,530,1665,2027-04-23T22:20,2027-04-25T07:05,desconhecida,https://www.google.com/travel/flights?q=Flights%20to%20MUC%20from%20GRU%20on%202027-04-23%20oneway,78800f9ccdf9,
2026-09-06T10:51:10-03:00,google_flights,BSB,FRA,2027-04-23,3267.0,BRL,Tap Air Portugal,Tap Air Portugal,TP 58 TP 574,1,LIS 10h45,645,1385,2027-04-23T18:15,2027-04-24T22:20,desconhecida,https://www.google.com/travel/flights?q=Flights%20to%20FRA%20from%20BSB%20on%202027-04-23%20oneway,2f3ad3ae5c31,
2026-09-06T10:51:10-03:00,google_flights,GRU,FRA,2027-04-23,3325.0,BRL,Air Europa,Air Europa,UX 58 UX 1503,1,MAD 2h00,120,895,2027-04-23T13:50,2027-04-24T09:45,desconhecida,https://www.google.com/travel/flights?q=Flights%20to%20FRA%20from%20GRU%20on%202027-04-23%20oneway,018a145e3f8c,
2026-09-06T10:51:10-03:00,google_flights,GRU,MUC,2027-04-23,3348.0,BRL,ITA,ITA|Lufthansa,AZ 679 LH 1869,1,FCO 4h25,265,1055,2027-04-23T18:55,2027-04-24T17:30,desconhecida,https://www.google.com/travel/flights?q=Flights%20to%20MUC%20from%20GRU%20on%202027-04-23%20oneway,91cf5c77f32e,
2026-09-06T10:51:10-03:00,google_flights,GIG,FRA,2027-04-23,3372.0,BRL,Tap Air Portugal,Tap Air Portugal,TP 72 TP 570,1,LIS 20h25,1225,2000,2027-04-23T22:10,2027-04-25T12:30,desconhecida,https://www.google.com/travel/flights?q=Flights%20to%20FRA%20from%20GIG%20on%202027-04-23%20oneway,732db51c57c7,
2026-09-06T10:51:10-03:00,google_flights,GRU,AMS,2027-04-23,3377.0,BRL,United,United,UA 844 UA 909,1,ORD 11h15,675,1810,2027-04-23T22:20,2027-04-25T09:30,desconhecida,https://www.google.com/travel/flights?q=Flights%20to%20AMS%20from%20GRU%20on%202027-04-23%20oneway,db6f8521cb22,
2026-09-06T10:51:10-03:00,google_flights,GRU,AMS,2027-04-23,3433.0,BRL,Air Europa,Air Europa,UX 58 UX 1091,1,MAD 2h00,120,890,2027-04-23T13:50,2027-04-24T09:40,desconhecida,https://www.google.com/travel/flights?q=Flights%20to%20AMS%20from%20GRU%20on%202027-04-23%20oneway,0765540ef092,
2026-09-06T10:51:10-03:00,google_flights,GRU,FRA,2027-04-23,3514.0,BRL,Tap Air Portugal,Tap Air Portugal,TP 84 TP 574,1,LIS 3h35,215,995,2027-04-23T00:45,2027-04-23T22:20,desconhecida,https://www.google.com/travel/flights?q=Flights%20to%20FRA%20from%20GRU%20on%202027-04-23%20oneway,811518dae145,
2026-09-06T10:51:10-03:00,google_flights,GRU,FRA,2027-04-23,3514.0,BRL,Tap Air Portugal,Tap Air Portugal,TP 88 TP 572,1,LIS 3h55,235,1015,2027-04-23T20:45,2027-04-24T18:40,desconhecida,https://www.google.com/travel/flights?q=Flights%20to%20FRA%20from%20GRU%20on%202027-04-23%20oneway,42d6f851e8ff,
2026-09-06T10:51:10-03:00,google_flights,GRU,AMS,2027-04-23,3652.0,BRL,ITA,ITA,AZ 679 AZ 110,1,FCO 3h05,185,1030,2027-04-23T18:55,2027-04-24T17:05,desconhecida,https://www.google.com/travel/flights?q=Flights%20to%20AMS%20from%20GRU%20on%202027-04-23%20oneway,ce715ce3931d,
2026-09-06T10:51:10-03:00,google_flights,GIG,AMS,2027-04-23,3788.0,BRL,Tap Air Portugal,Tap Air Portugal,TP 72 TP 672,1,LIS 2h40,160,930,2027-04-23T22:10,2027-04-24T18:40,desconhecida,https://www.google.com/travel/flights?q=Flights%20to%20AMS%20from%20GIG%20on%202027-04-23%20oneway,f38b0c66d6d3,
2026-09-06T10:51:10-03:00,google_flights,GIG,MUC,2027-04-23,3863.0,BRL,ITA,ITA,AZ 673 AZ 432,1,FCO 1h55,115,885,2027-04-23T14:25,2027-04-24T10:10,desconhecida,https://www.google.com/travel/flights?q=Flights%20to%20MUC%20from%20GIG%20on%202027-04-23%20oneway,10c1d26917ae,
2026-09-06T10:51:10-03:00,google_flights,GRU,CPH,2027-04-23,3893.0,BRL,Tap Air Portugal,Tap Air Portugal,TP 88 TP 754,1,LIS 1h35,95,905,2027-04-23T20:45,2027-04-24T16:50,desconhecida,https://www.google.com/travel/flights?q=Flights%20to%20CPH%20from%20GRU%20on%202027-04-23%20oneway,eb0d045f9774,
2026-09-06T10:51:10-03:00,google_flights,GIG,FRA,2027-04-23,3983.0,BRL,Tap Air Portugal,Tap Air Portugal,TP 76 TP 570,1,LIS 3h00,180,955,2027-04-23T15:35,2027-04-24T12:30,desconhecida,https://www.google.com/travel/flights?q=Flights%20to%20FRA%20from%20GIG%20on%202027-04-23%20oneway,5da06efaaf82,
2026-09-06T10:51:15-03:00,google_flights,BSB,FRA,2027-04-13,3199.0,BRL,Tap Air Portugal,Tap Air Portugal,TP 58 TP 570,1,LIS 1h45,105,845,2027-04-13T17:25,2027-04-14T12:30,desconhecida,https://www.google.com/travel/flights?q=Flights%20to%20FRA%20from%20BSB%20on%202027-04-13%20oneway,32c4d3959239,
2026-09-06T10:51:15-03:00,google_flights,GRU,FRA,2027-04-13,3325.0,BRL,Air Europa,Air Europa,UX 58 UX 1503,1,MAD 2h00,120,895,2027-04-13T13:50,2027-04-14T09:45,desconhecida,https://www.google.com/travel/flights?q=Flights%20to%20FRA%20from%20GRU%20on%202027-04-13%20oneway,7216aeb19bc4,
2026-09-06T10:51:15-03:00,google_flights,GIG,FRA,2027-04-13,3426.0,BRL,ITA,ITA,AZ 673 AZ 400,1,FCO 2h05,125,925,2027-04-13T14:25,2027-04-14T10:50,desconhecida,https://www.google.com/travel/flights?q=Flights%20to%20FRA%20from%20GIG%20on%202027-04-13%20oneway,9b97ef386201,
2026-09-06T10:51:15-03:00,google_flights,GRU,AMS,2027-04-13,2695.0,BRL,United,United,UA 860 UA 946,1,IAD 11h05,665,1745,2027-04-13T21:30,2027-04-15T07:35,desconhecida,https://www.google.com/travel/flights?q=Flights%20to%20AMS%20from%20GRU%20on%202027-04-13%20oneway,993cb09a255b,
2026-09-06T10:51:15-03:00,google_flights,BSB,FRA,2027-04-13,3194.0,BRL,Tap Air Portugal,Tap Air Portugal,TP 58 TP 574,1,LIS 11h35,695,1435,2027-04-13T17:25,2027-04-14T22:20,desconhecida,https://www.google.com/travel/flights?q=Flights%20to%20FRA%20from%20BSB%20on%202027-04-13%20oneway,f9a60dc2a6e7,
2026-09-06T10:51:15-03:00,google_flights,GRU,FRA,2027-04-13,3311.0,BRL,Air Canada,Air Canada,AC 91 AC 840,1,YYZ 9h50,590,1675,2027-04-13T21:35,2027-04-15T06:30,desconhecida,https://www.google.com/travel/flights?q=Flights%20to%20FRA%20from%20GRU%20on%202027-04-13%20oneway,153ecb0de0ee,
2026-09-06T10:51:15-03:00,google_flights,GRU,MUC,2027-04-13,3311.0,BRL,Air Canada,Air Canada,AC 91 AC 836,1,YYZ 11h00,660,1750,2027-04-13T21:35,2027-04-15T07:45,desconhecida,https://www.google.com/travel/flights?q=Flights%20to%20MUC%20from%20GRU%20on%202027-04-13%20oneway,9e23f9bc9aa6,
2026-09-06T10:51:15-03:00,google_flights,GRU,MUC,2027-04-13,3325.0,BRL,Air Europa,Air Europa,UX 58 UX 1515,1,MAD 2h05,125,895,2027-04-13T13:50,2027-04-14T09:45,desconhecida,https://www.google.com/travel/flights?q=Flights%20to%20MUC%20from%20GRU%20on%202027-04-13%20oneway,89dde1e4fb72,
2026-09-06T10:51:15-03:00,google_flights,GIG,AMS,2027-04-13,3339.0,BRL,Avianca,Avianca|Air Canada,AV 198 AC 99 AC 900,2,"BOG 3h00, YUL 5h10",180,1660,2027-04-13T01:35,2027-04-14T10:15,desconhecida,https://www.google.com/travel/flights?q=Flights%20to%20AMS%20from%20GIG%20on%202027-04-13%20oneway,13d8ce03f27a,
2026-09-06T10:51:15-03:00,google_flights,GRU,MUC,2027-04-13,3348.0,BRL,ITA,ITA|Lufthansa City Airlines,AZ 679 VL 1875,1,FCO 1h45,105,865,2027-04-13T18:55,2027-04-14T14:20,desconhecida,https://www.google.com/travel/flights?q=Flights%20to%20MUC%20from%20GRU%20on%202027-04-13%20oneway,3694eccf736a,
2026-09-06T10:51:15-03:00,google_flights,GIG,FRA,2027-04-13,3351.0,BRL,Tap Air Portugal,Tap Air Portugal,TP 67 TP 572,1,LIS 1h45,105,880,2027-04-13T23:00,2027-04-14T18:40,desconhecida,https://www.google.com/travel/flights?q=Flights%20to%20FRA%20from%20GIG%20on%202027-04-13%20oneway,1a6e34bfcfe3,
2026-09-06T10:51:15-03:00,google_flights,GRU,AMS,2027-04-13,3433.0,BRL,Air Europa,Air Europa,UX 58 UX 1091,1,MAD 2h00,120,890,2027-04-13T13:50,2027-04-14T09:40,desconhecida,https://www.google.com/travel/flights?q=Flights%20to%20AMS%20from%20GRU%20on%202027-04-13%20oneway,3db0f4651e45,
2026-09-06T10:51:15-03:00,google_flights,GRU,FRA,2027-04-13,3514.0,BRL,Tap Air Portugal,Tap Air Portugal,TP 84 TP 574,1,LIS 3h35,215,995,2027-04-13T00:45,2027-04-13T22:20,desconhecida,https://www.google.com/travel/flights?q=Flights%20to%20FRA%20from%20GRU%20on%202027-04-13%20oneway,7e9dbb0ab861,
2026-09-06T10:51:15-03:00,google_flights,GRU,AMS,2027-04-13,4236.0,BRL,LATAM,LATAM,LA 8078,0,,0,720,2027-04-13T18:00,2027-04-14T11:00,desconhecida,https://www.google.com/travel/flights?q=Flights%20to%20AMS%20from%20GRU%20on%202027-04-13%20oneway,cbfd8caa997d,
2026-09-06T10:51:15-03:00,google_flights,GRU,AMS,2027-04-13,4759.0,BRL,KLM,KLM,KL 792,0,,0,695,2027-04-13T21:45,2027-04-14T14:20,desconhecida,https://www.google.com/travel/flights?q=Flights%20to%20AMS%20from%20GRU%20on%202027-04-13%20oneway,eec57785371c,
2026-09-06T10:51:15-03:00,google_flights,GRU,FRA,2027-04-13,4877.0,BRL,LATAM,LATAM,LA 8070,0,,0,705,2027-04-13T23:40,2027-04-14T16:25,desconhecida,https://www.google.com/travel/flights?q=Flights%20to%20FRA%20from%20GRU%20on%202027-04-13%20oneway,7046b8738ece,
2026-09-06T10:51:20-03:00,google_flights,GRU,FRA,2027-04-14,3325.0,BRL,Air Europa,Air Europa,UX 58 UX 1503,1,MAD 2h00,120,895,2027-04-14T13:50,2027-04-15T09:45,desconhecida,https://www.google.com/travel/flights?q=Flights%20to%20FRA%20from%20GRU%20on%202027-04-14%20oneway,42af1b8d0b20,
2026-09-06T10:51:20-03:00,google_flights,GRU,MUC,2027-04-14,3325.0,BRL,Air Europa,Air Europa,UX 58 UX 1515,1,MAD 2h05,125,895,2027-04-14T13:50,2027-04-15T09:45,desconhecida,https://www.google.com/travel/flights?q=Flights%20to%20MUC%20from%20GRU%20on%202027-04-14%20oneway,7624e028df3b,
2026-09-06T10:51:20-03:00,google_flights,BSB,BER,2027-04-14,3381.0,BRL,Tap Air Portugal,Tap Air Portugal,TP 58 TP 532,1,LIS 4h35,275,1035,2027-04-14T18:15,2027-04-15T16:30,desconhecida,https://www.google.com/travel/flights?q=Flights%20to%20BER%20from%20BSB%20on%202027-04-14%20oneway,499644a01337,
2026-09-06T10:51:20-03:00,google_flights,BSB,MUC,2027-04-14,3489.0,BRL,Tap Air Portugal,Tap Air Portugal,TP 58 TP 552,1,LIS 1h15,75,810,2027-04-14T18:15,2027-04-15T12:45,desconhecida,https://www.google.com/travel/flights?q=Flights%20to%20MUC%20from%20BSB%20on%202027-04-14%20oneway,7ec990e98150,
2026-09-06T10:51:20-03:00,google_flights,GIG,VIE,2027-04-14,3677.0,BRL,Tap Air Portugal,Tap Air Portugal,TP 72 TP 1272,1,LIS 2h00,120,915,2027-04-14T22:10,2027-04-15T18:25,desconhecida,https://www.google.com/travel/flights?q=Flights%20to%20VIE%20from%20GIG%20on%202027-04-14%20oneway,786d6ccbbfb7,
2026-09-06T10:51:20-03:00,google_flights,BSB,FRA,2027-04-14,3178.0,BRL,Tap Air Portugal,Tap Air Portugal,TP 58 TP 574,1,LIS 10h45,645,1385,2027-04-14T18:15,2027-04-15T22:20,desconhecida,https://www.google.com/travel/flights?q=Flights%20to%20FRA%20from%20BSB%20on%202027-04-14%20oneway,393ae2ea61ce,
2026-09-06T10:51:20-03:00,google_flights,BSB,FRA,2027-04-14,3204.0,BRL,Tap Air Portugal,Tap Air Portugal,TP 58 TP 572,1,LIS 7h05,425,1165,2027-04-14T18:15,2027-04-15T18:40,desconhecida,https://www.google.com/travel/flights?q=Flights%20to%20FRA%20from%20BSB%20on%202027-04-14%20oneway,1bd221e05782,
2026-09-06T10:51:20-03:00,google_flights,GRU,FRA,2027-04-14,3286.0,BRL,Air Canada,Air Canada,AC 97 AC 844,1,YUL 10h15,615,1680,2027-04-14T21:00,2027-04-16T06:00,desconhecida,https://www.google.com/travel/flights?q=Flights%20to%20FRA%20from%20GRU%20on%202027-04-14%20oneway,05c110cbf4e2,
2026-09-06T10:51:20-03:00,google_flights,GRU,AMS,2027-04-14,3286.0,BRL,Air Canada,Air Canada,AC 97 AC 900,1,YUL 15h20,920,1935,2027-04-14T21:00,2027-04-16T10:15,desconhecida,https://www.google.com/travel/flights?q=Flights%20to%20AMS%20from%20GRU%20on%202027-04-14%20oneway,519fceb6c117,
2026-09-06T10:51:20-03:00,google_flights,GRU,MUC,2027-04-14,3311.0,BRL,Air Canada,Air Canada,AC 91 AC 836,1,YYZ 11h00,660,1750,2027-04-14T21:35,2027-04-16T07:45,desconhecida,https://www.google.com/travel/flights?q=Flights%20to%20MUC%20from%20GRU%20on%202027-04-14%20oneway,bd06c16a69c8,
2026-09-06T10:51:20-03:00,google_flights,GIG,FRA,2027-04-14,3372.0,BRL,Tap Air Portugal,Tap Air Portugal,TP 72 TP 570,1,LIS 20h25,1225,2000,2027-04-14T22:10,2027-04-16T12:30,desconhecida,https://www.google.com/travel/flights?q=Flights%20to%20FRA%20from%20GIG%20on%202027-04-14%20oneway,f34be8da2fc8,
2026-09-06T10:51:20-03:00,google_flights,GRU,AMS,2027-04-14,3433.0,BRL,Air Europa,Air Europa,UX 58 UX 1091,1,MAD 2h00,120,890,2027-04-14T13:50,2027-04-15T09:40,desconhecida,https://www.google.com/travel/flights?q=Flights%20to%20AMS%20from%20GRU%20on%202027-04-14%20oneway,2e7619170711,
2026-09-06T10:51:20-03:00,google_flights,GIG,MUC,2027-04-14,3498.0,BRL,Tap Air Portugal,Tap Air Portugal,TP 72 TP 554,1,LIS 3h00,180,950,2027-04-14T22:10,2027-04-15T19:00,desconhecida,https://www.google.com/travel/flights?q=Flights%20to%20MUC%20from%20GIG%20on%202027-04-14%20oneway,7e6f39c22e9c,
2026-09-06T10:51:20-03:00,google_flights,GRU,FRA,2027-04-14,3514.0,BRL,Tap Air Portugal,Tap Air Portugal,TP 82 TP 570,1,LIS 2h55,175,960,2027-04-14T15:30,2027-04-15T12:30,desconhecida,https://www.google.com/travel/flights?q=Flights%20to%20FRA%20from%20GRU%20on%202027-04-14%20oneway,4dd555cdaeaa,
2026-09-06T10:51:20-03:00,google_flights,GRU,FRA,2027-04-14,3514.0,BRL,Tap Air Portugal,Tap Air Portugal,TP 88 TP 572,1,LIS 3h55,235,1015,2027-04-14T20:45,2027-04-15T18:40,desconhecida,https://www.google.com/travel/flights?q=Flights%20to%20FRA%20from%20GRU%20on%202027-04-14%20oneway,034fcc90f438,
2026-09-06T10:51:20-03:00,google_flights,GIG,BER,2027-04-14,3786.0,BRL,Tap Air Portugal,Tap Air Portugal,TP 76 TP 530,1,LIS 1h40,100,895,2027-04-14T15:35,2027-04-15T11:30,desconhecida,https://www.google.com/travel/flights?q=Flights%20to%20BER%20from%20GIG%20on%202027-04-14%20oneway,ea2decc1901e,
2026-09-06T10:51:20-03:00,google_flights,GRU,AMS,2027-04-14,4759.0,BRL,KLM,KLM,KL 792,0,,0,695,2027-04-14T21:45,2027-04-15T14:20,desconhecida,https://www.google.com/travel/flights?q=Flights%20to%20AMS%20from%20GRU%20on%202027-04-14%20oneway,a227768e07f8,
2026-09-06T10:51:20-03:00,google_flights,GRU,FRA,2027-04-14,4877.0,BRL,LATAM,LATAM,LA 8070,0,,0,705,2027-04-14T23:40,2027-04-15T16:25,desconhecida,https://www.google.com/travel/flights?q=Flights%20to%20FRA%20from%20GRU%20on%202027-04-14%20oneway,5d56e27cbb6d,
2026-09-06T10:51:26-03:00,google_flights,BSB,FRA,2027-04-15,3183.0,BRL,Tap Air Portugal,Tap Air Portugal,TP 58 TP 570,1,LIS 2h00,120,860,2027-04-15T17:10,2027-04-16T12:30,desconhecida,https://www.google.com/travel/flights?q=Flights%20to%20FRA%20from%20BSB%20on%202027-04-15%20oneway,1bac683938cf,
2026-09-06T10:51:26-03:00,google_flights,GRU,FRA,2027-04-15,3325.0,BRL,Air Europa,Air Europa,UX 58 UX 1503,1,MAD 2h00,120,895,2027-04-15T13:50,2027-04-16T09:45,desconhecida,https://www.google.com/travel/flights?q=Flights%20to%20FRA%20from%20GRU%20on%202027-04-15%20oneway,e4e7a045f348,
2026-09-06T10:51:26-03:00,google_flights,GIG,FRA,2027-04-15,3426.0,BRL,ITA,ITA,AZ 673 AZ 400,1,FCO 2h05,125,925,2027-04-15T14:25,2027-04-16T10:50,desconhecida,https://www.google.com/travel/flights?q=Flights%20to%20FRA%20from%20GIG%20on%202027-04-15%20oneway,4143a3d87fec,
2026-09-06T10:51:26-03:00,google_flights,GRU,MUC,2027-04-15,3325.0,BRL,Air Europa,Air Europa,UX 58 UX 1515,1,MAD 2h05,125,895,2027-04-15T13:50,2027-04-16T09:45,desconhecida,https://www.google.com/travel/flights?q=Flights%20to%20MUC%20from%20GRU%20on%202027-04-15%20oneway,ea70709f8ca6,
2026-09-06T10:51:26-03:00,google_flights,GIG,FRA,2027-04-15,3351.0,BRL,Tap Air Portugal,Tap Air Portugal,TP 67 TP 574,1,LIS 5h25,325,1100,2027-04-15T23:00,2027-04-16T22:20,desconhecida,https://www.google.com/travel/flights?q=Flights%20to%20FRA%20from%20GIG%20on%202027-04-15%20oneway,0c58dea3cd97,
2026-09-06T10:51:26-03:00,google_flights,BSB,BER,2027-04-15,3392.0,BRL,Tap Air Portugal,Tap Air Portugal,TP 58 TP 530,1,LIS 1h30,90,850,2027-04-15T17:10,2027-04-16T12:20,desconhecida,https://www.google.com/travel/flights?q=Flights%20to%20BER%20from%20BSB%20on%202027-04-15%20oneway,10e5ea50537b,
2026-09-06T10:51:26-03:00,google_flights,GIG,MUC,2027-04-15,3426.0,BRL,ITA,ITA|Lufthansa,AZ 673 LH 1873,1,FCO 1h20,80,850,2027-04-15T14:25,2027-04-16T09:35,desconhecida,https://www.google.com/travel/flights?q=Flights%20to%20MUC%20from%20GIG%20on%202027-04-15%20oneway,f788a825e4c4,
2026-09-06T10:51:26-03:00,google_flights,GRU,AMS,2027-04-15,3433.0,BRL,Air Europa,Air Europa,UX 58 UX 1091,1,MAD 2h00,120,890,2027-04-15T13:50,2027-04-16T09:40,desconhecida,https://www.google.com/travel/flights?q=Flights%20to%20AMS%20from%20GRU%20on%202027-04-15%20oneway,103601d11364,
2026-09-06T10:51:26-03:00,google_flights,GRU,FRA,2027-04-15,3514.0,BRL,Tap Air Portugal,Tap Air Portugal,TP 88 TP 572,1,LIS 3h55,235,1015,2027-04-15T20:45,2027-04-16T18:40,desconhecida,https://www.google.com/travel/flights?q=Flights%20to%20FRA%20from%20GRU%20on%202027-04-15%20oneway,5893f1267440,
2026-09-06T10:51:26-03:00,google_flights,GRU,AMS,2027-04-15,4236.0,BRL,LATAM,LATAM,LA 8078,0,,0,720,2027-04-15T18:00,2027-04-16T11:00,desconhecida,https://www.google.com/travel/flights?q=Flights%20to%20AMS%20from%20GRU%20on%202027-04-15%20oneway,44d3be06be46,
2026-09-06T10:51:26-03:00,google_flights,GRU,AMS,2027-04-15,4759.0,BRL,KLM,KLM,KL 792,0,,0,695,2027-04-15T21:45,2027-04-16T14:20,desconhecida,https://www.google.com/travel/flights?q=Flights%20to%20AMS%20from%20GRU%20on%202027-04-15%20oneway,fded42f851d2,
2026-09-06T10:51:26-03:00,google_flights,GRU,FRA,2027-04-15,4877.0,BRL,LATAM,LATAM,LA 8070,0,,0,705,2027-04-15T23:40,2027-04-16T16:25,desconhecida,https://www.google.com/travel/flights?q=Flights%20to%20FRA%20from%20GRU%20on%202027-04-15%20oneway,dd1ded8f7709,
2026-09-06T10:51:46-03:00,google_flights,GRU,BER,2027-04-18,4388.0,BRL,Iberia,Iberia,IB 272 IB 785,1,MAD 5h15,315,1125,2027-04-18T19:20,2027-04-19T19:05,desconhecida,https://www.google.com/travel/flights?q=Flights%20to%20BER%20from%20GRU%20on%202027-04-18%20oneway,4d691abe81ec,2027-04-25
2026-09-06T10:51:46-03:00,google_flights,GRU,MUC,2027-04-18,4846.0,BRL,Air Europa,Air Europa,UX 58 UX 1515,1,MAD 2h05,125,895,2027-04-18T13:50,2027-04-19T09:45,desconhecida,https://www.google.com/travel/flights?q=Flights%20to%20MUC%20from%20GRU%20on%202027-04-18%20oneway,cac71579581b,2027-04-25
2026-09-06T10:51:46-03:00,google_flights,GRU,FRA,2027-04-18,5722.0,BRL,LATAM,LATAM,LA 8070,0,,0,705,2027-04-18T23:40,2027-04-19T16:25,desconhecida,https://www.google.com/travel/flights?q=Flights%20to%20FRA%20from%20GRU%20on%202027-04-18%20oneway,c63339d92f4a,2027-04-25
2026-09-06T10:51:46-03:00,google_flights,GRU,MUC,2027-04-18,4502.0,BRL,Iberia,Iberia,IB 272 IB 1313,1,MAD 5h45,345,1125,2027-04-18T19:20,2027-04-19T19:05,desconhecida,https://www.google.com/travel/flights?q=Flights%20to%20MUC%20from%20GRU%20on%202027-04-18%20oneway,eeb08cc30abe,2027-04-25
2026-09-06T10:51:46-03:00,google_flights,GRU,FRA,2027-04-18,4557.0,BRL,Iberia,Iberia,IB 272 IB 1333,1,MAD 5h30,330,1120,2027-04-18T19:20,2027-04-19T19:00,desconhecida,https://www.google.com/travel/flights?q=Flights%20to%20FRA%20from%20GRU%20on%202027-04-18%20oneway,2442da66823b,2027-04-25
2026-09-06T10:51:46-03:00,google_flights,GRU,VIE,2027-04-18,4865.0,BRL,Iberia,Iberia,IB 272 IB 795,1,MAD 5h15,315,1120,2027-04-18T19:20,2027-04-19T19:00,desconhecida,https://www.google.com/travel/flights?q=Flights%20to%20VIE%20from%20GRU%20on%202027-04-18%20oneway,30fb1a70e009,2027-04-25
2026-09-06T10:51:46-03:00,google_flights,GRU,AMS,2027-04-18,4893.0,BRL,Iberia,Iberia,IB 272 IB 1343,1,MAD 5h10,310,1095,2027-04-18T19:20,2027-04-19T18:35,desconhecida,https://www.google.com/travel/flights?q=Flights%20to%20AMS%20from%20GRU%20on%202027-04-18%20oneway,dbaf024ea241,2027-04-25
2026-09-06T10:51:46-03:00,google_flights,GRU,AMS,2027-04-18,4996.0,BRL,Air Europa,Air Europa,UX 58 UX 1091,1,MAD 2h00,120,890,2027-04-18T13:50,2027-04-19T09:40,desconhecida,https://www.google.com/travel/flights?q=Flights%20to%20AMS%20from%20GRU%20on%202027-04-18%20oneway,7c2f7b17fa24,2027-04-25
2026-09-06T10:51:46-03:00,google_flights,GIG,VIE,2027-04-18,5335.0,BRL,Iberia,Iberia,IB 270 IB 795,1,MAD 6h05,365,1125,2027-04-18T19:15,2027-04-19T19:00,desconhecida,https://www.google.com/travel/flights?q=Flights%20to%20VIE%20from%20GIG%20on%202027-04-18%20oneway,e4a17db6b530,2027-04-25
2026-09-06T10:51:46-03:00,google_flights,BSB,FRA,2027-04-18,5960.0,BRL,Tap Air Portugal,Tap Air Portugal,TP 58 TP 570,1,LIS 1h40,100,845,2027-04-18T17:25,2027-04-19T12:30,desconhecida,https://www.google.com/travel/flights?q=Flights%20to%20FRA%20from%20BSB%20on%202027-04-18%20oneway,36d723ede46d,2027-04-25
2026-09-06T10:51:46-03:00,google_flights,GRU,AMS,2027-04-18,6182.0,BRL,LATAM,LATAM,LA 8078,0,,0,710,2027-04-18T18:00,2027-04-19T10:50,desconhecida,https://www.google.com/travel/flights?q=Flights%20to%20AMS%20from%20GRU%20on%202027-04-18%20oneway,c905b06bab26,2027-04-25
2026-09-06T10:51:46-03:00,google_flights,GRU,AMS,2027-04-18,6303.0,BRL,KLM,KLM,KL 792,0,,0,695,2027-04-18T21:45,2027-04-19T14:20,desconhecida,https://www.google.com/travel/flights?q=Flights%20to%20AMS%20from%20GRU%20on%202027-04-18%20oneway,12e8ac08b3e9,2027-04-25
2026-09-06T10:51:46-03:00,google_flights,GRU,FRA,2027-04-18,7357.0,BRL,Lufthansa,Lufthansa,LH 507,0,,0,695,2027-04-18T18:10,2027-04-19T10:45,desconhecida,https://www.google.com/travel/flights?q=Flights%20to%20FRA%20from%20GRU%20on%202027-04-18%20oneway,c1f74f26645b,2027-04-25
2026-09-06T15:50:20-03:00,google_flights,GRU,FRA,2027-04-22,3325.0,BRL,Air Europa,Air Europa,UX 58 UX 1503,1,MAD 2h00,120,895,2027-04-22T13:50,2027-04-23T09:45,desconhecida,https://www.google.com/travel/flights?q=Flights%20to%20FRA%20from%20GRU%20on%202027-04-22%20oneway,f1969eb69575,
2026-09-06T15:50:20-03:00,google_flights,BSB,FRA,2027-04-22,3483.0,BRL,Tap Air Portugal,Tap Air Portugal,TP 58 TP 570,1,LIS 2h00,120,860,2027-04-22T17:10,2027-04-23T12:30,desconhecida,https://www.google.com/travel/flights?q=Flights%20to%20FRA%20from%20BSB%20on%202027-04-22%20oneway,09fd94a52530,
2026-09-06T15:50:20-03:00,google_flights,GRU,AMS,2027-04-22,4236.0,BRL,LATAM,LATAM,LA 8078,0,,0,720,2027-04-22T18:00,2027-04-23T11:00,desconhecida,https://www.google.com/travel/flights?q=Flights%20to%20AMS%20from%20GRU%20on%202027-04-22%20oneway,32e37fba96f6,
2026-09-06T15:50:20-03:00,google_flights,GRU,AMS,2027-04-22,2695.0,BRL,United,United,UA 148 UA 70,1,EWR 11h50,710,1755,2027-04-22T21:00,2027-04-24T07:15,desconhecida,https://www.google.com/travel/flights?q=Flights%20to%20AMS%20from%20GRU%20on%202027-04-22%20oneway,0254929b3ccf,
2026-09-06T15:50:20-03:00,google_flights,GRU,AMS,2027-04-22,2695.0,BRL,United,United,UA 860 UA 946,1,IAD 11h05,665,1745,2027-04-22T21:30,2027-04-24T07:35,desconhecida,https://www.google.com/travel/flights?q=Flights%20to%20AMS%20from%20GRU%20on%202027-04-22%20oneway,34e8230fb190,
2026-09-06T15:50:20-03:00,google_flights,GRU,VIE,2027-04-22,2695.0,BRL,United,United|Austrian,UA 844 OS 46,1,ORD 9h35,575,1735,2027-04-22T22:20,2027-04-24T08:15,desconhecida,https://www.google.com/travel/flights?q=Flights%20to%20VIE%20from%20GRU%20on%202027-04-22%20oneway,6b5e221ac497,
2026-09-06T15:50:20-03:00,google_flights,GRU,AMS,2027-04-22,2695.0,BRL,United,United,UA 844 UA 909,1,ORD 11h15,675,1810,2027-04-22T22:20,2027-04-24T09:30,desconhecida,https://www.google.com/travel/flights?q=Flights%20to%20AMS%20from%20GRU%20on%202027-04-22%20oneway,a8336a47ecab,
2026-09-06T15:50:20-03:00,google_flights,GIG,AMS,2027-04-22,2869.0,BRL,United,United,UA 128 UA 20,1,IAH 10h40,640,1875,2027-04-22T21:05,2027-04-24T09:20,desconhecida,https://www.google.com/travel/flights?q=Flights%20to%20AMS%20from%20GIG%20on%202027-04-22%20oneway,03f5dad5ff81,
2026-09-06T15:50:20-03:00,google_flights,GRU,CPH,2027-04-22,2930.0,BRL,United,United|Lufthansa,UA 844 UA 944 LH 826,2,"ORD 8h15, FRA 1h20",80,1795,2027-04-22T22:20,2027-04-24T09:15,desconhecida,https://www.google.com/travel/flights?q=Flights%20to%20CPH%20from%20GRU%20on%202027-04-22%20oneway,3aa2790a61ad,
2026-09-06T15:50:20-03:00,google_flights,BSB,FRA,2027-04-22,3204.0,BRL,Tap Air Portugal,Tap Air Portugal,TP 58 TP 574,1,LIS 11h50,710,1450,2027-04-22T17:10,2027-04-23T22:20,desconhecida,https://www.google.com/travel/flights?q=Flights%20to%20FRA%20from%20BSB%20on%202027-04-22%20oneway,ce93dc6fdaa8,
2026-09-06T15:50:20-03:00,google_flights,GRU,MUC,2027-04-22,3325.0,BRL,Air Europa,Air Europa,UX 58 UX 1515,1,MAD 2h05,125,895,2027-04-22T13:50,2027-04-23T09:45,desconhecida,https://www.google.com/travel/flights?q=Flights%20to%20MUC%20from%20GRU%20on%202027-04-22%20oneway,db7d0116e469,
2026-09-06T15:50:20-03:00,google_flights,GIG,FRA,2027-04-22,3351.0,BRL,Tap Air Portugal,Tap Air Portugal,TP 67 TP 574,1,LIS 5h25,325,1100,2027-04-22T23:00,2027-04-23T22:20,desconhecida,https://www.google.com/travel/flights?q=Flights%20to%20FRA%20from%20GIG%20on%202027-04-22%20oneway,fbceafe70fd3,
2026-09-06T15:50:20-03:00,google_flights,GRU,AMS,2027-04-22,3433.0,BRL,Air Europa,Air Europa,UX 58 UX 1091,1,MAD 2h00,120,890,2027-04-22T13:50,2027-04-23T09:40,desconhecida,https://www.google.com/travel/flights?q=Flights%20to%20AMS%20from%20GRU%20on%202027-04-22%20oneway,9290da6ef6b0,
2026-09-06T15:50:20-03:00,google_flights,GRU,FRA,2027-04-22,3514.0,BRL,Tap Air Portugal,Tap Air Portugal,TP 84 TP 574,1,LIS 3h35,215,995,2027-04-22T00:45,2027-04-22T22:20,desconhecida,https://www.google.com/travel/flights?q=Flights%20to%20FRA%20from%20GRU%20on%202027-04-22%20oneway,4966bd0c910b,
2026-09-06T15:50:20-03:00,google_flights,GRU,FRA,2027-04-22,3514.0,BRL,Tap Air Portugal,Tap Air Portugal,TP 88 TP 572,1,LIS 3h55,235,1015,2027-04-22T20:45,2027-04-23T18:40,desconhecida,https://www.google.com/travel/flights?q=Flights%20to%20FRA%20from%20GRU%20on%202027-04-22%20oneway,574f3b63b9d5,
2026-09-06T15:50:20-03:00,google_flights,GIG,AMS,2027-04-22,3788.0,BRL,Tap Air Portugal,Tap Air Portugal,TP 67 TP 672,1,LIS 1h50,110,880,2027-04-22T23:00,2027-04-23T18:40,desconhecida,https://www.google.com/travel/flights?q=Flights%20to%20AMS%20from%20GIG%20on%202027-04-22%20oneway,10eb1445559d,
2026-09-06T15:50:20-03:00,google_flights,BSB,BER,2027-04-22,3792.0,BRL,Tap Air Portugal,Tap Air Portugal,TP 58 TP 530,1,LIS 1h30,90,850,2027-04-22T17:10,2027-04-23T12:20,desconhecida,https://www.google.com/travel/flights?q=Flights%20to%20BER%20from%20BSB%20on%202027-04-22%20oneway,94330108dea4,
2026-09-06T15:50:20-03:00,google_flights,GRU,AMS,2027-04-22,4759.0,BRL,KLM,KLM,KL 792,0,,0,695,2027-04-22T21:45,2027-04-23T14:20,desconhecida,https://www.google.com/travel/flights?q=Flights%20to%20AMS%20from%20GRU%20on%202027-04-22%20oneway,06b0b0165473,
2026-09-06T15:50:20-03:00,google_flights,GRU,FRA,2027-04-22,4877.0,BRL,LATAM,LATAM,LA 8070,0,,0,705,2027-04-22T23:40,2027-04-23T16:25,desconhecida,https://www.google.com/travel/flights?q=Flights%20to%20FRA%20from%20GRU%20on%202027-04-22%20oneway,12190efa454e,
2026-09-06T23:22:14-03:00,google_flights,GRU,FRA,2027-04-16,3325.0,BRL,Air Europa,Air Europa,UX 58 UX 1503,1,MAD 2h00,120,895,2027-04-16T13:50,2027-04-17T09:45,desconhecida,https://www.google.com/travel/flights?q=Flights%20to%20FRA%20from%20GRU%20on%202027-04-16%20oneway,831a52a03c94,
2026-09-06T23:22:14-03:00,google_flights,BSB,MUC,2027-04-16,3489.0,BRL,Tap Air Portugal,Tap Air Portugal,TP 58 TP 552,1,LIS 1h15,75,810,2027-04-16T18:15,2027-04-17T12:45,desconhecida,https://www.google.com/travel/flights?q=Flights%20to%20MUC%20from%20BSB%20on%202027-04-16%20oneway,01ba35474d69,
2026-09-06T23:22:14-03:00,google_flights,GRU,AMS,2027-04-16,4236.0,BRL,LATAM,LATAM,LA 8078,0,,0,710,2027-04-16T18:00,2027-04-17T10:50,desconhecida,https://www.google.com/travel/flights?q=Flights%20to%20AMS%20from%20GRU%20on%202027-04-16%20oneway,c21f4ab55a5d,
2026-09-06T23:22:14-03:00,google_flights,BSB,FRA,2027-04-16,3210.0,BRL,Tap Air Portugal,Tap Air Portugal,TP 58 TP 574,1,LIS 10h45,645,1385,2027-04-16T18:15,2027-04-17T22:20,desconhecida,https://www.google.com/travel/flights?q=Flights%20to%20FRA%20from%20BSB%20on%202027-04-16%20oneway,7ecaccc5d2bb,
2026-09-06T23:22:14-03:00,google_flights,GRU,MUC,2027-04-16,3325.0,BRL,Air Europa,Air Europa,UX 58 UX 1515,1,MAD 2h05,125,895,2027-04-16T13:50,2027-04-17T09:45,desconhecida,https://www.google.com/travel/flights?q=Flights%20to%20MUC%20from%20GRU%20on%202027-04-16%20oneway,2d2a5d201e53,
2026-09-06T23:22:14-03:00,google_flights,GIG,FRA,2027-04-16,3372.0,BRL,Tap Air Portugal,Tap Air Portugal,TP 72 TP 570,1,LIS 20h25,1225,2000,2027-04-16T22:10,2027-04-18T12:30,desconhecida,https://www.google.com/travel/flights?q=Flights%20to%20FRA%20from%20GIG%20on%202027-04-16%20oneway,99c1c9cd9640,
2026-09-06T23:22:14-03:00,google_flights,BSB,BER,2027-04-16,3423.0,BRL,Tap Air Portugal,Tap Air Portugal,TP 58 TP 532,1,LIS 4h35,275,1035,2027-04-16T18:15,2027-04-17T16:30,desconhecida,https://www.google.com/travel/flights?q=Flights%20to%20BER%20from%20BSB%20on%202027-04-16%20oneway,810284bd19b5,
2026-09-06T23:22:14-03:00,google_flights,GRU,AMS,2027-04-16,3433.0,BRL,Air Europa,Air Europa,UX 58 UX 1091,1,MAD 2h00,120,890,2027-04-16T13:50,2027-04-17T09:40,desconhecida,https://www.google.com/travel/flights?q=Flights%20to%20AMS%20from%20GRU%20on%202027-04-16%20oneway,144b19177258,
2026-09-06T23:22:14-03:00,google_flights,GRU,FRA,2027-04-16,3514.0,BRL,Tap Air Portugal,Tap Air Portugal,TP 84 TP 574,1,LIS 3h35,215,995,2027-04-16T00:45,2027-04-16T22:20,desconhecida,https://www.google.com/travel/flights?q=Flights%20to%20FRA%20from%20GRU%20on%202027-04-16%20oneway,e8d758931521,
2026-09-06T23:22:14-03:00,google_flights,BSB,FRA,2027-04-16,3663.0,BRL,Gol,Gol|Air Europa,G3 1720 UX 84 UX 1509,2,"SSA 22h35, MAD 4h00",240,2390,2027-04-16T21:05,2027-04-18T17:55,desconhecida,https://www.google.com/travel/flights?q=Flights%20to%20FRA%20from%20BSB%20on%202027-04-16%20oneway,faabac07bd55,
2026-09-06T23:22:14-03:00,google_flights,GRU,AMS,2027-04-16,3735.0,BRL,Tap Air Portugal,Tap Air Portugal,TP 88 TP 672,1,LIS 4h00,240,1015,2027-04-16T20:45,2027-04-17T18:40,desconhecida,https://www.google.com/travel/flights?q=Flights%20to%20AMS%20from%20GRU%20on%202027-04-16%20oneway,50cb0d455dbd,
2026-09-06T23:22:14-03:00,google_flights,GRU,AMS,2027-04-16,4759.0,BRL,KLM,KLM,KL 792,0,,0,695,2027-04-16T21:45,2027-04-17T14:20,desconhecida,https://www.google.com/travel/flights?q=Flights%20to%20AMS%20from%20GRU%20on%202027-04-16%20oneway,cd6d849d0be5,
2026-09-06T23:22:14-03:00,google_flights,GRU,FRA,2027-04-16,4877.0,BRL,LATAM,LATAM,LA 8070,0,,0,705,2027-04-16T23:40,2027-04-17T16:25,desconhecida,https://www.google.com/travel/flights?q=Flights%20to%20FRA%20from%20GRU%20on%202027-04-16%20oneway,1f6574a87c9f,
2026-09-06T23:22:19-03:00,google_flights,BSB,FRA,2027-04-17,3204.0,BRL,Tap Air Portugal,Tap Air Portugal,TP 58 TP 570,1,LIS 2h00,120,860,2027-04-17T17:10,2027-04-18T12:30,desconhecida,https://www.google.com/travel/flights?q=Flights%20to%20FRA%20from%20BSB%20on%202027-04-17%20oneway,28f22ccb09f2,
2026-09-06T23:22:19-03:00,google_flights,GRU,MUC,2027-04-17,3325.0,BRL,Air Europa,Air Europa,UX 58 UX 1515,1,MAD 2h05,125,895,2027-04-17T13:50,2027-04-18T09:45,desconhecida,https://www.google.com/travel/flights?q=Flights%20to%20MUC%20from%20GRU%20on%202027-04-17%20oneway,8ba6bf437bb1,
2026-09-06T23:22:19-03:00,google_flights,GRU,AMS,2027-04-17,4236.0,BRL,LATAM,LATAM,LA 8078,0,,0,720,2027-04-17T18:00,2027-04-18T11:00,desconhecida,https://www.google.com/travel/flights?q=Flights%20to%20AMS%20from%20GRU%20on%202027-04-17%20oneway,b579f0c58ff2,
2026-09-06T23:22:19-03:00,google_flights,BSB,FRA,2027-04-17,3189.0,BRL,Tap Air Portugal,Tap Air Portugal,TP 58 TP 574,1,LIS 11h50,710,1450,2027-04-17T17:10,2027-04-18T22:20,desconhecida,https://www.google.com/travel/flights?q=Flights%20to%20FRA%20from%20BSB%20on%202027-04-17%20oneway,5fbdf399ed80,
2026-09-06T23:22:19-03:00,google_flights,GRU,AMS,2027-04-17,3288.0,BRL,Air Canada,Air Canada,AC 97 AC 900,1,YUL 15h20,920,1935,2027-04-17T21:00,2027-04-19T10:15,desconhecida,https://www.google.com/travel/flights?q=Flights%20to%20AMS%20from%20GRU%20on%202027-04-17%20oneway,a2bb9af8d071,
2026-09-06T23:22:19-03:00,google_flights,GRU,FRA,2027-04-17,3325.0,BRL,Air Europa,Air Europa,UX 58 UX 1503,1,MAD 2h00,120,895,2027-04-17T13:50,2027-04-18T09:45,desconhecida,https://www.google.com/travel/flights?q=Flights%20to%20FRA%20from%20GRU%20on%202027-04-17%20oneway,0ec89e82a78d,
2026-09-06T23:22:19-03:00,google_flights,GIG,FRA,2027-04-17,3351.0,BRL,Tap Air Portugal,Tap Air Portugal,TP 67 TP 574,1,LIS 5h25,325,1100,2027-04-17T23:00,2027-04-18T22:20,desconhecida,https://www.google.com/travel/flights?q=Flights%20to%20FRA%20from%20GIG%20on%202027-04-17%20oneway,be52c2706fef,
2026-09-06T23:22:19-03:00,google_flights,GRU,AMS,2027-04-17,3433.0,BRL,Air Europa,Air Europa,UX 58 UX 1091,1,MAD 2h00,120,890,2027-04-17T13:50,2027-04-18T09:40,desconhecida,https://www.google.com/travel/flights?q=Flights%20to%20AMS%20from%20GRU%20on%202027-04-17%20oneway,d388ebf4e88b,
2026-09-06T23:22:19-03:00,google_flights,GIG,FRA,2027-04-17,3635.0,BRL,Tap Air Portugal,Tap Air Portugal,TP 67 TP 572,1,LIS 1h45,105,880,2027-04-17T23:00,2027-04-18T18:40,desconhecida,https://www.google.com/travel/flights?q=Flights%20to%20FRA%20from%20GIG%20on%202027-04-17%20oneway,343f1f9cba20,
2026-09-06T23:22:19-03:00,google_flights,GRU,CPH,2027-04-17,3893.0,BRL,Tap Air Portugal,Tap Air Portugal,TP 82 TP 752,1,LIS 1h50,110,925,2027-04-17T15:30,2027-04-18T11:55,desconhecida,https://www.google.com/travel/flights?q=Flights%20to%20CPH%20from%20GRU%20on%202027-04-17%20oneway,11d6df5bb6af,
2026-09-06T23:22:19-03:00,google_flights,GRU,FRA,2027-04-17,4877.0,BRL,LATAM,LATAM,LA 8070,0,,0,705,2027-04-17T23:40,2027-04-18T16:25,desconhecida,https://www.google.com/travel/flights?q=Flights%20to%20FRA%20from%20GRU%20on%202027-04-17%20oneway,d2d5cd8e567a,
2026-09-06T23:22:23-03:00,google_flights,BSB,FRA,2027-04-18,3173.0,BRL,Tap Air Portugal,Tap Air Portugal,TP 58 TP 570,1,LIS 1h40,100,845,2027-04-18T17:25,2027-04-19T12:30,desconhecida,https://www.google.com/travel/flights?q=Flights%20to%20FRA%20from%20BSB%20on%202027-04-18%20oneway,36d723ede46d,
2026-09-06T23:22:23-03:00,google_flights,GRU,FRA,2027-04-18,3325.0,BRL,Air Europa,Air Europa,UX 58 UX 1503,1,MAD 2h00,120,895,2027-04-18T13:50,2027-04-19T09:45,desconhecida,https://www.google.com/travel/flights?q=Flights%20to%20FRA%20from%20GRU%20on%202027-04-18%20oneway,5acefc48a67a,
2026-09-06T23:22:23-03:00,google_flights,GRU,AMS,2027-04-18,4236.0,BRL,LATAM,LATAM,LA 8078,0,,0,710,2027-04-18T18:00,2027-04-19T10:50,desconhecida,https://www.google.com/travel/flights?q=Flights%20to%20AMS%20from%20GRU%20on%202027-04-18%20oneway,c905b06bab26,
2026-09-06T23:22:23-03:00,google_flights,GRU,AMS,2027-04-18,2838.0,BRL,United,United,UA 860 UA 946,1,IAD 11h05,665,1745,2027-04-18T21:30,2027-04-20T07:35,desconhecida,https://www.google.com/travel/flights?q=Flights%20to%20AMS%20from%20GRU%20on%202027-04-18%20oneway,841de97db4b7,
2026-09-06T23:22:23-03:00,google_flights,BSB,FRA,2027-04-18,3167.0,BRL,Tap Air Portugal,Tap Air Portugal,TP 58 TP 574,1,LIS 11h30,690,1435,2027-04-18T17:25,2027-04-19T22:20,desconhecida,https://www.google.com/travel/flights?q=Flights%20to%20FRA%20from%20BSB%20on%202027-04-18%20oneway,a63b18af3b7d,
2026-09-06T23:22:23-03:00,google_flights,GRU,MUC,2027-04-18,3233.0,BRL,United,United,UA 860 UA 108,1,IAD 11h00,660,1755,2027-04-18T21:30,2027-04-20T07:45,desconhecida,https://www.google.com/travel/flights?q=Flights%20to%20MUC%20from%20GRU%20on%202027-04-18%20oneway,800c3a2c3f97,
2026-09-06T23:22:23-03:00,google_flights,GRU,FRA,2027-04-18,3313.0,BRL,Air Canada,Air Canada,AC 91 AC 840,1,YYZ 9h50,590,1675,2027-04-18T21:35,2027-04-20T06:30,desconhecida,https://www.google.com/travel/flights?q=Flights%20to%20FRA%20from%20GRU%20on%202027-04-18%20oneway,274f85dcccca,
2026-09-06T23:22:23-03:00,google_flights,GRU,MUC,2027-04-18,3325.0,BRL,Air Europa,Air Europa,UX 58 UX 1515,1,MAD 2h05,125,895,2027-04-18T13:50,2027-04-19T09:45,desconhecida,https://www.google.com/travel/flights?q=Flights%20to%20MUC%20from%20GRU%20on%202027-04-18%20oneway,cac71579581b,
2026-09-06T23:22:23-03:00,google_flights,GIG,FRA,2027-04-18,3351.0,BRL,Tap Air Portugal,Tap Air Portugal,TP 72 TP 574,1,LIS 6h15,375,1150,2027-04-18T22:10,2027-04-19T22:20,desconhecida,https://www.google.com/travel/flights?q=Flights%20to%20FRA%20from%20GIG%20on%202027-04-18%20oneway,caae135e5a67,
2026-09-06T23:22:23-03:00,google_flights,GRU,AMS,2027-04-18,3433.0,BRL,Air Europa,Air Europa,UX 58 UX 1091,1,MAD 2h00,120,890,2027-04-18T13:50,2027-04-19T09:40,desconhecida,https://www.google.com/travel/flights?q=Flights%20to%20AMS%20from%20GRU%20on%202027-04-18%20oneway,7c2f7b17fa24,
2026-09-06T23:22:23-03:00,google_flights,GIG,FRA,2027-04-18,3635.0,BRL,Tap Air Portugal,Tap Air Portugal,TP 72 TP 572,1,LIS 2h35,155,930,2027-04-18T22:10,2027-04-19T18:40,desconhecida,https://www.google.com/travel/flights?q=Flights%20to%20FRA%20from%20GIG%20on%202027-04-18%20oneway,df84a8ed448d,
2026-09-06T23:22:23-03:00,google_flights,GRU,BER,2027-04-18,3991.0,BRL,Tap Air Portugal,Tap Air Portugal,TP 82 TP 530,1,LIS 2h20,140,945,2027-04-18T15:30,2027-04-19T12:15,desconhecida,https://www.google.com/travel/flights?q=Flights%20to%20BER%20from%20GRU%20on%202027-04-18%20oneway,cd2981844451,
2026-09-06T23:22:23-03:00,google_flights,GRU,AMS,2027-04-18,4759.0,BRL,KLM,KLM,KL 792,0,,0,695,2027-04-18T21:45,2027-04-19T14:20,desconhecida,https://www.google.com/travel/flights?q=Flights%20to%20AMS%20from%20GRU%20on%202027-04-18%20oneway,12e8ac08b3e9,
2026-09-06T23:22:23-03:00,google_flights,GRU,FRA,2027-04-18,4877.0,BRL,LATAM,LATAM,LA 8070,0,,0,705,2027-04-18T23:40,2027-04-19T16:25,desconhecida,https://www.google.com/travel/flights?q=Flights%20to%20FRA%20from%20GRU%20on%202027-04-18%20oneway,c63339d92f4a,
2026-09-07T13:12:59-03:00,google_flights,GRU,FRA,2027-04-19,3325.0,BRL,Air Europa,Air Europa,UX 58 UX 1503,1,MAD 2h00,120,895,2027-04-19T13:50,2027-04-20T09:45,desconhecida,https://www.google.com/travel/flights?q=Flights%20to%20FRA%20from%20GRU%20on%202027-04-19%20oneway,2ab0796500a9,
2026-09-07T13:12:59-03:00,google_flights,GIG,FRA,2027-04-19,3351.0,BRL,Tap Air Portugal,Tap Air Portugal,TP 72 TP 572,1,LIS 2h35,155,930,2027-04-19T22:10,2027-04-20T18:40,desconhecida,https://www.google.com/travel/flights?q=Flights%20to%20FRA%20from%20GIG%20on%202027-04-19%20oneway,c140b9eebab4,
2026-09-07T13:12:59-03:00,google_flights,GRU,AMS,2027-04-19,4236.0,BRL,LATAM,LATAM,LA 8078,0,,0,720,2027-04-19T18:00,2027-04-20T11:00,desconhecida,https://www.google.com/travel/flights?q=Flights%20to%20AMS%20from%20GRU%20on%202027-04-19%20oneway,94efe5bfbe97,
2026-09-07T13:12:59-03:00,google_flights,GRU,AMS,2027-04-19,2941.0,BRL,United,United,UA 860 UA 946,1,IAD 11h05,665,1745,2027-04-19T21:30,2027-04-21T07:35,desconhecida,https://www.google.com/travel/flights?q=Flights%20to%20AMS%20from%20GRU%20on%202027-04-19%20oneway,f19b816caf5c,
2026-09-07T13:12:59-03:00,google_flights,GRU,FRA,2027-04-19,3288.0,BRL,Air Canada,Air Canada,AC 97 AC 844,1,YUL 10h15,615,1680,2027-04-19T21:00,2027-04-21T06:00,desconhecida,https://www.google.com/travel/flights?q=Flights%20to%20FRA%20from%20GRU%20on%202027-04-19%20oneway,e4b076a57ce7,
2026-09-07T13:12:59-03:00,google_flights,GRU,MUC,2027-04-19,3313.0,BRL,Air Canada,Air Canada,AC 91 AC 836,1,YYZ 11h00,660,1750,2027-04-19T21:35,2027-04-21T07:45,desconhecida,https://www.google.com/travel/flights?q=Flights%20to%20MUC%20from%20GRU%20on%202027-04-19%20oneway,e3af4d0fd4ff,
2026-09-07T13:12:59-03:00,google_flights,GRU,VIE,2027-04-19,3313.0,BRL,Air Canada,Air Canada,AC 91 AC 886,1,YYZ 11h15,675,1785,2027-04-19T21:35,2027-04-21T08:20,desconhecida,https://www.google.com/travel/flights?q=Flights%20to%20VIE%20from%20GRU%20on%202027-04-19%20oneway,793351896b6b,
2026-09-07T13:12:59-03:00,google_flights,GRU,MUC,2027-04-19,3325.0,BRL,Air Europa,Air Europa,UX 58 UX 1515,1,MAD 2h05,125,895,2027-04-19T13:50,2027-04-20T09:45,desconhecida,https://www.google.com/travel/flights?q=Flights%20to%20MUC%20from%20GRU%20on%202027-04-19%20oneway,efa495909ca0,
2026-09-07T13:12:59-03:00,google_flights,GRU,FRA,2027-04-19,3348.0,BRL,ITA,ITA|Lufthansa,AZ 675 LH 231,1,FCO 3h10,190,1005,2027-04-19T14:15,2027-04-20T12:00,desconhecida,https://www.google.com/travel/flights?q=Flights%20to%20FRA%20from%20GRU%20on%202027-04-19%20oneway,18d3bfdf104d,
2026-09-07T13:12:59-03:00,google_flights,GIG,FRA,2027-04-19,3351.0,BRL,Tap Air Portugal,Tap Air Portugal,TP 76 TP 570,1,LIS 3h00,180,955,2027-04-19T15:35,2027-04-20T12:30,desconhecida,https://www.google.com/travel/flights?q=Flights%20to%20FRA%20from%20GIG%20on%202027-04-19%20oneway,a14fd11859c0,
2026-09-07T13:12:59-03:00,google_flights,GRU,AMS,2027-04-19,3433.0,BRL,Air Europa,Air Europa,UX 58 UX 1091,1,MAD 2h00,120,890,2027-04-19T13:50,2027-04-20T09:40,desconhecida,https://www.google.com/travel/flights?q=Flights%20to%20AMS%20from%20GRU%20on%202027-04-19%20oneway,96c8dd0da8c7,
2026-09-07T13:12:59-03:00,google_flights,BSB,MUC,2027-04-19,3489.0,BRL,Tap Air Portugal,Tap Air Portugal,TP 58 TP 556,1,LIS 12h30,750,1505,2027-04-19T17:25,2027-04-20T23:30,desconhecida,https://www.google.com/travel/flights?q=Flights%20to%20MUC%20from%20BSB%20on%202027-04-19%20oneway,47de263beed1,
2026-09-07T13:12:59-03:00,google_flights,BSB,BER,2027-04-19,3492.0,BRL,Tap Air Portugal,Tap Air Portugal,TP 58 TP 532,1,LIS 5h25,325,1085,2027-04-19T17:25,2027-04-20T16:30,desconhecida,https://www.google.com/travel/flights?q=Flights%20to%20BER%20from%20BSB%20on%202027-04-19%20oneway,c06362a3ff0a,
2026-09-07T13:12:59-03:00,google_flights,GRU,FRA,2027-04-19,3514.0,BRL,Tap Air Portugal,Tap Air Portugal,TP 84 TP 574,1,LIS 3h35,215,995,2027-04-19T00:45,2027-04-19T22:20,desconhecida,https://www.google.com/travel/flights?q=Flights%20to%20FRA%20from%20GRU%20on%202027-04-19%20oneway,08c1eb583b55,
2026-09-07T13:12:59-03:00,google_flights,GRU,AMS,2027-04-19,3652.0,BRL,ITA,ITA,AZ 675 AZ 108,1,FCO 1h40,100,945,2027-04-19T14:15,2027-04-20T11:00,desconhecida,https://www.google.com/travel/flights?q=Flights%20to%20AMS%20from%20GRU%20on%202027-04-19%20oneway,84bad96cd72f,
2026-09-07T13:12:59-03:00,google_flights,GRU,AMS,2027-04-19,3652.0,BRL,ITA,ITA,AZ 679 AZ 110,1,FCO 3h35,215,1030,2027-04-19T18:55,2027-04-20T17:05,desconhecida,https://www.google.com/travel/flights?q=Flights%20to%20AMS%20from%20GRU%20on%202027-04-19%20oneway,0a1f7b704f73,
2026-09-07T13:12:59-03:00,google_flights,GRU,FRA,2027-04-19,3772.0,BRL,ITA,ITA,AZ 675 AZ 400,1,FCO 1h55,115,935,2027-04-19T14:15,2027-04-20T10:50,desconhecida,https://www.google.com/travel/flights?q=Flights%20to%20FRA%20from%20GRU%20on%202027-04-19%20oneway,a2a0dd4cc064,
2026-09-07T13:12:59-03:00,google_flights,GRU,FRA,2027-04-19,3772.0,BRL,ITA,ITA|Lufthansa,AZ 679 LH 233,1,FCO 2h20,140,925,2027-04-19T18:55,2027-04-20T15:20,desconhecida,https://www.google.com/travel/flights?q=Flights%20to%20FRA%20from%20GRU%20on%202027-04-19%20oneway,63b9af5b2367,
2026-09-07T13:12:59-03:00,google_flights,GIG,BER,2027-04-19,3786.0,BRL,Tap Air Portugal,Tap Air Portugal,TP 76 TP 530,1,LIS 1h40,100,895,2027-04-19T15:35,2027-04-20T11:30,desconhecida,https://www.google.com/travel/flights?q=Flights%20to%20BER%20from%20GIG%20on%202027-04-19%20oneway,a8dc90ff0e6a,
2026-09-07T13:12:59-03:00,google_flights,GRU,BER,2027-04-19,3991.0,BRL,Tap Air Portugal,Tap Air Portugal,TP 88 TP 532,1,LIS 1h25,85,885,2027-04-19T20:45,2027-04-20T16:30,desconhecida,https://www.google.com/travel/flights?q=Flights%20to%20BER%20from%20GRU%20on%202027-04-19%20oneway,cbb1abe9b2fb,
2026-09-07T13:13:06-03:00,google_flights,BSB,FRA,2027-04-20,3210.0,BRL,Tap Air Portugal,Tap Air Portugal,TP 58 TP 570,1,LIS 1h45,105,845,2027-04-20T17:25,2027-04-21T12:30,desconhecida,https://www.google.com/travel/flights?q=Flights%20to%20FRA%20from%20BSB%20on%202027-04-20%20oneway,d30f00213e1c,
2026-09-07T13:13:06-03:00,google_flights,GRU,FRA,2027-04-20,3325.0,BRL,Air Europa,Air Europa,UX 58 UX 1503,1,MAD 2h00,120,895,2027-04-20T13:50,2027-04-21T09:45,desconhecida,https://www.google.com/travel/flights?q=Flights%20to%20FRA%20from%20GRU%20on%202027-04-20%20oneway,71f776be3cfe,
2026-09-07T13:13:06-03:00,google_flights,GRU,FRA,2027-04-20,3348.0,BRL,ITA,ITA,AZ 679 AZ 404,1,FCO 4h35,275,1065,2027-04-20T18:55,2027-04-21T17:40,desconhecida,https://www.google.com/travel/flights?q=Flights%20to%20FRA%20from%20GRU%20on%202027-04-20%20oneway,ea92c851ebaa,
2026-09-07T13:13:06-03:00,google_flights,GRU,AMS,2027-04-20,2695.0,BRL,United,United,UA 860 UA 946,1,IAD 11h05,665,1745,2027-04-20T21:30,2027-04-22T07:35,desconhecida,https://www.google.com/travel/flights?q=Flights%20to%20AMS%20from%20GRU%20on%202027-04-20%20oneway,9cc8aafdde03,
2026-09-07T13:13:06-03:00,google_flights,GRU,FRA,2027-04-20,3313.0,BRL,Air Canada,Air Canada,AC 91 AC 840,1,YYZ 9h50,590,1675,2027-04-20T21:35,2027-04-22T06:30,desconhecida,https://www.google.com/travel/flights?q=Flights%20to%20FRA%20from%20GRU%20on%202027-04-20%20oneway,de7ab73a6bfc,
2026-09-07T13:13:06-03:00,google_flights,GRU,MUC,2027-04-20,3313.0,BRL,Air Canada,Air Canada,AC 91 AC 836,1,YYZ 11h00,660,1750,2027-04-20T21:35,2027-04-22T07:45,desconhecida,https://www.google.com/travel/flights?q=Flights%20to%20MUC%20from%20GRU%20on%202027-04-20%20oneway,56524f9cb670,
2026-09-07T13:13:06-03:00,google_flights,GRU,VIE,2027-04-20,3313.0,BRL,Air Canada,Air Canada,AC 91 AC 886,1,YYZ 11h15,675,1785,2027-04-20T21:35,2027-04-22T08:20,desconhecida,https://www.google.com/travel/flights?q=Flights%20to%20VIE%20from%20GRU%20on%202027-04-20%20oneway,9137defb1cf1,
2026-09-07T13:13:06-03:00,google_flights,GRU,MUC,2027-04-20,3325.0,BRL,Air Europa,Air Europa,UX 58 UX 1515,1,MAD 2h05,125,895,2027-04-20T13:50,2027-04-21T09:45,desconhecida,https://www.google.com/travel/flights?q=Flights%20to%20MUC%20from%20GRU%20on%202027-04-20%20oneway,ebb631af85ff,
2026-09-07T13:13:06-03:00,google_flights,GIG,AMS,2027-04-20,3339.0,BRL,Avianca,Avianca|Air Canada,AV 198 AC 99 AC 900,2,"BOG 3h00, YUL 5h10",180,1660,2027-04-20T01:35,2027-04-21T10:15,desconhecida,https://www.google.com/travel/flights?q=Flights%20to%20AMS%20from%20GIG%20on%202027-04-20%20oneway,fc4a5293a832,
2026-09-07T13:13:06-03:00,google_flights,GRU,AMS,2027-04-20,3433.0,BRL,Air Europa,Air Europa,UX 58 UX 1091,1,MAD 2h00,120,890,2027-04-20T13:50,2027-04-21T09:40,desconhecida,https://www.google.com/travel/flights?q=Flights%20to%20AMS%20from%20GRU%20on%202027-04-20%20oneway,449c11bd5a36,
2026-09-07T13:13:06-03:00,google_flights,GIG,MUC,2027-04-20,3498.0,BRL,Tap Air Portugal,Tap Air Portugal,TP 67 TP 554,1,LIS 2h10,130,900,2027-04-20T23:00,2027-04-21T19:00,desconhecida,https://www.google.com/travel/flights?q=Flights%20to%20MUC%20from%20GIG%20on%202027-04-20%20oneway,81f89426a9f0,
2026-09-07T13:13:06-03:00,google_flights,GRU,FRA,2027-04-20,3514.0,BRL,Tap Air Portugal,Tap Air Portugal,TP 84 TP 574,1,LIS 3h35,215,995,2027-04-20T00:45,2027-04-20T22:20,desconhecida,https://www.google.com/travel/flights?q=Flights%20to%20FRA%20from%20GRU%20on%202027-04-20%20oneway,112b1fbbe5d4,
2026-09-07T13:13:06-03:00,google_flights,GRU,FRA,2027-04-20,3514.0,BRL,Tap Air Portugal,Tap Air Portugal,TP 88 TP 572,1,LIS 3h55,235,1015,2027-04-20T20:45,2027-04-21T18:40,desconhecida,https://www.google.com/travel/flights?q=Flights%20to%20FRA%20from%20GRU%20on%202027-04-20%20oneway,24da5937474d,
2026-09-07T13:13:06-03:00,google_flights,GRU,AMS,2027-04-20,3652.0,BRL,ITA,ITA,AZ 679 AZ 110,1,FCO 3h35,215,1030,2027-04-20T18:55,2027-04-21T17:05,desconhecida,https://www.google.com/travel/flights?q=Flights%20to%20AMS%20from%20GRU%20on%202027-04-20%20oneway,954c9331a37b,
2026-09-07T13:13:06-03:00,google_flights,GRU,FRA,2027-04-20,3777.0,BRL,ITA,ITA|Lufthansa,AZ 679 LH 233,1,FCO 2h20,140,925,2027-04-20T18:55,2027-04-21T15:20,desconhecida,https://www.google.com/travel/flights?q=Flights%20to%20FRA%20from%20GRU%20on%202027-04-20%20oneway,d926cc0c4982,
2026-09-07T13:13:06-03:00,google_flights,GRU,BER,2027-04-20,3991.0,BRL,Tap Air Portugal,Tap Air Portugal,TP 88 TP 532,1,LIS 1h25,85,885,2027-04-20T20:45,2027-04-21T16:30,desconhecida,https://www.google.com/travel/flights?q=Flights%20to%20BER%20from%20GRU%20on%202027-04-20%20oneway,f2d3e3ddad41,
2026-09-07T13:13:06-03:00,google_flights,GRU,AMS,2027-04-20,4236.0,BRL,LATAM,LATAM,LA 8078,0,,0,720,2027-04-20T18:00,2027-04-21T11:00,desconhecida,https://www.google.com/travel/flights?q=Flights%20to%20AMS%20from%20GRU%20on%202027-04-20%20oneway,bacceefb2718,
2026-09-07T13:13:06-03:00,google_flights,GRU,AMS,2027-04-20,4748.0,BRL,KLM,KLM,KL 792,0,,0,695,2027-04-20T21:45,2027-04-21T14:20,desconhecida,https://www.google.com/travel/flights?q=Flights%20to%20AMS%20from%20GRU%20on%202027-04-20%20oneway,0a6fe5cc738f,
2026-09-07T13:13:06-03:00,google_flights,GRU,FRA,2027-04-20,4877.0,BRL,LATAM,LATAM,LA 8070,0,,0,705,2027-04-20T23:40,2027-04-21T16:25,desconhecida,https://www.google.com/travel/flights?q=Flights%20to%20FRA%20from%20GRU%20on%202027-04-20%20oneway,6bfbc5e70c16,
2026-09-07T13:13:11-03:00,google_flights,GRU,FRA,2027-04-21,3325.0,BRL,Air Europa,Air Europa,UX 58 UX 1503,1,MAD 2h00,120,895,2027-04-21T13:50,2027-04-22T09:45,desconhecida,https://www.google.com/travel/flights?q=Flights%20to%20FRA%20from%20GRU%20on%202027-04-21%20oneway,22814f2ca842,
2026-09-07T13:13:11-03:00,google_flights,GRU,FRA,2027-04-21,3348.0,BRL,ITA,ITA|Lufthansa,AZ 679 LH 235,1,FCO 3h25,205,1020,2027-04-21T18:55,2027-04-22T16:55,desconhecida,https://www.google.com/travel/flights?q=Flights%20to%20FRA%20from%20GRU%20on%202027-04-21%20oneway,6d65d6a5eaaf,
2026-09-07T13:13:11-03:00,google_flights,GRU,FRA,2027-04-21,3514.0,BRL,Tap Air Portugal,Tap Air Portugal,TP 82 TP 570,1,LIS 2h55,175,960,2027-04-21T15:30,2027-04-22T12:30,desconhecida,https://www.google.com/travel/flights?q=Flights%20to%20FRA%20from%20GRU%20on%202027-04-21%20oneway,0bac21ee23e8,
2026-09-07T13:13:11-03:00,google_flights,GRU,AMS,2027-04-21,2695.0,BRL,United,United,UA 844 UA 909,1,ORD 11h15,675,1810,2027-04-21T22:20,2027-04-23T09:30,desconhecida,https://www.google.com/travel/flights?q=Flights%20to%20AMS%20from%20GRU%20on%202027-04-21%20oneway,83fd411b0929,
2026-09-07T13:13:11-03:00,google_flights,GRU,CPH,2027-04-21,2930.0,BRL,United,United|Lufthansa,UA 844 UA 944 LH 826,2,"ORD 8h15, FRA 1h20",80,1795,2027-04-21T22:20,2027-04-23T09:15,desconhecida,https://www.google.com/travel/flights?q=Flights%20to%20CPH%20from%20GRU%20on%202027-04-21%20oneway,5173dcc928e7,
2026-09-07T13:13:11-03:00,google_flights,GIG,AMS,2027-04-21,3115.0,BRL,United,United,UA 128 UA 20,1,IAH 10h40,640,1875,2027-04-21T21:05,2027-04-23T09:20,desconhecida,https://www.google.com/travel/flights?q=Flights%20to%20AMS%20from%20GIG%20on%202027-04-21%20oneway,c3814dc77742,
2026-09-07T13:13:11-03:00,google_flights,BSB,FRA,2027-04-21,3210.0,BRL,Tap Air Portugal,Tap Air Portugal,TP 58 TP 572,1,LIS 7h05,425,1165,2027-04-21T18:15,2027-04-22T18:40,desconhecida,https://www.google.com/travel/flights?q=Flights%20to%20FRA%20from%20BSB%20on%202027-04-21%20oneway,1f8045e5e961,
2026-09-07T13:13:11-03:00,google_flights,GRU,FRA,2027-04-21,3288.0,BRL,Air Canada,Air Canada,AC 97 AC 844,1,YUL 10h15,615,1680,2027-04-21T21:00,2027-04-23T06:00,desconhecida,https://www.google.com/travel/flights?q=Flights%20to%20FRA%20from%20GRU%20on%202027-04-21%20oneway,a1f9159ae59d,
2026-09-07T13:13:11-03:00,google_flights,GRU,MUC,2027-04-21,3325.0,BRL,Air Europa,Air Europa,UX 58 UX 1515,1,MAD 2h05,125,895,2027-04-21T13:50,2027-04-22T09:45,desconhecida,https://www.google.com/travel/flights?q=Flights%20to%20MUC%20from%20GRU%20on%202027-04-21%20oneway,304e39efe077,
2026-09-07T13:13:11-03:00,google_flights,GRU,AMS,2027-04-21,3433.0,BRL,Air Europa,Air Europa,UX 58 UX 1091,1,MAD 2h00,120,890,2027-04-21T13:50,2027-04-22T09:40,desconhecida,https://www.google.com/travel/flights?q=Flights%20to%20AMS%20from%20GRU%20on%202027-04-21%20oneway,9c22a2dad831,
2026-09-07T13:13:11-03:00,google_flights,BSB,BER,2027-04-21,3450.0,BRL,Tap Air Portugal,Tap Air Portugal,TP 58 TP 532,1,LIS 4h35,275,1035,2027-04-21T18:15,2027-04-22T16:30,desconhecida,https://www.google.com/travel/flights?q=Flights%20to%20BER%20from%20BSB%20on%202027-04-21%20oneway,7edb5ed8cef7,
2026-09-07T13:13:11-03:00,google_flights,BSB,MUC,2027-04-21,3489.0,BRL,Tap Air Portugal,Tap Air Portugal,TP 58 TP 552,1,LIS 1h15,75,810,2027-04-21T18:15,2027-04-22T12:45,desconhecida,https://www.google.com/travel/flights?q=Flights%20to%20MUC%20from%20BSB%20on%202027-04-21%20oneway,ba1615826e8b,
2026-09-07T13:13:11-03:00,google_flights,GRU,FRA,2027-04-21,3514.0,BRL,Tap Air Portugal,Tap Air Portugal,TP 88 TP 572,1,LIS 3h55,235,1015,2027-04-21T20:45,2027-04-22T18:40,desconhecida,https://www.google.com/travel/flights?q=Flights%20to%20FRA%20from%20GRU%20on%202027-04-21%20oneway,4d7949f7e1b5,
2026-09-07T13:13:11-03:00,google_flights,GRU,AMS,2027-04-21,3652.0,BRL,ITA,ITA,AZ 679 AZ 110,1,FCO 3h05,185,1030,2027-04-21T18:55,2027-04-22T17:05,desconhecida,https://www.google.com/travel/flights?q=Flights%20to%20AMS%20from%20GRU%20on%202027-04-21%20oneway,4366d35f82e3,
2026-09-07T13:13:11-03:00,google_flights,GIG,VIE,2027-04-21,3677.0,BRL,Tap Air Portugal,Tap Air Portugal,TP 72 TP 1272,1,LIS 2h00,120,915,2027-04-21T22:10,2027-04-22T18:25,desconhecida,https://www.google.com/travel/flights?q=Flights%20to%20VIE%20from%20GIG%20on%202027-04-21%20oneway,1f1cef33f9a7,
2026-09-07T13:13:11-03:00,google_flights,GRU,FRA,2027-04-21,3777.0,BRL,ITA,ITA,AZ 675 AZ 400,1,FCO 1h55,115,935,2027-04-21T14:15,2027-04-22T10:50,desconhecida,https://www.google.com/travel/flights?q=Flights%20to%20FRA%20from%20GRU%20on%202027-04-21%20oneway,d7528030710f,
2026-09-07T13:13:11-03:00,google_flights,GIG,BER,2027-04-21,3786.0,BRL,Tap Air Portugal,Tap Air Portugal,TP 76 TP 530,1,LIS 1h40,100,895,2027-04-21T15:35,2027-04-22T11:30,desconhecida,https://www.google.com/travel/flights?q=Flights%20to%20BER%20from%20GIG%20on%202027-04-21%20oneway,936221ecd6a3,
2026-09-07T13:13:11-03:00,google_flights,GRU,BER,2027-04-21,3991.0,BRL,Tap Air Portugal,Tap Air Portugal,TP 88 TP 532,1,LIS 1h25,85,885,2027-04-21T20:45,2027-04-22T16:30,desconhecida,https://www.google.com/travel/flights?q=Flights%20to%20BER%20from%20GRU%20on%202027-04-21%20oneway,80de513e57af,
2026-09-07T13:13:11-03:00,google_flights,GRU,AMS,2027-04-21,4748.0,BRL,KLM,KLM,KL 792,0,,0,695,2027-04-21T21:45,2027-04-22T14:20,desconhecida,https://www.google.com/travel/flights?q=Flights%20to%20AMS%20from%20GRU%20on%202027-04-21%20oneway,e2a05f53c049,
2026-09-07T13:13:11-03:00,google_flights,GRU,FRA,2027-04-21,4877.0,BRL,LATAM,LATAM,LA 8070,0,,0,705,2027-04-21T23:40,2027-04-22T16:25,desconhecida,https://www.google.com/travel/flights?q=Flights%20to%20FRA%20from%20GRU%20on%202027-04-21%20oneway,1c9061aeb993,
2026-09-07T13:13:18-03:00,google_flights,GRU,FRA,2027-04-22,3325.0,BRL,Air Europa,Air Europa,UX 58 UX 1503,1,MAD 2h00,120,895,2027-04-22T13:50,2027-04-23T09:45,desconhecida,https://www.google.com/travel/flights?q=Flights%20to%20FRA%20from%20GRU%20on%202027-04-22%20oneway,f1969eb69575,
2026-09-07T13:13:18-03:00,google_flights,GRU,FRA,2027-04-22,3514.0,BRL,Tap Air Portugal,Tap Air Portugal,TP 88 TP 572,1,LIS 3h55,235,1015,2027-04-22T20:45,2027-04-23T18:40,desconhecida,https://www.google.com/travel/flights?q=Flights%20to%20FRA%20from%20GRU%20on%202027-04-22%20oneway,574f3b63b9d5,
2026-09-07T13:13:18-03:00,google_flights,GRU,AMS,2027-04-22,4236.0,BRL,LATAM,LATAM,LA 8078,0,,0,720,2027-04-22T18:00,2027-04-23T11:00,desconhecida,https://www.google.com/travel/flights?q=Flights%20to%20AMS%20from%20GRU%20on%202027-04-22%20oneway,32e37fba96f6,
2026-09-07T13:13:18-03:00,google_flights,GRU,AMS,2027-04-22,2695.0,BRL,United,United,UA 148 UA 70,1,EWR 11h50,710,1755,2027-04-22T21:00,2027-04-24T07:15,desconhecida,https://www.google.com/travel/flights?q=Flights%20to%20AMS%20from%20GRU%20on%202027-04-22%20oneway,0254929b3ccf,
2026-09-07T13:13:18-03:00,google_flights,GRU,AMS,2027-04-22,2695.0,BRL,United,United,UA 860 UA 946,1,IAD 11h05,665,1745,2027-04-22T21:30,2027-04-24T07:35,desconhecida,https://www.google.com/travel/flights?q=Flights%20to%20AMS%20from%20GRU%20on%202027-04-22%20oneway,34e8230fb190,
2026-09-07T13:13:18-03:00,google_flights,GRU,VIE,2027-04-22,2695.0,BRL,United,United|Austrian,UA 844 OS 46,1,ORD 9h35,575,1735,2027-04-22T22:20,2027-04-24T08:15,desconhecida,https://www.google.com/travel/flights?q=Flights%20to%20VIE%20from%20GRU%20on%202027-04-22%20oneway,6b5e221ac497,
2026-09-07T13:13:18-03:00,google_flights,GRU,AMS,2027-04-22,2695.0,BRL,United,United,UA 844 UA 909,1,ORD 11h15,675,1810,2027-04-22T22:20,2027-04-24T09:30,desconhecida,https://www.google.com/travel/flights?q=Flights%20to%20AMS%20from%20GRU%20on%202027-04-22%20oneway,a8336a47ecab,
2026-09-07T13:13:18-03:00,google_flights,GIG,AMS,2027-04-22,2869.0,BRL,United,United,UA 128 UA 20,1,IAH 10h40,640,1875,2027-04-22T21:05,2027-04-24T09:20,desconhecida,https://www.google.com/travel/flights?q=Flights%20to%20AMS%20from%20GIG%20on%202027-04-22%20oneway,03f5dad5ff81,
2026-09-07T13:13:18-03:00,google_flights,GRU,CPH,2027-04-22,2930.0,BRL,United,United|Lufthansa,UA 844 UA 944 LH 826,2,"ORD 8h15, FRA 1h20",80,1795,2027-04-22T22:20,2027-04-24T09:15,desconhecida,https://www.google.com/travel/flights?q=Flights%20to%20CPH%20from%20GRU%20on%202027-04-22%20oneway,3aa2790a61ad,
2026-09-07T13:13:18-03:00,google_flights,BSB,FRA,2027-04-22,3204.0,BRL,Tap Air Portugal,Tap Air Portugal,TP 58 TP 574,1,LIS 11h50,710,1450,2027-04-22T17:10,2027-04-23T22:20,desconhecida,https://www.google.com/travel/flights?q=Flights%20to%20FRA%20from%20BSB%20on%202027-04-22%20oneway,ce93dc6fdaa8,
2026-09-07T13:13:18-03:00,google_flights,GRU,MUC,2027-04-22,3325.0,BRL,Air Europa,Air Europa,UX 58 UX 1515,1,MAD 2h05,125,895,2027-04-22T13:50,2027-04-23T09:45,desconhecida,https://www.google.com/travel/flights?q=Flights%20to%20MUC%20from%20GRU%20on%202027-04-22%20oneway,db7d0116e469,
2026-09-07T13:13:18-03:00,google_flights,GIG,FRA,2027-04-22,3351.0,BRL,Tap Air Portugal,Tap Air Portugal,TP 67 TP 574,1,LIS 5h25,325,1100,2027-04-22T23:00,2027-04-23T22:20,desconhecida,https://www.google.com/travel/flights?q=Flights%20to%20FRA%20from%20GIG%20on%202027-04-22%20oneway,fbceafe70fd3,
2026-09-07T13:13:18-03:00,google_flights,GIG,FRA,2027-04-22,3426.0,BRL,ITA,ITA,AZ 673 AZ 400,1,FCO 2h05,125,925,2027-04-22T14:25,2027-04-23T10:50,desconhecida,https://www.google.com/travel/flights?q=Flights%20to%20FRA%20from%20GIG%20on%202027-04-22%20oneway,7a0eae9b7f9d,
2026-09-07T13:13:18-03:00,google_flights,GRU,AMS,2027-04-22,3433.0,BRL,Air Europa,Air Europa,UX 58 UX 1091,1,MAD 2h00,120,890,2027-04-22T13:50,2027-04-23T09:40,desconhecida,https://www.google.com/travel/flights?q=Flights%20to%20AMS%20from%20GRU%20on%202027-04-22%20oneway,9290da6ef6b0,
2026-09-07T13:13:18-03:00,google_flights,BSB,FRA,2027-04-22,3483.0,BRL,Tap Air Portugal,Tap Air Portugal,TP 58 TP 570,1,LIS 2h00,120,860,2027-04-22T17:10,2027-04-23T12:30,desconhecida,https://www.google.com/travel/flights?q=Flights%20to%20FRA%20from%20BSB%20on%202027-04-22%20oneway,09fd94a52530,
2026-09-07T13:13:18-03:00,google_flights,GRU,FRA,2027-04-22,3514.0,BRL,Tap Air Portugal,Tap Air Portugal,TP 84 TP 574,1,LIS 3h35,215,995,2027-04-22T00:45,2027-04-22T22:20,desconhecida,https://www.google.com/travel/flights?q=Flights%20to%20FRA%20from%20GRU%20on%202027-04-22%20oneway,4966bd0c910b,
2026-09-07T13:13:18-03:00,google_flights,GIG,AMS,2027-04-22,3788.0,BRL,Tap Air Portugal,Tap Air Portugal,TP 67 TP 672,1,LIS 1h50,110,880,2027-04-22T23:00,2027-04-23T18:40,desconhecida,https://www.google.com/travel/flights?q=Flights%20to%20AMS%20from%20GIG%20on%202027-04-22%20oneway,10eb1445559d,
2026-09-07T13:13:18-03:00,google_flights,BSB,BER,2027-04-22,3792.0,BRL,Tap Air Portugal,Tap Air Portugal,TP 58 TP 530,1,LIS 1h30,90,850,2027-04-22T17:10,2027-04-23T12:20,desconhecida,https://www.google.com/travel/flights?q=Flights%20to%20BER%20from%20BSB%20on%202027-04-22%20oneway,94330108dea4,
2026-09-07T13:13:18-03:00,google_flights,GRU,AMS,2027-04-22,4748.0,BRL,KLM,KLM,KL 792,0,,0,695,2027-04-22T21:45,2027-04-23T14:20,desconhecida,https://www.google.com/travel/flights?q=Flights%20to%20AMS%20from%20GRU%20on%202027-04-22%20oneway,06b0b0165473,
2026-09-07T13:13:18-03:00,google_flights,GRU,FRA,2027-04-22,4877.0,BRL,LATAM,LATAM,LA 8070,0,,0,705,2027-04-22T23:40,2027-04-23T16:25,desconhecida,https://www.google.com/travel/flights?q=Flights%20to%20FRA%20from%20GRU%20on%202027-04-22%20oneway,12190efa454e,
2026-09-07T13:13:27-03:00,google_flights,GRU,MUC,2027-04-18,4846.0,BRL,Air Europa,Air Europa,UX 58 UX 1515,1,MAD 2h05,125,895,2027-04-18T13:50,2027-04-19T09:45,desconhecida,https://www.google.com/travel/flights?q=Flights%20to%20MUC%20from%20GRU%20on%202027-04-18%20oneway,cac71579581b,2027-04-25
2026-09-07T13:13:27-03:00,google_flights,GRU,FRA,2027-04-18,5722.0,BRL,LATAM,LATAM,LA 8070,0,,0,705,2027-04-18T23:40,2027-04-19T16:25,desconhecida,https://www.google.com/travel/flights?q=Flights%20to%20FRA%20from%20GRU%20on%202027-04-18%20oneway,c63339d92f4a,2027-04-25
2026-09-07T13:13:27-03:00,google_flights,GRU,AMS,2027-04-18,6386.0,BRL,KLM,KLM,KL 792,0,,0,695,2027-04-18T21:45,2027-04-19T14:20,desconhecida,https://www.google.com/travel/flights?q=Flights%20to%20AMS%20from%20GRU%20on%202027-04-18%20oneway,12e8ac08b3e9,2027-04-25
2026-09-07T13:13:27-03:00,google_flights,GRU,AMS,2027-04-18,4996.0,BRL,Air Europa,Air Europa,UX 58 UX 1091,1,MAD 2h00,120,890,2027-04-18T13:50,2027-04-19T09:40,desconhecida,https://www.google.com/travel/flights?q=Flights%20to%20AMS%20from%20GRU%20on%202027-04-18%20oneway,7c2f7b17fa24,2027-04-25
2026-09-07T13:13:27-03:00,google_flights,GRU,AMS,2027-04-18,5017.0,BRL,Air Canada,Air Canada,AC 91 AC 410 AC 900,2,"YYZ 5h15, YUL 8h09",315,1900,2027-04-18T21:35,2027-04-20T10:15,desconhecida,https://www.google.com/travel/flights?q=Flights%20to%20AMS%20from%20GRU%20on%202027-04-18%20oneway,fc93386d68a8,2027-04-25
2026-09-07T13:13:27-03:00,google_flights,GRU,AMS,2027-04-18,5017.0,BRL,Air Canada,Air Canada,AC 91 AC 406 AC 900,2,"YYZ 3h15, YUL 10h09",195,1900,2027-04-18T21:35,2027-04-20T10:15,desconhecida,https://www.google.com/travel/flights?q=Flights%20to%20AMS%20from%20GRU%20on%202027-04-18%20oneway,1c8047971fd1,2027-04-25
2026-09-07T13:13:27-03:00,google_flights,GRU,VIE,2027-04-18,5069.0,BRL,Iberia,Iberia,IB 272 IB 797,1,MAD 9h10,550,1355,2027-04-18T19:20,2027-04-19T22:55,desconhecida,https://www.google.com/travel/flights?q=Flights%20to%20VIE%20from%20GRU%20on%202027-04-18%20oneway,46a601b083aa,2027-04-25
2026-09-07T13:13:27-03:00,google_flights,GRU,VIE,2027-04-18,5326.0,BRL,Iberia,Iberia,IB 272 IB 795,1,MAD 5h15,315,1120,2027-04-18T19:20,2027-04-19T19:00,desconhecida,https://www.google.com/travel/flights?q=Flights%20to%20VIE%20from%20GRU%20on%202027-04-18%20oneway,30fb1a70e009,2027-04-25
2026-09-07T13:13:27-03:00,google_flights,GIG,VIE,2027-04-18,5476.0,BRL,Iberia,Iberia,IB 270 IB 797,1,MAD 10h00,600,1360,2027-04-18T19:15,2027-04-19T22:55,desconhecida,https://www.google.com/travel/flights?q=Flights%20to%20VIE%20from%20GIG%20on%202027-04-18%20oneway,0f10dfe7d2c3,2027-04-25
2026-09-07T13:13:27-03:00,google_flights,GIG,FRA,2027-04-18,5635.0,BRL,LATAM,LATAM,LA 3875 LA 8070,1,GRU 2h55,175,950,2027-04-18T19:35,2027-04-19T16:25,desconhecida,https://www.google.com/travel/flights?q=Flights%20to%20FRA%20from%20GIG%20on%202027-04-18%20oneway,2ca4278e43d5,2027-04-25
2026-09-07T13:13:27-03:00,google_flights,BSB,MUC,2027-04-18,5941.0,BRL,Gol,Gol|Air Europa,G3 1718 UX 84 UX 1517,2,"SSA 6h15, MAD 2h50",170,1330,2027-04-18T14:35,2027-04-19T17:45,desconhecida,https://www.google.com/travel/flights?q=Flights%20to%20MUC%20from%20BSB%20on%202027-04-18%20oneway,5e68d789272b,2027-04-25
2026-09-07T13:13:27-03:00,google_flights,GRU,AMS,2027-04-18,6182.0,BRL,LATAM,LATAM,LA 8078,0,,0,710,2027-04-18T18:00,2027-04-19T10:50,desconhecida,https://www.google.com/travel/flights?q=Flights%20to%20AMS%20from%20GRU%20on%202027-04-18%20oneway,c905b06bab26,2027-04-25
2026-09-07T13:13:27-03:00,google_flights,GRU,FRA,2027-04-18,7357.0,BRL,Lufthansa,Lufthansa,LH 507,0,,0,695,2027-04-18T18:10,2027-04-19T10:45,desconhecida,https://www.google.com/travel/flights?q=Flights%20to%20FRA%20from%20GRU%20on%202027-04-18%20oneway,c1f74f26645b,2027-04-25
2026-09-07T17:21:14-03:00,google_flights,GRU,FRA,2027-04-22,3325.0,BRL,Air Europa,Air Europa,UX 58 UX 1503,1,MAD 2h00,120,895,2027-04-22T13:50,2027-04-23T09:45,desconhecida,https://www.google.com/travel/flights?q=Flights%20to%20FRA%20from%20GRU%20on%202027-04-22%20oneway,f1969eb69575,
2026-09-07T17:21:14-03:00,google_flights,GRU,FRA,2027-04-22,3514.0,BRL,Tap Air Portugal,Tap Air Portugal,TP 88 TP 572,1,LIS 3h55,235,1015,2027-04-22T20:45,2027-04-23T18:40,desconhecida,https://www.google.com/travel/flights?q=Flights%20to%20FRA%20from%20GRU%20on%202027-04-22%20oneway,574f3b63b9d5,
2026-09-07T17:21:14-03:00,google_flights,GRU,AMS,2027-04-22,4236.0,BRL,LATAM,LATAM,LA 8078,0,,0,720,2027-04-22T18:00,2027-04-23T11:00,desconhecida,https://www.google.com/travel/flights?q=Flights%20to%20AMS%20from%20GRU%20on%202027-04-22%20oneway,32e37fba96f6,
2026-09-07T17:21:14-03:00,google_flights,GRU,AMS,2027-04-22,2695.0,BRL,United,United,UA 148 UA 70,1,EWR 11h50,710,1755,2027-04-22T21:00,2027-04-24T07:15,desconhecida,https://www.google.com/travel/flights?q=Flights%20to%20AMS%20from%20GRU%20on%202027-04-22%20oneway,0254929b3ccf,
2026-09-07T17:21:14-03:00,google_flights,GRU,AMS,2027-04-22,2695.0,BRL,United,United,UA 860 UA 946,1,IAD 11h05,665,1745,2027-04-22T21:30,2027-04-24T07:35,desconhecida,https://www.google.com/travel/flights?q=Flights%20to%20AMS%20from%20GRU%20on%202027-04-22%20oneway,34e8230fb190,
2026-09-07T17:21:14-03:00,google_flights,GRU,VIE,2027-04-22,2695.0,BRL,United,United|Austrian,UA 844 OS 46,1,ORD 9h35,575,1735,2027-04-22T22:20,2027-04-24T08:15,desconhecida,https://www.google.com/travel/flights?q=Flights%20to%20VIE%20from%20GRU%20on%202027-04-22%20oneway,6b5e221ac497,
2026-09-07T17:21:14-03:00,google_flights,GRU,AMS,2027-04-22,2695.0,BRL,United,United,UA 844 UA 909,1,ORD 11h15,675,1810,2027-04-22T22:20,2027-04-24T09:30,desconhecida,https://www.google.com/travel/flights?q=Flights%20to%20AMS%20from%20GRU%20on%202027-04-22%20oneway,a8336a47ecab,
2026-09-07T17:21:14-03:00,google_flights,GIG,AMS,2027-04-22,2869.0,BRL,United,United,UA 128 UA 20,1,IAH 10h40,640,1875,2027-04-22T21:05,2027-04-24T09:20,desconhecida,https://www.google.com/travel/flights?q=Flights%20to%20AMS%20from%20GIG%20on%202027-04-22%20oneway,03f5dad5ff81,
2026-09-07T17:21:14-03:00,google_flights,GRU,CPH,2027-04-22,2930.0,BRL,United,United|Lufthansa,UA 844 UA 944 LH 826,2,"ORD 8h15, FRA 1h20",80,1795,2027-04-22T22:20,2027-04-24T09:15,desconhecida,https://www.google.com/travel/flights?q=Flights%20to%20CPH%20from%20GRU%20on%202027-04-22%20oneway,3aa2790a61ad,
2026-09-07T17:21:14-03:00,google_flights,BSB,FRA,2027-04-22,3267.0,BRL,Tap Air Portugal,Tap Air Portugal,TP 58 TP 574,1,LIS 11h50,710,1450,2027-04-22T17:10,2027-04-23T22:20,desconhecida,https://www.google.com/travel/flights?q=Flights%20to%20FRA%20from%20BSB%20on%202027-04-22%20oneway,ce93dc6fdaa8,
2026-09-07T17:21:14-03:00,google_flights,GRU,MUC,2027-04-22,3325.0,BRL,Air Europa,Air Europa,UX 58 UX 1515,1,MAD 2h05,125,895,2027-04-22T13:50,2027-04-23T09:45,desconhecida,https://www.google.com/travel/flights?q=Flights%20to%20MUC%20from%20GRU%20on%202027-04-22%20oneway,db7d0116e469,
2026-09-07T17:21:14-03:00,google_flights,GIG,FRA,2027-04-22,3351.0,BRL,Tap Air Portugal,Tap Air Portugal,TP 67 TP 574,1,LIS 5h25,325,1100,2027-04-22T23:00,2027-04-23T22:20,desconhecida,https://www.google.com/travel/flights?q=Flights%20to%20FRA%20from%20GIG%20on%202027-04-22%20oneway,fbceafe70fd3,
2026-09-07T17:21:14-03:00,google_flights,GIG,MUC,2027-04-22,3426.0,BRL,ITA,ITA,AZ 673 AZ 432,1,FCO 1h55,115,885,2027-04-22T14:25,2027-04-23T10:10,desconhecida,https://www.google.com/travel/flights?q=Flights%20to%20MUC%20from%20GIG%20on%202027-04-22%20oneway,49bbcd020d85,
2026-09-07T17:21:14-03:00,google_flights,GIG,FRA,2027-04-22,3426.0,BRL,ITA,ITA|Lufthansa,AZ 673 LH 231,1,FCO 3h20,200,995,2027-04-22T14:25,2027-04-23T12:00,desconhecida,https://www.google.com/travel/flights?q=Flights%20to%20FRA%20from%20GIG%20on%202027-04-22%20oneway,26c4806a53dd,
2026-09-07T17:21:14-03:00,google_flights,GRU,AMS,2027-04-22,3433.0,BRL,Air Europa,Air Europa,UX 58 UX 1091,1,MAD 2h00,120,890,2027-04-22T13:50,2027-04-23T09:40,desconhecida,https://www.google.com/travel/flights?q=Flights%20to%20AMS%20from%20GRU%20on%202027-04-22%20oneway,9290da6ef6b0,
2026-09-07T17:21:14-03:00,google_flights,BSB,FRA,2027-04-22,3489.0,BRL,Tap Air Portugal,Tap Air Portugal,TP 58 TP 570,1,LIS 2h00,120,860,2027-04-22T17:10,2027-04-23T12:30,desconhecida,https://www.google.com/travel/flights?q=Flights%20to%20FRA%20from%20BSB%20on%202027-04-22%20oneway,09fd94a52530,
2026-09-07T17:21:14-03:00,google_flights,GRU,FRA,2027-04-22,3514.0,BRL,Tap Air Portugal,Tap Air Portugal,TP 84 TP 574,1,LIS 3h35,215,995,2027-04-22T00:45,2027-04-22T22:20,desconhecida,https://www.google.com/travel/flights?q=Flights%20to%20FRA%20from%20GRU%20on%202027-04-22%20oneway,4966bd0c910b,
2026-09-07T17:21:14-03:00,google_flights,GRU,FRA,2027-04-22,3772.0,BRL,ITA,ITA|Lufthansa,AZ 679 LH 233,1,FCO 1h50,110,925,2027-04-22T18:55,2027-04-23T15:20,desconhecida,https://www.google.com/travel/flights?q=Flights%20to%20FRA%20from%20GRU%20on%202027-04-22%20oneway,897896b608cd,
2026-09-07T17:21:14-03:00,google_flights,GRU,FRA,2027-04-22,3772.0,BRL,ITA,ITA,AZ 679 AZ 404,1,FCO 4h05,245,1065,2027-04-22T18:55,2027-04-23T17:40,desconhecida,https://www.google.com/travel/flights?q=Flights%20to%20FRA%20from%20GRU%20on%202027-04-22%20oneway,3cecad22ce50,
2026-09-07T17:21:14-03:00,google_flights,GIG,AMS,2027-04-22,3788.0,BRL,Tap Air Portugal,Tap Air Portugal,TP 67 TP 672,1,LIS 1h50,110,880,2027-04-22T23:00,2027-04-23T18:40,desconhecida,https://www.google.com/travel/flights?q=Flights%20to%20AMS%20from%20GIG%20on%202027-04-22%20oneway,10eb1445559d,
2026-09-07T17:21:14-03:00,google_flights,BSB,BER,2027-04-22,3808.0,BRL,Tap Air Portugal,Tap Air Portugal,TP 58 TP 530,1,LIS 1h30,90,850,2027-04-22T17:10,2027-04-23T12:20,desconhecida,https://www.google.com/travel/flights?q=Flights%20to%20BER%20from%20BSB%20on%202027-04-22%20oneway,94330108dea4,
2026-09-07T23:34:48-03:00,google_flights,GRU,FRA,2027-04-23,3325.0,BRL,Air Europa,Air Europa,UX 58 UX 1503,1,MAD 2h00,120,895,2027-04-23T13:50,2027-04-24T09:45,desconhecida,https://www.google.com/travel/flights?q=Flights%20to%20FRA%20from%20GRU%20on%202027-04-23%20oneway,018a145e3f8c,
2026-09-07T23:34:48-03:00,google_flights,GRU,FRA,2027-04-23,3514.0,BRL,Tap Air Portugal,Tap Air Portugal,TP 88 TP 572,1,LIS 3h55,235,1015,2027-04-23T20:45,2027-04-24T18:40,desconhecida,https://www.google.com/travel/flights?q=Flights%20to%20FRA%20from%20GRU%20on%202027-04-23%20oneway,42d6f851e8ff,
2026-09-07T23:34:48-03:00,google_flights,GRU,AMS,2027-04-23,4236.0,BRL,LATAM,LATAM,LA 8078,0,,0,710,2027-04-23T18:00,2027-04-24T10:50,desconhecida,https://www.google.com/travel/flights?q=Flights%20to%20AMS%20from%20GRU%20on%202027-04-23%20oneway,cdae2ce0f000,
2026-09-07T23:34:48-03:00,google_flights,BSB,FRA,2027-04-23,3210.0,BRL,Tap Air Portugal,Tap Air Portugal,TP 58 TP 574,1,LIS 10h45,645,1385,2027-04-23T18:15,2027-04-24T22:20,desconhecida,https://www.google.com/travel/flights?q=Flights%20to%20FRA%20from%20BSB%20on%202027-04-23%20oneway,2f3ad3ae5c31,
2026-09-07T23:34:48-03:00,google_flights,GRU,FRA,2027-04-23,3233.0,BRL,United,United,UA 844 UA 944,1,ORD 8h15,495,1630,2027-04-23T22:20,2027-04-25T06:30,desconhecida,https://www.google.com/travel/flights?q=Flights%20to%20FRA%20from%20GRU%20on%202027-04-23%20oneway,2227cb013b5e,
2026-09-07T23:34:48-03:00,google_flights,GRU,MUC,2027-04-23,3233.0,BRL,United,United|Lufthansa,UA 844 LH 437,1,ORD 8h50,530,1665,2027-04-23T22:20,2027-04-25T07:05,desconhecida,https://www.google.com/travel/flights?q=Flights%20to%20MUC%20from%20GRU%20on%202027-04-23%20oneway,78800f9ccdf9,
2026-09-07T23:34:48-03:00,google_flights,GRU,MUC,2027-04-23,3325.0,BRL,Air Europa,Air Europa,UX 58 UX 1515,1,MAD 2h05,125,895,2027-04-23T13:50,2027-04-24T09:45,desconhecida,https://www.google.com/travel/flights?q=Flights%20to%20MUC%20from%20GRU%20on%202027-04-23%20oneway,97342844ea27,
2026-09-07T23:34:48-03:00,google_flights,GIG,FRA,2027-04-23,3372.0,BRL,Tap Air Portugal,Tap Air Portugal,TP 72 TP 570,1,LIS 20h25,1225,2000,2027-04-23T22:10,2027-04-25T12:30,desconhecida,https://www.google.com/travel/flights?q=Flights%20to%20FRA%20from%20GIG%20on%202027-04-23%20oneway,732db51c57c7,
2026-09-07T23:34:48-03:00,google_flights,GRU,AMS,2027-04-23,3377.0,BRL,United,United,UA 844 UA 909,1,ORD 11h15,675,1810,2027-04-23T22:20,2027-04-25T09:30,desconhecida,https://www.google.com/travel/flights?q=Flights%20to%20AMS%20from%20GRU%20on%202027-04-23%20oneway,db6f8521cb22,
2026-09-07T23:34:48-03:00,google_flights,GRU,AMS,2027-04-23,3433.0,BRL,Air Europa,Air Europa,UX 58 UX 1091,1,MAD 2h00,120,890,2027-04-23T13:50,2027-04-24T09:40,desconhecida,https://www.google.com/travel/flights?q=Flights%20to%20AMS%20from%20GRU%20on%202027-04-23%20oneway,0765540ef092,
2026-09-07T23:34:48-03:00,google_flights,BSB,BER,2027-04-23,3450.0,BRL,Tap Air Portugal,Tap Air Portugal,TP 58 TP 532,1,LIS 4h35,275,1035,2027-04-23T18:15,2027-04-24T16:30,desconhecida,https://www.google.com/travel/flights?q=Flights%20to%20BER%20from%20BSB%20on%202027-04-23%20oneway,cbd5482b9cc1,
2026-09-07T23:34:48-03:00,google_flights,BSB,MUC,2027-04-23,3489.0,BRL,Tap Air Portugal,Tap Air Portugal,TP 58 TP 552,1,LIS 1h15,75,810,2027-04-23T18:15,2027-04-24T12:45,desconhecida,https://www.google.com/travel/flights?q=Flights%20to%20MUC%20from%20BSB%20on%202027-04-23%20oneway,13c063c3b460,
2026-09-07T23:34:48-03:00,google_flights,GRU,FRA,2027-04-23,3514.0,BRL,Tap Air Portugal,Tap Air Portugal,TP 84 TP 574,1,LIS 3h35,215,995,2027-04-23T00:45,2027-04-23T22:20,desconhecida,https://www.google.com/travel/flights?q=Flights%20to%20FRA%20from%20GRU%20on%202027-04-23%20oneway,811518dae145,
2026-09-07T23:34:48-03:00,google_flights,GIG,AMS,2027-04-23,3788.0,BRL,Tap Air Portugal,Tap Air Portugal,TP 72 TP 672,1,LIS 2h40,160,930,2027-04-23T22:10,2027-04-24T18:40,desconhecida,https://www.google.com/travel/flights?q=Flights%20to%20AMS%20from%20GIG%20on%202027-04-23%20oneway,f38b0c66d6d3,
2026-09-07T23:34:48-03:00,google_flights,GRU,FRA,2027-04-23,4877.0,BRL,LATAM,LATAM,LA 8070,0,,0,705,2027-04-23T23:40,2027-04-24T16:25,desconhecida,https://www.google.com/travel/flights?q=Flights%20to%20FRA%20from%20GRU%20on%202027-04-23%20oneway,970130e82758,
2026-09-07T23:34:54-03:00,google_flights,BSB,FRA,2027-04-13,3204.0,BRL,Tap Air Portugal,Tap Air Portugal,TP 58 TP 570,1,LIS 1h45,105,845,2027-04-13T17:25,2027-04-14T12:30,desconhecida,https://www.google.com/travel/flights?q=Flights%20to%20FRA%20from%20BSB%20on%202027-04-13%20oneway,32c4d3959239,
2026-09-07T23:34:54-03:00,google_flights,GRU,FRA,2027-04-13,3325.0,BRL,Air Europa,Air Europa,UX 58 UX 1503,1,MAD 2h00,120,895,2027-04-13T13:50,2027-04-14T09:45,desconhecida,https://www.google.com/travel/flights?q=Flights%20to%20FRA%20from%20GRU%20on%202027-04-13%20oneway,7216aeb19bc4,
2026-09-07T23:34:54-03:00,google_flights,GRU,AMS,2027-04-13,3433.0,BRL,Air Europa,Air Europa,UX 58 UX 1091,1,MAD 2h00,120,890,2027-04-13T13:50,2027-04-14T09:40,desconhecida,https://www.google.com/travel/flights?q=Flights%20to%20AMS%20from%20GRU%20on%202027-04-13%20oneway,3db0f4651e45,
2026-09-07T23:34:54-03:00,google_flights,GRU,AMS,2027-04-13,3652.0,BRL,ITA,ITA,AZ 675 AZ 108,1,FCO 1h40,100,945,2027-04-13T14:15,2027-04-14T11:00,desconhecida,https://www.google.com/travel/flights?q=Flights%20to%20AMS%20from%20GRU%20on%202027-04-13%20oneway,ed309b52556e,
2026-09-07T23:34:54-03:00,google_flights,GRU,AMS,2027-04-13,4236.0,BRL,LATAM,LATAM,LA 8078,0,,0,720,2027-04-13T18:00,2027-04-14T11:00,desconhecida,https://www.google.com/travel/flights?q=Flights%20to%20AMS%20from%20GRU%20on%202027-04-13%20oneway,cbfd8caa997d,
2026-09-07T23:34:54-03:00,google_flights,GRU,AMS,2027-04-13,2695.0,BRL,United,United,UA 860 UA 946,1,IAD 11h05,665,1745,2027-04-13T21:30,2027-04-15T07:35,desconhecida,https://www.google.com/travel/flights?q=Flights%20to%20AMS%20from%20GRU%20on%202027-04-13%20oneway,993cb09a255b,
2026-09-07T23:34:54-03:00,google_flights,BSB,FRA,2027-04-13,3194.0,BRL,Tap Air Portugal,Tap Air Portugal,TP 58 TP 574,1,LIS 11h35,695,1435,2027-04-13T17:25,2027-04-14T22:20,desconhecida,https://www.google.com/travel/flights?q=Flights%20to%20FRA%20from%20BSB%20on%202027-04-13%20oneway,f9a60dc2a6e7,
2026-09-07T23:34:54-03:00,google_flights,BSB,FRA,2027-04-13,3199.0,BRL,Tap Air Portugal,Tap Air Portugal,TP 58 TP 572,1,LIS 7h55,475,1215,2027-04-13T17:25,2027-04-14T18:40,desconhecida,https://www.google.com/travel/flights?q=Flights%20to%20FRA%20from%20BSB%20on%202027-04-13%20oneway,1bda8260bb39,
2026-09-07T23:34:54-03:00,google_flights,GRU,FRA,2027-04-13,3313.0,BRL,Air Canada,Air Canada,AC 91 AC 840,1,YYZ 9h50,590,1675,2027-04-13T21:35,2027-04-15T06:30,desconhecida,https://www.google.com/travel/flights?q=Flights%20to%20FRA%20from%20GRU%20on%202027-04-13%20oneway,153ecb0de0ee,
2026-09-07T23:34:54-03:00,google_flights,GRU,MUC,2027-04-13,3313.0,BRL,Air Canada,Air Canada,AC 91 AC 836,1,YYZ 11h00,660,1750,2027-04-13T21:35,2027-04-15T07:45,desconhecida,https://www.google.com/travel/flights?q=Flights%20to%20MUC%20from%20GRU%20on%202027-04-13%20oneway,9e23f9bc9aa6,
2026-09-07T23:34:54-03:00,google_flights,GRU,MUC,2027-04-13,3325.0,BRL,Air Europa,Air Europa,UX 58 UX 1515,1,MAD 2h05,125,895,2027-04-13T13:50,2027-04-14T09:45,desconhecida,https://www.google.com/travel/flights?q=Flights%20to%20MUC%20from%20GRU%20on%202027-04-13%20oneway,89dde1e4fb72,
2026-09-07T23:34:54-03:00,google_flights,GRU,MUC,2027-04-13,3348.0,BRL,ITA,ITA|Lufthansa City Airlines,AZ 679 VL 1875,1,FCO 1h45,105,865,2027-04-13T18:55,2027-04-14T14:20,desconhecida,https://www.google.com/travel/flights?q=Flights%20to%20MUC%20from%20GRU%20on%202027-04-13%20oneway,3694eccf736a,
2026-09-07T23:34:54-03:00,google_flights,GIG,FRA,2027-04-13,3351.0,BRL,Tap Air Portugal,Tap Air Portugal,TP 67 TP 574,1,LIS 5h25,325,1100,2027-04-13T23:00,2027-04-14T22:20,desconhecida,https://www.google.com/travel/flights?q=Flights%20to%20FRA%20from%20GIG%20on%202027-04-13%20oneway,65f38acaf3a5,
2026-09-07T23:34:54-03:00,google_flights,GIG,MUC,2027-04-13,3498.0,BRL,Tap Air Portugal,Tap Air Portugal,TP 67 TP 554,1,LIS 2h10,130,900,2027-04-13T23:00,2027-04-14T19:00,desconhecida,https://www.google.com/travel/flights?q=Flights%20to%20MUC%20from%20GIG%20on%202027-04-13%20oneway,1480baeeffd6,
2026-09-07T23:34:54-03:00,google_flights,GRU,FRA,2027-04-13,3514.0,BRL,Tap Air Portugal,Tap Air Portugal,TP 84 TP 574,1,LIS 3h35,215,995,2027-04-13T00:45,2027-04-13T22:20,desconhecida,https://www.google.com/travel/flights?q=Flights%20to%20FRA%20from%20GRU%20on%202027-04-13%20oneway,7e9dbb0ab861,
2026-09-07T23:34:54-03:00,google_flights,GRU,FRA,2027-04-13,3514.0,BRL,Tap Air Portugal,Tap Air Portugal,TP 88 TP 572,1,LIS 3h55,235,1015,2027-04-13T20:45,2027-04-14T18:40,desconhecida,https://www.google.com/travel/flights?q=Flights%20to%20FRA%20from%20GRU%20on%202027-04-13%20oneway,9a59589f08aa,
2026-09-07T23:34:54-03:00,google_flights,GIG,FRA,2027-04-13,3635.0,BRL,Tap Air Portugal,Tap Air Portugal,TP 67 TP 572,1,LIS 1h45,105,880,2027-04-13T23:00,2027-04-14T18:40,desconhecida,https://www.google.com/travel/flights?q=Flights%20to%20FRA%20from%20GIG%20on%202027-04-13%20oneway,1a6e34bfcfe3,
2026-09-07T23:34:54-03:00,google_flights,GRU,AMS,2027-04-13,3652.0,BRL,ITA,ITA,AZ 679 AZ 110,1,FCO 3h35,215,1030,2027-04-13T18:55,2027-04-14T17:05,desconhecida,https://www.google.com/travel/flights?q=Flights%20to%20AMS%20from%20GRU%20on%202027-04-13%20oneway,9af2dada347d,
2026-09-07T23:34:54-03:00,google_flights,GRU,FRA,2027-04-13,3777.0,BRL,ITA,ITA,AZ 675 AZ 400,1,FCO 1h55,115,935,2027-04-13T14:15,2027-04-14T10:50,desconhecida,https://www.google.com/travel/flights?q=Flights%20to%20FRA%20from%20GRU%20on%202027-04-13%20oneway,3a53ef726e64,
2026-09-07T23:34:54-03:00,google_flights,GRU,BER,2027-04-13,3991.0,BRL,Tap Air Portugal,Tap Air Portugal,TP 88 TP 532,1,LIS 1h25,85,885,2027-04-13T20:45,2027-04-14T16:30,desconhecida,https://www.google.com/travel/flights?q=Flights%20to%20BER%20from%20GRU%20on%202027-04-13%20oneway,221c7cfe14ca,
2026-09-07T23:34:54-03:00,google_flights,GRU,AMS,2027-04-13,4748.0,BRL,KLM,KLM,KL 792,0,,0,695,2027-04-13T21:45,2027-04-14T14:20,desconhecida,https://www.google.com/travel/flights?q=Flights%20to%20AMS%20from%20GRU%20on%202027-04-13%20oneway,eec57785371c,
2026-09-07T23:34:54-03:00,google_flights,GRU,FRA,2027-04-13,4877.0,BRL,LATAM,LATAM,LA 8070,0,,0,705,2027-04-13T23:40,2027-04-14T16:25,desconhecida,https://www.google.com/travel/flights?q=Flights%20to%20FRA%20from%20GRU%20on%202027-04-13%20oneway,7046b8738ece,
2026-09-07T23:34:59-03:00,google_flights,GRU,FRA,2027-04-14,3325.0,BRL,Air Europa,Air Europa,UX 58 UX 1503,1,MAD 2h00,120,895,2027-04-14T13:50,2027-04-15T09:45,desconhecida,https://www.google.com/travel/flights?q=Flights%20to%20FRA%20from%20GRU%20on%202027-04-14%20oneway,42af1b8d0b20,
2026-09-07T23:34:59-03:00,google_flights,GRU,AMS,2027-04-14,3433.0,BRL,Air Europa,Air Europa,UX 58 UX 1091,1,MAD 2h00,120,890,2027-04-14T13:50,2027-04-15T09:40,desconhecida,https://www.google.com/travel/flights?q=Flights%20to%20AMS%20from%20GRU%20on%202027-04-14%20oneway,2e7619170711,
2026-09-07T23:34:59-03:00,google_flights,GRU,FRA,2027-04-14,3514.0,BRL,Tap Air Portugal,Tap Air Portugal,TP 82 TP 570,1,LIS 2h55,175,960,2027-04-14T15:30,2027-04-15T12:30,desconhecida,https://www.google.com/travel/flights?q=Flights%20to%20FRA%20from%20GRU%20on%202027-04-14%20oneway,4dd555cdaeaa,
2026-09-07T23:34:59-03:00,google_flights,BSB,FRA,2027-04-14,3178.0,BRL,Tap Air Portugal,Tap Air Portugal,TP 58 TP 574,1,LIS 10h45,645,1385,2027-04-14T18:15,2027-04-15T22:20,desconhecida,https://www.google.com/travel/flights?q=Flights%20to%20FRA%20from%20BSB%20on%202027-04-14%20oneway,393ae2ea61ce,
2026-09-07T23:34:59-03:00,google_flights,BSB,FRA,2027-04-14,3204.0,BRL,Tap Air Portugal,Tap Air Portugal,TP 58 TP 572,1,LIS 7h05,425,1165,2027-04-14T18:15,2027-04-15T18:40,desconhecida,https://www.google.com/travel/flights?q=Flights%20to%20FRA%20from%20BSB%20on%202027-04-14%20oneway,1bd221e05782,
2026-09-07T23:34:59-03:00,google_flights,GRU,FRA,2027-04-14,3288.0,BRL,Air Canada,Air Canada,AC 97 AC 844,1,YUL 10h15,615,1680,2027-04-14T21:00,2027-04-16T06:00,desconhecida,https://www.google.com/travel/flights?q=Flights%20to%20FRA%20from%20GRU%20on%202027-04-14%20oneway,05c110cbf4e2,
2026-09-07T23:34:59-03:00,google_flights,GRU,AMS,2027-04-14,3288.0,BRL,Air Canada,Air Canada,AC 97 AC 900,1,YUL 15h20,920,1935,2027-04-14T21:00,2027-04-16T10:15,desconhecida,https://www.google.com/travel/flights?q=Flights%20to%20AMS%20from%20GRU%20on%202027-04-14%20oneway,519fceb6c117,
2026-09-07T23:34:59-03:00,google_flights,GRU,MUC,2027-04-14,3313.0,BRL,Air Canada,Air Canada,AC 91 AC 836,1,YYZ 11h00,660,1750,2027-04-14T21:35,2027-04-16T07:45,desconhecida,https://www.google.com/travel/flights?q=Flights%20to%20MUC%20from%20GRU%20on%202027-04-14%20oneway,bd06c16a69c8,
2026-09-07T23:34:59-03:00,google_flights,GRU,MUC,2027-04-14,3325.0,BRL,Air Europa,Air Europa,UX 58 UX 1515,1,MAD 2h05,125,895,2027-04-14T13:50,2027-04-15T09:45,desconhecida,https://www.google.com/travel/flights?q=Flights%20to%20MUC%20from%20GRU%20on%202027-04-14%20oneway,7624e028df3b,
2026-09-07T23:34:59-03:00,google_flights,GIG,FRA,2027-04-14,3372.0,BRL,Tap Air Portugal,Tap Air Portugal,TP 72 TP 570,1,LIS 20h25,1225,2000,2027-04-14T22:10,2027-04-16T12:30,desconhecida,https://www.google.com/travel/flights?q=Flights%20to%20FRA%20from%20GIG%20on%202027-04-14%20oneway,f34be8da2fc8,
2026-09-07T23:34:59-03:00,google_flights,BSB,BER,2027-04-14,3381.0,BRL,Tap Air Portugal,Tap Air Portugal,TP 58 TP 532,1,LIS 4h35,275,1035,2027-04-14T18:15,2027-04-15T16:30,desconhecida,https://www.google.com/travel/flights?q=Flights%20to%20BER%20from%20BSB%20on%202027-04-14%20oneway,499644a01337,
2026-09-07T23:34:59-03:00,google_flights,BSB,MUC,2027-04-14,3489.0,BRL,Tap Air Portugal,Tap Air Portugal,TP 58 TP 552,1,LIS 1h15,75,810,2027-04-14T18:15,2027-04-15T12:45,desconhecida,https://www.google.com/travel/flights?q=Flights%20to%20MUC%20from%20BSB%20on%202027-04-14%20oneway,7ec990e98150,
2026-09-07T23:34:59-03:00,google_flights,GIG,MUC,2027-04-14,3498.0,BRL,Tap Air Portugal,Tap Air Portugal,TP 72 TP 554,1,LIS 3h00,180,950,2027-04-14T22:10,2027-04-15T19:00,desconhecida,https://www.google.com/travel/flights?q=Flights%20to%20MUC%20from%20GIG%20on%202027-04-14%20oneway,7e6f39c22e9c,
2026-09-07T23:34:59-03:00,google_flights,GRU,FRA,2027-04-14,3514.0,BRL,Tap Air Portugal,Tap Air Portugal,TP 88 TP 572,1,LIS 3h55,235,1015,2027-04-14T20:45,2027-04-15T18:40,desconhecida,https://www.google.com/travel/flights?q=Flights%20to%20FRA%20from%20GRU%20on%202027-04-14%20oneway,034fcc90f438,
2026-09-07T23:34:59-03:00,google_flights,GRU,AMS,2027-04-14,3652.0,BRL,ITA,ITA,AZ 679 AZ 110,1,FCO 3h05,185,1030,2027-04-14T18:55,2027-04-15T17:05,desconhecida,https://www.google.com/travel/flights?q=Flights%20to%20AMS%20from%20GRU%20on%202027-04-14%20oneway,fd6ff2b73f65,
2026-09-07T23:34:59-03:00,google_flights,GIG,VIE,2027-04-14,3677.0,BRL,Tap Air Portugal,Tap Air Portugal,TP 72 TP 1272,1,LIS 2h00,120,915,2027-04-14T22:10,2027-04-15T18:25,desconhecida,https://www.google.com/travel/flights?q=Flights%20to%20VIE%20from%20GIG%20on%202027-04-14%20oneway,786d6ccbbfb7,
2026-09-07T23:34:59-03:00,google_flights,GRU,FRA,2027-04-14,3777.0,BRL,ITA,ITA,AZ 675 AZ 400,1,FCO 1h55,115,935,2027-04-14T14:15,2027-04-15T10:50,desconhecida,https://www.google.com/travel/flights?q=Flights%20to%20FRA%20from%20GRU%20on%202027-04-14%20oneway,d3ef081f7b9f,
2026-09-07T23:34:59-03:00,google_flights,GIG,BER,2027-04-14,3786.0,BRL,Tap Air Portugal,Tap Air Portugal,TP 76 TP 530,1,LIS 1h40,100,895,2027-04-14T15:35,2027-04-15T11:30,desconhecida,https://www.google.com/travel/flights?q=Flights%20to%20BER%20from%20GIG%20on%202027-04-14%20oneway,ea2decc1901e,
2026-09-07T23:34:59-03:00,google_flights,GRU,BER,2027-04-14,3991.0,BRL,Tap Air Portugal,Tap Air Portugal,TP 88 TP 532,1,LIS 1h25,85,885,2027-04-14T20:45,2027-04-15T16:30,desconhecida,https://www.google.com/travel/flights?q=Flights%20to%20BER%20from%20GRU%20on%202027-04-14%20oneway,fa9d9bfa6b27,
2026-09-07T23:34:59-03:00,google_flights,GRU,AMS,2027-04-14,4748.0,BRL,KLM,KLM,KL 792,0,,0,695,2027-04-14T21:45,2027-04-15T14:20,desconhecida,https://www.google.com/travel/flights?q=Flights%20to%20AMS%20from%20GRU%20on%202027-04-14%20oneway,a227768e07f8,
2026-09-07T23:34:59-03:00,google_flights,GRU,FRA,2027-04-14,4877.0,BRL,LATAM,LATAM,LA 8070,0,,0,705,2027-04-14T23:40,2027-04-15T16:25,desconhecida,https://www.google.com/travel/flights?q=Flights%20to%20FRA%20from%20GRU%20on%202027-04-14%20oneway,5d56e27cbb6d,
2026-09-07T23:34:59-03:00,google_flights,GRU,MUC,2027-04-14,5071.0,BRL,Lufthansa,Lufthansa,LH 505,0,,0,685,2027-04-14T20:50,2027-04-15T13:15,desconhecida,https://www.google.com/travel/flights?q=Flights%20to%20MUC%20from%20GRU%20on%202027-04-14%20oneway,5e6cf92fcf91,
2026-09-08T11:49:57-03:00,google_flights,BSB,FRA,2027-04-15,3184.0,BRL,Tap Air Portugal,Tap Air Portugal,TP 58 TP 570,1,LIS 2h00,120,860,2027-04-15T17:10,2027-04-16T12:30,desconhecida,https://www.google.com/travel/flights?q=Flights%20to%20FRA%20from%20BSB%20on%202027-04-15%20oneway,1bac683938cf,
2026-09-08T11:49:57-03:00,google_flights,GRU,MUC,2027-04-15,3325.0,BRL,Air Europa,Air Europa,UX 58 UX 1515,1,MAD 2h05,125,895,2027-04-15T13:50,2027-04-16T09:45,desconhecida,https://www.google.com/travel/flights?q=Flights%20to%20MUC%20from%20GRU%20on%202027-04-15%20oneway,ea70709f8ca6,
2026-09-08T11:49:57-03:00,google_flights,GIG,MUC,2027-04-15,3426.0,BRL,ITA,ITA,AZ 673 AZ 432,1,FCO 1h55,115,885,2027-04-15T14:25,2027-04-16T10:10,desconhecida,https://www.google.com/travel/flights?q=Flights%20to%20MUC%20from%20GIG%20on%202027-04-15%20oneway,c3facf584890,
2026-09-08T11:49:57-03:00,google_flights,GRU,AMS,2027-04-15,3217.0,BRL,ITA,ITA,AZ 675 AZ 110,1,FCO 7h45,465,1310,2027-04-15T14:15,2027-04-16T17:05,desconhecida,https://www.google.com/travel/flights?q=Flights%20to%20AMS%20from%20GRU%20on%202027-04-15%20oneway,0846babe8e6d,
2026-09-08T11:49:57-03:00,google_flights,GRU,FRA,2027-04-15,3325.0,BRL,Air Europa,Air Europa,UX 58 UX 1503,1,MAD 2h00,120,895,2027-04-15T13:50,2027-04-16T09:45,desconhecida,https://www.google.com/travel/flights?q=Flights%20to%20FRA%20from%20GRU%20on%202027-04-15%20oneway,e4e7a045f348,
2026-09-08T11:49:57-03:00,google_flights,GIG,FRA,2027-04-15,3352.0,BRL,Tap Air Portugal,Tap Air Portugal,TP 67 TP 574,1,LIS 5h25,325,1100,2027-04-15T23:00,2027-04-16T22:20,desconhecida,https://www.google.com/travel/flights?q=Flights%20to%20FRA%20from%20GIG%20on%202027-04-15%20oneway,0c58dea3cd97,
2026-09-08T11:49:57-03:00,google_flights,BSB,BER,2027-04-15,3392.0,BRL,Tap Air Portugal,Tap Air Portugal,TP 58 TP 530,1,LIS 1h30,90,850,2027-04-15T17:10,2027-04-16T12:20,desconhecida,https://www.google.com/travel/flights?q=Flights%20to%20BER%20from%20BSB%20on%202027-04-15%20oneway,10e5ea50537b,
2026-09-08T11:49:57-03:00,google_flights,GRU,AMS,2027-04-15,3433.0,BRL,Air Europa,Air Europa,UX 58 UX 1091,1,MAD 2h00,120,890,2027-04-15T13:50,2027-04-16T09:40,desconhecida,https://www.google.com/travel/flights?q=Flights%20to%20AMS%20from%20GRU%20on%202027-04-15%20oneway,103601d11364,
2026-09-08T11:49:57-03:00,google_flights,GRU,FRA,2027-04-15,3515.0,BRL,Tap Air Portugal,Tap Air Portugal,TP 84 TP 574,1,LIS 3h35,215,995,2027-04-15T00:45,2027-04-15T22:20,desconhecida,https://www.google.com/travel/flights?q=Flights%20to%20FRA%20from%20GRU%20on%202027-04-15%20oneway,f5ad6038dc33,
2026-09-08T11:49:57-03:00,google_flights,GRU,FRA,2027-04-15,3515.0,BRL,Tap Air Portugal,Tap Air Portugal,TP 88 TP 572,1,LIS 3h55,235,1015,2027-04-15T20:45,2027-04-16T18:40,desconhecida,https://www.google.com/travel/flights?q=Flights%20to%20FRA%20from%20GRU%20on%202027-04-15%20oneway,5893f1267440,
2026-09-08T11:49:57-03:00,google_flights,GRU,AMS,2027-04-15,4748.0,BRL,KLM,KLM,KL 792,0,,0,695,2027-04-15T21:45,2027-04-16T14:20,desconhecida,https://www.google.com/travel/flights?q=Flights%20to%20AMS%20from%20GRU%20on%202027-04-15%20oneway,fded42f851d2,
2026-09-08T11:50:02-03:00,google_flights,GRU,FRA,2027-04-16,3325.0,BRL,Air Europa,Air Europa,UX 58 UX 1503,1,MAD 2h00,120,895,2027-04-16T13:50,2027-04-17T09:45,desconhecida,https://www.google.com/travel/flights?q=Flights%20to%20FRA%20from%20GRU%20on%202027-04-16%20oneway,831a52a03c94,
2026-09-08T11:50:02-03:00,google_flights,GRU,MUC,2027-04-16,3325.0,BRL,Air Europa,Air Europa,UX 58 UX 1515,1,MAD 2h05,125,895,2027-04-16T13:50,2027-04-17T09:45,desconhecida,https://www.google.com/travel/flights?q=Flights%20to%20MUC%20from%20GRU%20on%202027-04-16%20oneway,2d2a5d201e53,
2026-09-08T11:50:02-03:00,google_flights,GRU,AMS,2027-04-16,3433.0,BRL,Air Europa,Air Europa,UX 58 UX 1091,1,MAD 2h00,120,890,2027-04-16T13:50,2027-04-17T09:40,desconhecida,https://www.google.com/travel/flights?q=Flights%20to%20AMS%20from%20GRU%20on%202027-04-16%20oneway,144b19177258,
2026-09-08T11:50:02-03:00,google_flights,BSB,MUC,2027-04-16,3489.0,BRL,Tap Air Portugal,Tap Air Portugal,TP 58 TP 552,1,LIS 1h15,75,810,2027-04-16T18:15,2027-04-17T12:45,desconhecida,https://www.google.com/travel/flights?q=Flights%20to%20MUC%20from%20BSB%20on%202027-04-16%20oneway,01ba35474d69,
2026-09-08T11:50:02-03:00,google_flights,GRU,AMS,2027-04-16,4748.0,BRL,KLM,KLM,KL 792,0,,0,695,2027-04-16T21:45,2027-04-17T14:20,desconhecida,https://www.google.com/travel/flights?q=Flights%20to%20AMS%20from%20GRU%20on%202027-04-16%20oneway,cd6d849d0be5,
2026-09-08T11:50:02-03:00,google_flights,BSB,FRA,2027-04-16,3210.0,BRL,Tap Air Portugal,Tap Air Portugal,TP 58 TP 574,1,LIS 10h45,645,1385,2027-04-16T18:15,2027-04-17T22:20,desconhecida,https://www.google.com/travel/flights?q=Flights%20to%20FRA%20from%20BSB%20on%202027-04-16%20oneway,7ecaccc5d2bb,
2026-09-08T11:50:02-03:00,google_flights,GIG,FRA,2027-04-16,3373.0,BRL,Tap Air Portugal,Tap Air Portugal,TP 72 TP 570,1,LIS 20h25,1225,2000,2027-04-16T22:10,2027-04-18T12:30,desconhecida,https://www.google.com/travel/flights?q=Flights%20to%20FRA%20from%20GIG%20on%202027-04-16%20oneway,99c1c9cd9640,
2026-09-08T11:50:02-03:00,google_flights,BSB,BER,2027-04-16,3424.0,BRL,Tap Air Portugal,Tap Air Portugal,TP 58 TP 532,1,LIS 4h35,275,1035,2027-04-16T18:15,2027-04-17T16:30,desconhecida,https://www.google.com/travel/flights?q=Flights%20to%20BER%20from%20BSB%20on%202027-04-16%20oneway,810284bd19b5,
2026-09-08T11:50:02-03:00,google_flights,GRU,FRA,2027-04-16,3515.0,BRL,Tap Air Portugal,Tap Air Portugal,TP 84 TP 574,1,LIS 3h35,215,995,2027-04-16T00:45,2027-04-16T22:20,desconhecida,https://www.google.com/travel/flights?q=Flights%20to%20FRA%20from%20GRU%20on%202027-04-16%20oneway,e8d758931521,
2026-09-08T11:50:02-03:00,google_flights,BSB,FRA,2027-04-16,3663.0,BRL,Gol,Gol|Air Europa,G3 1720 UX 84 UX 1509,2,"SSA 22h35, MAD 4h00",240,2390,2027-04-16T21:05,2027-04-18T17:55,desconhecida,https://www.google.com/travel/flights?q=Flights%20to%20FRA%20from%20BSB%20on%202027-04-16%20oneway,faabac07bd55,
2026-09-08T11:50:02-03:00,google_flights,GRU,AMS,2027-04-16,3736.0,BRL,Tap Air Portugal,Tap Air Portugal,TP 88 TP 672,1,LIS 4h00,240,1015,2027-04-16T20:45,2027-04-17T18:40,desconhecida,https://www.google.com/travel/flights?q=Flights%20to%20AMS%20from%20GRU%20on%202027-04-16%20oneway,50cb0d455dbd,
2026-09-08T11:50:02-03:00,google_flights,GRU,MUC,2027-04-16,3776.0,BRL,ITA,ITA|Lufthansa City Airlines,AZ 679 VL 1875,1,FCO 1h15,75,865,2027-04-16T18:55,2027-04-17T14:20,desconhecida,https://www.google.com/travel/flights?q=Flights%20to%20MUC%20from%20GRU%20on%202027-04-16%20oneway,bddb501c055e,
2026-09-08T11:50:02-03:00,google_flights,GIG,MUC,2027-04-16,3860.0,BRL,ITA,ITA,AZ 673 AZ 432,1,FCO 1h55,115,885,2027-04-16T14:25,2027-04-17T10:10,desconhecida,https://www.google.com/travel/flights?q=Flights%20to%20MUC%20from%20GIG%20on%202027-04-16%20oneway,b4240bda07ea,
2026-09-08T11:50:07-03:00,google_flights,BSB,FRA,2027-04-17,3205.0,BRL,Tap Air Portugal,Tap Air Portugal,TP 58 TP 570,1,LIS 2h00,120,860,2027-04-17T17:10,2027-04-18T12:30,desconhecida,https://www.google.com/travel/flights?q=Flights%20to%20FRA%20from%20BSB%20on%202027-04-17%20oneway,28f22ccb09f2,
2026-09-08T11:50:07-03:00,google_flights,GRU,MUC,2027-04-17,3325.0,BRL,Air Europa,Air Europa,UX 58 UX 1515,1,MAD 2h05,125,895,2027-04-17T13:50,2027-04-18T09:45,desconhecida,https://www.google.com/travel/flights?q=Flights%20to%20MUC%20from%20GRU%20on%202027-04-17%20oneway,8ba6bf437bb1,
2026-09-08T11:50:07-03:00,google_flights,GRU,FRA,2027-04-17,3325.0,BRL,Air Europa,Air Europa,UX 58 UX 1503,1,MAD 2h00,120,895,2027-04-17T13:50,2027-04-18T09:45,desconhecida,https://www.google.com/travel/flights?q=Flights%20to%20FRA%20from%20GRU%20on%202027-04-17%20oneway,0ec89e82a78d,
2026-09-08T11:50:07-03:00,google_flights,GRU,AMS,2027-04-17,3433.0,BRL,Air Europa,Air Europa,UX 58 UX 1091,1,MAD 2h00,120,890,2027-04-17T13:50,2027-04-18T09:40,desconhecida,https://www.google.com/travel/flights?q=Flights%20to%20AMS%20from%20GRU%20on%202027-04-17%20oneway,d388ebf4e88b,
2026-09-08T11:50:07-03:00,google_flights,GRU,AMS,2027-04-17,4748.0,BRL,KLM,KLM,KL 792,0,,0,695,2027-04-17T21:45,2027-04-18T14:20,desconhecida,https://www.google.com/travel/flights?q=Flights%20to%20AMS%20from%20GRU%20on%202027-04-17%20oneway,42e09ce2b1ad,
2026-09-08T11:50:07-03:00,google_flights,BSB,FRA,2027-04-17,3189.0,BRL,Tap Air Portugal,Tap Air Portugal,TP 58 TP 574,1,LIS 11h50,710,1450,2027-04-17T17:10,2027-04-18T22:20,desconhecida,https://www.google.com/travel/flights?q=Flights%20to%20FRA%20from%20BSB%20on%202027-04-17%20oneway,5fbdf399ed80,
2026-09-08T11:50:07-03:00,google_flights,GRU,AMS,2027-04-17,3295.0,BRL,Air Canada,Air Canada,AC 97 AC 900,1,YUL 15h20,920,1935,2027-04-17T21:00,2027-04-19T10:15,desconhecida,https://www.google.com/travel/flights?q=Flights%20to%20AMS%20from%20GRU%20on%202027-04-17%20oneway,a2bb9af8d071,
2026-09-08T11:50:07-03:00,google_flights,GIG,FRA,2027-04-17,3352.0,BRL,Tap Air Portugal,Tap Air Portugal,TP 67 TP 574,1,LIS 5h25,325,1100,2027-04-17T23:00,2027-04-18T22:20,desconhecida,https://www.google.com/travel/flights?q=Flights%20to%20FRA%20from%20GIG%20on%202027-04-17%20oneway,be52c2706fef,
2026-09-08T11:50:07-03:00,google_flights,GIG,FRA,2027-04-17,3636.0,BRL,Tap Air Portugal,Tap Air Portugal,TP 67 TP 572,1,LIS 1h45,105,880,2027-04-17T23:00,2027-04-18T18:40,desconhecida,https://www.google.com/travel/flights?q=Flights%20to%20FRA%20from%20GIG%20on%202027-04-17%20oneway,343f1f9cba20,
2026-09-08T11:50:07-03:00,google_flights,GIG,AMS,2027-04-17,5343.0,BRL,KLM,KLM,KL 706,0,,0,690,2027-04-17T21:55,2027-04-18T14:25,desconhecida,https://www.google.com/travel/flights?q=Flights%20to%20AMS%20from%20GIG%20on%202027-04-17%20oneway,12fe5ea57b4b,
2026-09-08T11:50:11-03:00,google_flights,GRU,AMS,2027-04-18,3433.0,BRL,Air Europa,Air Europa,UX 58 UX 1091,1,MAD 2h00,120,890,2027-04-18T13:50,2027-04-19T09:40,desconhecida,https://www.google.com/travel/flights?q=Flights%20to%20AMS%20from%20GRU%20on%202027-04-18%20oneway,7c2f7b17fa24,
2026-09-08T11:50:11-03:00,google_flights,GRU,AMS,2027-04-18,4236.0,BRL,LATAM,LATAM,LA 8078,0,,0,710,2027-04-18T18:00,2027-04-19T10:50,desconhecida,https://www.google.com/travel/flights?q=Flights%20to%20AMS%20from%20GRU%20on%202027-04-18%20oneway,c905b06bab26,
2026-09-08T11:50:11-03:00,google_flights,GRU,AMS,2027-04-18,4748.0,BRL,KLM,KLM,KL 792,0,,0,695,2027-04-18T21:45,2027-04-19T14:20,desconhecida,https://www.google.com/travel/flights?q=Flights%20to%20AMS%20from%20GRU%20on%202027-04-18%20oneway,12e8ac08b3e9,
2026-09-08T11:50:11-03:00,google_flights,GRU,AMS,2027-04-18,2936.0,BRL,United,United,UA 860 UA 946,1,IAD 11h05,665,1745,2027-04-18T21:30,2027-04-20T07:35,desconhecida,https://www.google.com/travel/flights?q=Flights%20to%20AMS%20from%20GRU%20on%202027-04-18%20oneway,841de97db4b7,
2026-09-08T11:50:11-03:00,google_flights,GRU,MUC,2027-04-18,3233.0,BRL,United,United,UA 860 UA 108,1,IAD 11h00,660,1755,2027-04-18T21:30,2027-04-20T07:45,desconhecida,https://www.google.com/travel/flights?q=Flights%20to%20MUC%20from%20GRU%20on%202027-04-18%20oneway,800c3a2c3f97,
2026-09-08T11:50:11-03:00,google_flights,BSB,FRA,2027-04-18,3268.0,BRL,Tap Air Portugal,Tap Air Portugal,TP 58 TP 570,1,LIS 1h40,100,845,2027-04-18T17:25,2027-04-19T12:30,desconhecida,https://www.google.com/travel/flights?q=Flights%20to%20FRA%20from%20BSB%20on%202027-04-18%20oneway,36d723ede46d,
2026-09-08T11:50:11-03:00,google_flights,GRU,FRA,2027-04-18,3320.0,BRL,Air Canada,Air Canada,AC 91 AC 840,1,YYZ 9h50,590,1675,2027-04-18T21:35,2027-04-20T06:30,desconhecida,https://www.google.com/travel/flights?q=Flights%20to%20FRA%20from%20GRU%20on%202027-04-18%20oneway,274f85dcccca,
2026-09-08T11:50:11-03:00,google_flights,GRU,FRA,2027-04-18,3325.0,BRL,Air Europa,Air Europa,UX 58 UX 1503,1,MAD 2h00,120,895,2027-04-18T13:50,2027-04-19T09:45,desconhecida,https://www.google.com/travel/flights?q=Flights%20to%20FRA%20from%20GRU%20on%202027-04-18%20oneway,5acefc48a67a,
2026-09-08T11:50:11-03:00,google_flights,GRU,MUC,2027-04-18,3325.0,BRL,Air Europa,Air Europa,UX 58 UX 1515,1,MAD 2h05,125,895,2027-04-18T13:50,2027-04-19T09:45,desconhecida,https://www.google.com/travel/flights?q=Flights%20to%20MUC%20from%20GRU%20on%202027-04-18%20oneway,cac71579581b,
2026-09-08T11:50:11-03:00,google_flights,GRU,FRA,2027-04-18,3348.0,BRL,ITA,ITA|Lufthansa,AZ 675 LH 231,1,FCO 3h10,190,1005,2027-04-18T14:15,2027-04-19T12:00,desconhecida,https://www.google.com/travel/flights?q=Flights%20to%20FRA%20from%20GRU%20on%202027-04-18%20oneway,7feca013a751,
2026-09-08T11:50:11-03:00,google_flights,GIG,FRA,2027-04-18,3352.0,BRL,Tap Air Portugal,Tap Air Portugal,TP 72 TP 574,1,LIS 6h15,375,1150,2027-04-18T22:10,2027-04-19T22:20,desconhecida,https://www.google.com/travel/flights?q=Flights%20to%20FRA%20from%20GIG%20on%202027-04-18%20oneway,caae135e5a67,
2026-09-08T11:50:11-03:00,google_flights,GIG,FRA,2027-04-18,3636.0,BRL,Tap Air Portugal,Tap Air Portugal,TP 72 TP 572,1,LIS 2h35,155,930,2027-04-18T22:10,2027-04-19T18:40,desconhecida,https://www.google.com/travel/flights?q=Flights%20to%20FRA%20from%20GIG%20on%202027-04-18%20oneway,df84a8ed448d,
2026-09-08T11:50:11-03:00,google_flights,GRU,FRA,2027-04-18,3773.0,BRL,ITA,ITA,AZ 675 AZ 400,1,FCO 1h55,115,935,2027-04-18T14:15,2027-04-19T10:50,desconhecida,https://www.google.com/travel/flights?q=Flights%20to%20FRA%20from%20GRU%20on%202027-04-18%20oneway,07a847b3e9bb,
2026-09-08T11:50:22-03:00,google_flights,GRU,MUC,2027-04-18,4850.0,BRL,Air Europa,Air Europa,UX 58 UX 1515,1,MAD 2h05,125,895,2027-04-18T13:50,2027-04-19T09:45,desconhecida,https://www.google.com/travel/flights?q=Flights%20to%20MUC%20from%20GRU%20on%202027-04-18%20oneway,cac71579581b,2027-04-25
2026-09-08T11:50:22-03:00,google_flights,GRU,AMS,2027-04-18,5688.0,BRL,KLM,KLM,KL 792,0,,0,695,2027-04-18T21:45,2027-04-19T14:20,desconhecida,https://www.google.com/travel/flights?q=Flights%20to%20AMS%20from%20GRU%20on%202027-04-18%20oneway,12e8ac08b3e9,2027-04-25
2026-09-08T11:50:22-03:00,google_flights,GRU,FRA,2027-04-18,5726.0,BRL,LATAM,LATAM,LA 8070,0,,0,705,2027-04-18T23:40,2027-04-19T16:25,desconhecida,https://www.google.com/travel/flights?q=Flights%20to%20FRA%20from%20GRU%20on%202027-04-18%20oneway,c63339d92f4a,2027-04-25
2026-09-08T11:50:22-03:00,google_flights,GRU,AMS,2027-04-18,5001.0,BRL,Air Europa,Air Europa,UX 58 UX 1091,1,MAD 2h00,120,890,2027-04-18T13:50,2027-04-19T09:40,desconhecida,https://www.google.com/travel/flights?q=Flights%20to%20AMS%20from%20GRU%20on%202027-04-18%20oneway,7c2f7b17fa24,2027-04-25
2026-09-08T11:50:22-03:00,google_flights,GRU,BER,2027-04-18,5018.0,BRL,LATAM,LATAM|Finnair,LA 8084 AY 1338 AY 1431,2,"LHR 3h05, HEL 8h10",185,1635,2027-04-18T23:50,2027-04-20T08:05,desconhecida,https://www.google.com/travel/flights?q=Flights%20to%20BER%20from%20GRU%20on%202027-04-18%20oneway,6f8ac0d9e973,2027-04-25
2026-09-08T11:50:22-03:00,google_flights,GRU,VIE,2027-04-18,5071.0,BRL,Iberia,Iberia,IB 272 IB 797,1,MAD 9h10,550,1355,2027-04-18T19:20,2027-04-19T22:55,desconhecida,https://www.google.com/travel/flights?q=Flights%20to%20VIE%20from%20GRU%20on%202027-04-18%20oneway,46a601b083aa,2027-04-25
2026-09-08T11:50:22-03:00,google_flights,GIG,VIE,2027-04-18,5538.0,BRL,Iberia,Iberia,IB 270 IB 795,1,MAD 6h05,365,1125,2027-04-18T19:15,2027-04-19T19:00,desconhecida,https://www.google.com/travel/flights?q=Flights%20to%20VIE%20from%20GIG%20on%202027-04-18%20oneway,e4a17db6b530,2027-04-25
2026-09-08T11:50:22-03:00,google_flights,GIG,FRA,2027-04-18,5639.0,BRL,LATAM,LATAM,LA 3875 LA 8070,1,GRU 2h55,175,950,2027-04-18T19:35,2027-04-19T16:25,desconhecida,https://www.google.com/travel/flights?q=Flights%20to%20FRA%20from%20GIG%20on%202027-04-18%20oneway,2ca4278e43d5,2027-04-25
2026-09-08T11:50:22-03:00,google_flights,GRU,MUC,2027-04-18,5857.0,BRL,Tap Air Portugal,Tap Air Portugal,TP 82 TP 552,1,LIS 3h15,195,975,2027-04-18T15:30,2027-04-19T12:45,desconhecida,https://www.google.com/travel/flights?q=Flights%20to%20MUC%20from%20GRU%20on%202027-04-18%20oneway,decc40b6272a,2027-04-25
2026-09-08T11:50:22-03:00,google_flights,BSB,MUC,2027-04-18,5945.0,BRL,Gol,Gol|Air Europa,G3 1718 UX 84 UX 1517,2,"SSA 6h15, MAD 2h50",170,1330,2027-04-18T14:35,2027-04-19T17:45,desconhecida,https://www.google.com/travel/flights?q=Flights%20to%20MUC%20from%20BSB%20on%202027-04-18%20oneway,5e68d789272b,2027-04-25
2026-09-08T11:50:22-03:00,google_flights,BSB,FRA,2027-04-18,5965.0,BRL,Tap Air Portugal,Tap Air Portugal,TP 58 TP 570,1,LIS 1h40,100,845,2027-04-18T17:25,2027-04-19T12:30,desconhecida,https://www.google.com/travel/flights?q=Flights%20to%20FRA%20from%20BSB%20on%202027-04-18%20oneway,36d723ede46d,2027-04-25
2026-09-08T11:50:22-03:00,google_flights,GRU,AMS,2027-04-18,6186.0,BRL,LATAM,LATAM,LA 8078,0,,0,710,2027-04-18T18:00,2027-04-19T10:50,desconhecida,https://www.google.com/travel/flights?q=Flights%20to%20AMS%20from%20GRU%20on%202027-04-18%20oneway,c905b06bab26,2027-04-25
2026-09-08T11:50:22-03:00,google_flights,GRU,FRA,2027-04-18,7362.0,BRL,Lufthansa,Lufthansa,LH 507,0,,0,695,2027-04-18T18:10,2027-04-19T10:45,desconhecida,https://www.google.com/travel/flights?q=Flights%20to%20FRA%20from%20GRU%20on%202027-04-18%20oneway,c1f74f26645b,2027-04-25
2026-09-08T16:43:37-03:00,google_flights,GRU,FRA,2027-04-22,3325.0,BRL,Air Europa,Air Europa,UX 58 UX 1503,1,MAD 2h00,120,895,2027-04-22T13:50,2027-04-23T09:45,desconhecida,https://www.google.com/travel/flights?q=Flights%20to%20FRA%20from%20GRU%20on%202027-04-22%20oneway,f1969eb69575,
2026-09-08T16:43:37-03:00,google_flights,GIG,MUC,2027-04-22,3426.0,BRL,ITA,ITA,AZ 673 AZ 432,1,FCO 1h55,115,885,2027-04-22T14:25,2027-04-23T10:10,desconhecida,https://www.google.com/travel/flights?q=Flights%20to%20MUC%20from%20GIG%20on%202027-04-22%20oneway,49bbcd020d85,
2026-09-08T16:43:37-03:00,google_flights,BSB,FRA,2027-04-22,3489.0,BRL,Tap Air Portugal,Tap Air Portugal,TP 58 TP 570,1,LIS 2h00,120,860,2027-04-22T17:10,2027-04-23T12:30,desconhecida,https://www.google.com/travel/flights?q=Flights%20to%20FRA%20from%20BSB%20on%202027-04-22%20oneway,09fd94a52530,
2026-09-08T16:43:37-03:00,google_flights,GRU,AMS,2027-04-22,2695.0,BRL,United,United,UA 148 UA 70,1,EWR 11h50,710,1755,2027-04-22T21:00,2027-04-24T07:15,desconhecida,https://www.google.com/travel/flights?q=Flights%20to%20AMS%20from%20GRU%20on%202027-04-22%20oneway,0254929b3ccf,
2026-09-08T16:43:37-03:00,google_flights,GRU,AMS,2027-04-22,2695.0,BRL,United,United,UA 860 UA 946,1,IAD 11h05,665,1745,2027-04-22T21:30,2027-04-24T07:35,desconhecida,https://www.google.com/travel/flights?q=Flights%20to%20AMS%20from%20GRU%20on%202027-04-22%20oneway,34e8230fb190,
2026-09-08T16:43:37-03:00,google_flights,GRU,VIE,2027-04-22,2695.0,BRL,United,United|Austrian,UA 844 OS 46,1,ORD 9h35,575,1735,2027-04-22T22:20,2027-04-24T08:15,desconhecida,https://www.google.com/travel/flights?q=Flights%20to%20VIE%20from%20GRU%20on%202027-04-22%20oneway,6b5e221ac497,
2026-09-08T16:43:37-03:00,google_flights,GRU,AMS,2027-04-22,2695.0,BRL,United,United,UA 844 UA 909,1,ORD 11h15,675,1810,2027-04-22T22:20,2027-04-24T09:30,desconhecida,https://www.google.com/travel/flights?q=Flights%20to%20AMS%20from%20GRU%20on%202027-04-22%20oneway,a8336a47ecab,
2026-09-08T16:43:37-03:00,google_flights,GIG,AMS,2027-04-22,2864.0,BRL,United,United,UA 128 UA 20,1,IAH 10h40,640,1875,2027-04-22T21:05,2027-04-24T09:20,desconhecida,https://www.google.com/travel/flights?q=Flights%20to%20AMS%20from%20GIG%20on%202027-04-22%20oneway,03f5dad5ff81,
2026-09-08T16:43:37-03:00,google_flights,GRU,CPH,2027-04-22,2931.0,BRL,United,United|Lufthansa,UA 844 UA 944 LH 826,2,"ORD 8h15, FRA 1h20",80,1795,2027-04-22T22:20,2027-04-24T09:15,desconhecida,https://www.google.com/travel/flights?q=Flights%20to%20CPH%20from%20GRU%20on%202027-04-22%20oneway,3aa2790a61ad,
2026-09-08T16:43:37-03:00,google_flights,BSB,FRA,2027-04-22,3268.0,BRL,Tap Air Portugal,Tap Air Portugal,TP 58 TP 574,1,LIS 11h50,710,1450,2027-04-22T17:10,2027-04-23T22:20,desconhecida,https://www.google.com/travel/flights?q=Flights%20to%20FRA%20from%20BSB%20on%202027-04-22%20oneway,ce93dc6fdaa8,
2026-09-08T16:43:37-03:00,google_flights,GRU,MUC,2027-04-22,3325.0,BRL,Air Europa,Air Europa,UX 58 UX 1515,1,MAD 2h05,125,895,2027-04-22T13:50,2027-04-23T09:45,desconhecida,https://www.google.com/travel/flights?q=Flights%20to%20MUC%20from%20GRU%20on%202027-04-22%20oneway,db7d0116e469,
2026-09-08T16:43:37-03:00,google_flights,GIG,FRA,2027-04-22,3352.0,BRL,Tap Air Portugal,Tap Air Portugal,TP 67 TP 574,1,LIS 5h25,325,1100,2027-04-22T23:00,2027-04-23T22:20,desconhecida,https://www.google.com/travel/flights?q=Flights%20to%20FRA%20from%20GIG%20on%202027-04-22%20oneway,fbceafe70fd3,
2026-09-08T16:43:37-03:00,google_flights,GRU,AMS,2027-04-22,3433.0,BRL,Air Europa,Air Europa,UX 58 UX 1091,1,MAD 2h00,120,890,2027-04-22T13:50,2027-04-23T09:40,desconhecida,https://www.google.com/travel/flights?q=Flights%20to%20AMS%20from%20GRU%20on%202027-04-22%20oneway,9290da6ef6b0,
2026-09-08T16:43:37-03:00,google_flights,GRU,FRA,2027-04-22,3515.0,BRL,Tap Air Portugal,Tap Air Portugal,TP 84 TP 574,1,LIS 3h35,215,995,2027-04-22T00:45,2027-04-22T22:20,desconhecida,https://www.google.com/travel/flights?q=Flights%20to%20FRA%20from%20GRU%20on%202027-04-22%20oneway,4966bd0c910b,
2026-09-08T16:43:37-03:00,google_flights,GRU,FRA,2027-04-22,3515.0,BRL,Tap Air Portugal,Tap Air Portugal,TP 88 TP 572,1,LIS 3h55,235,1015,2027-04-22T20:45,2027-04-23T18:40,desconhecida,https://www.google.com/travel/flights?q=Flights%20to%20FRA%20from%20GRU%20on%202027-04-22%20oneway,574f3b63b9d5,
2026-09-08T16:43:37-03:00,google_flights,GRU,MUC,2027-04-22,3776.0,BRL,ITA,ITA|Lufthansa City Airlines,AZ 679 VL 1875,1,FCO 1h15,75,865,2027-04-22T18:55,2027-04-23T14:20,desconhecida,https://www.google.com/travel/flights?q=Flights%20to%20MUC%20from%20GRU%20on%202027-04-22%20oneway,5a43bf71dbfe,
2026-09-08T16:43:37-03:00,google_flights,GIG,AMS,2027-04-22,3789.0,BRL,Tap Air Portugal,Tap Air Portugal,TP 67 TP 672,1,LIS 1h50,110,880,2027-04-22T23:00,2027-04-23T18:40,desconhecida,https://www.google.com/travel/flights?q=Flights%20to%20AMS%20from%20GIG%20on%202027-04-22%20oneway,10eb1445559d,
2026-09-08T16:43:37-03:00,google_flights,BSB,BER,2027-04-22,3808.0,BRL,Tap Air Portugal,Tap Air Portugal,TP 58 TP 530,1,LIS 1h30,90,850,2027-04-22T17:10,2027-04-23T12:20,desconhecida,https://www.google.com/travel/flights?q=Flights%20to%20BER%20from%20BSB%20on%202027-04-22%20oneway,94330108dea4,
2026-09-08T23:35:54-03:00,google_flights,GRU,MUC,2027-04-19,3325.0,BRL,Air Europa,Air Europa,UX 58 UX 1515,1,MAD 2h05,125,895,2027-04-19T13:50,2027-04-20T09:45,desconhecida,https://www.google.com/travel/flights?q=Flights%20to%20MUC%20from%20GRU%20on%202027-04-19%20oneway,efa495909ca0,
2026-09-08T23:35:54-03:00,google_flights,GRU,FRA,2027-04-19,3325.0,BRL,Air Europa,Air Europa,UX 58 UX 1503,1,MAD 2h00,120,895,2027-04-19T13:50,2027-04-20T09:45,desconhecida,https://www.google.com/travel/flights?q=Flights%20to%20FRA%20from%20GRU%20on%202027-04-19%20oneway,2ab0796500a9,
2026-09-08T23:35:54-03:00,google_flights,GRU,FRA,2027-04-19,3325.0,BRL,ITA,ITA|Lufthansa,AZ 675 LH 231,1,FCO 3h10,190,1005,2027-04-19T14:15,2027-04-20T12:00,desconhecida,https://www.google.com/travel/flights?q=Flights%20to%20FRA%20from%20GRU%20on%202027-04-19%20oneway,18d3bfdf104d,
2026-09-08T23:35:54-03:00,google_flights,GIG,FRA,2027-04-19,3352.0,BRL,Tap Air Portugal,Tap Air Portugal,TP 76 TP 570,1,LIS 3h00,180,955,2027-04-19T15:35,2027-04-20T12:30,desconhecida,https://www.google.com/travel/flights?q=Flights%20to%20FRA%20from%20GIG%20on%202027-04-19%20oneway,a14fd11859c0,
2026-09-08T23:35:54-03:00,google_flights,GRU,AMS,2027-04-19,2936.0,BRL,United,United,UA 860 UA 946,1,IAD 11h05,665,1745,2027-04-19T21:30,2027-04-21T07:35,desconhecida,https://www.google.com/travel/flights?q=Flights%20to%20AMS%20from%20GRU%20on%202027-04-19%20oneway,f19b816caf5c,
2026-09-08T23:35:54-03:00,google_flights,GRU,FRA,2027-04-19,3284.0,BRL,Air Canada,Air Canada,AC 97 AC 844,1,YUL 10h15,615,1680,2027-04-19T21:00,2027-04-21T06:00,desconhecida,https://www.google.com/travel/flights?q=Flights%20to%20FRA%20from%20GRU%20on%202027-04-19%20oneway,e4b076a57ce7,
2026-09-08T23:35:54-03:00,google_flights,GRU,MUC,2027-04-19,3309.0,BRL,Air Canada,Air Canada,AC 91 AC 836,1,YYZ 11h00,660,1750,2027-04-19T21:35,2027-04-21T07:45,desconhecida,https://www.google.com/travel/flights?q=Flights%20to%20MUC%20from%20GRU%20on%202027-04-19%20oneway,e3af4d0fd4ff,
2026-09-08T23:35:54-03:00,google_flights,GRU,VIE,2027-04-19,3309.0,BRL,Air Canada,Air Canada,AC 91 AC 886,1,YYZ 11h15,675,1785,2027-04-19T21:35,2027-04-21T08:20,desconhecida,https://www.google.com/travel/flights?q=Flights%20to%20VIE%20from%20GRU%20on%202027-04-19%20oneway,793351896b6b,
2026-09-08T23:35:54-03:00,google_flights,GIG,FRA,2027-04-19,3352.0,BRL,Tap Air Portugal,Tap Air Portugal,TP 72 TP 572,1,LIS 2h35,155,930,2027-04-19T22:10,2027-04-20T18:40,desconhecida,https://www.google.com/travel/flights?q=Flights%20to%20FRA%20from%20GIG%20on%202027-04-19%20oneway,c140b9eebab4,
2026-09-08T23:35:54-03:00,google_flights,BSB,BER,2027-04-19,3419.0,BRL,Tap Air Portugal,Tap Air Portugal,TP 58 TP 532,1,LIS 5h25,325,1085,2027-04-19T17:25,2027-04-20T16:30,desconhecida,https://www.google.com/travel/flights?q=Flights%20to%20BER%20from%20BSB%20on%202027-04-19%20oneway,c06362a3ff0a,
2026-09-08T23:35:54-03:00,google_flights,GRU,AMS,2027-04-19,3433.0,BRL,Air Europa,Air Europa,UX 58 UX 1091,1,MAD 2h00,120,890,2027-04-19T13:50,2027-04-20T09:40,desconhecida,https://www.google.com/travel/flights?q=Flights%20to%20AMS%20from%20GRU%20on%202027-04-19%20oneway,96c8dd0da8c7,
2026-09-08T23:35:54-03:00,google_flights,GRU,FRA,2027-04-19,3515.0,BRL,Tap Air Portugal,Tap Air Portugal,TP 84 TP 574,1,LIS 3h35,215,995,2027-04-19T00:45,2027-04-19T22:20,desconhecida,https://www.google.com/travel/flights?q=Flights%20to%20FRA%20from%20GRU%20on%202027-04-19%20oneway,08c1eb583b55,
2026-09-08T23:35:54-03:00,google_flights,GRU,AMS,2027-04-19,3645.0,BRL,ITA,ITA,AZ 679 AZ 110,1,FCO 3h35,215,1030,2027-04-19T18:55,2027-04-20T17:05,desconhecida,https://www.google.com/travel/flights?q=Flights%20to%20AMS%20from%20GRU%20on%202027-04-19%20oneway,0a1f7b704f73,
2026-09-08T23:35:54-03:00,google_flights,GRU,MUC,2027-04-19,3773.0,BRL,ITA,ITA,AZ 675 AZ 432,1,FCO 1h45,105,895,2027-04-19T14:15,2027-04-20T10:10,desconhecida,https://www.google.com/travel/flights?q=Flights%20to%20MUC%20from%20GRU%20on%202027-04-19%20oneway,94873fc6e231,
2026-09-08T23:35:54-03:00,google_flights,GRU,AMS,2027-04-19,4748.0,BRL,KLM,KLM,KL 792,0,,0,695,2027-04-19T21:45,2027-04-20T14:20,desconhecida,https://www.google.com/travel/flights?q=Flights%20to%20AMS%20from%20GRU%20on%202027-04-19%20oneway,d43e59eb49ba,
2026-09-08T23:35:59-03:00,google_flights,GRU,AMS,2027-04-20,3198.0,BRL,ITA,ITA,AZ 679 AZ 110,1,FCO 3h35,215,1030,2027-04-20T18:55,2027-04-21T17:05,desconhecida,https://www.google.com/travel/flights?q=Flights%20to%20AMS%20from%20GRU%20on%202027-04-20%20oneway,954c9331a37b,
2026-09-08T23:35:59-03:00,google_flights,BSB,FRA,2027-04-20,3210.0,BRL,Tap Air Portugal,Tap Air Portugal,TP 58 TP 570,1,LIS 1h45,105,845,2027-04-20T17:25,2027-04-21T12:30,desconhecida,https://www.google.com/travel/flights?q=Flights%20to%20FRA%20from%20BSB%20on%202027-04-20%20oneway,d30f00213e1c,
2026-09-08T23:35:59-03:00,google_flights,GRU,MUC,2027-04-20,3325.0,BRL,Air Europa,Air Europa,UX 58 UX 1515,1,MAD 2h05,125,895,2027-04-20T13:50,2027-04-21T09:45,desconhecida,https://www.google.com/travel/flights?q=Flights%20to%20MUC%20from%20GRU%20on%202027-04-20%20oneway,ebb631af85ff,
2026-09-08T23:35:59-03:00,google_flights,GRU,AMS,2027-04-20,2695.0,BRL,United,United,UA 860 UA 946,1,IAD 11h05,665,1745,2027-04-20T21:30,2027-04-22T07:35,desconhecida,https://www.google.com/travel/flights?q=Flights%20to%20AMS%20from%20GRU%20on%202027-04-20%20oneway,9cc8aafdde03,
2026-09-08T23:35:59-03:00,google_flights,GRU,VIE,2027-04-20,3309.0,BRL,Air Canada,Air Canada,AC 91 AC 886,1,YYZ 11h15,675,1785,2027-04-20T21:35,2027-04-22T08:20,desconhecida,https://www.google.com/travel/flights?q=Flights%20to%20VIE%20from%20GRU%20on%202027-04-20%20oneway,9137defb1cf1,
2026-09-08T23:35:59-03:00,google_flights,GRU,FRA,2027-04-20,3325.0,BRL,Air Europa,Air Europa,UX 58 UX 1503,1,MAD 2h00,120,895,2027-04-20T13:50,2027-04-21T09:45,desconhecida,https://www.google.com/travel/flights?q=Flights%20to%20FRA%20from%20GRU%20on%202027-04-20%20oneway,71f776be3cfe,
2026-09-08T23:35:59-03:00,google_flights,GRU,MUC,2027-04-20,3328.0,BRL,ITA,ITA|Lufthansa,AZ 679 LH 1869,1,FCO 4h55,295,1055,2027-04-20T18:55,2027-04-21T17:30,desconhecida,https://www.google.com/travel/flights?q=Flights%20to%20MUC%20from%20GRU%20on%202027-04-20%20oneway,7b9e4e79ee2d,
2026-09-08T23:35:59-03:00,google_flights,GIG,FRA,2027-04-20,3373.0,BRL,Tap Air Portugal,Tap Air Portugal,TP 67 TP 570,1,LIS 19h35,1175,1950,2027-04-20T23:00,2027-04-22T12:30,desconhecida,https://www.google.com/travel/flights?q=Flights%20to%20FRA%20from%20GIG%20on%202027-04-20%20oneway,a2583bc01463,
2026-09-08T23:35:59-03:00,google_flights,GRU,AMS,2027-04-20,3433.0,BRL,Air Europa,Air Europa,UX 58 UX 1091,1,MAD 2h00,120,890,2027-04-20T13:50,2027-04-21T09:40,desconhecida,https://www.google.com/travel/flights?q=Flights%20to%20AMS%20from%20GRU%20on%202027-04-20%20oneway,449c11bd5a36,
2026-09-08T23:35:59-03:00,google_flights,GIG,MUC,2027-04-20,3499.0,BRL,Tap Air Portugal,Tap Air Portugal,TP 67 TP 554,1,LIS 2h10,130,900,2027-04-20T23:00,2027-04-21T19:00,desconhecida,https://www.google.com/travel/flights?q=Flights%20to%20MUC%20from%20GIG%20on%202027-04-20%20oneway,81f89426a9f0,
2026-09-08T23:35:59-03:00,google_flights,GRU,FRA,2027-04-20,3515.0,BRL,Tap Air Portugal,Tap Air Portugal,TP 84 TP 574,1,LIS 3h35,215,995,2027-04-20T00:45,2027-04-20T22:20,desconhecida,https://www.google.com/travel/flights?q=Flights%20to%20FRA%20from%20GRU%20on%202027-04-20%20oneway,112b1fbbe5d4,
2026-09-08T23:35:59-03:00,google_flights,GRU,FRA,2027-04-20,3515.0,BRL,Tap Air Portugal,Tap Air Portugal,TP 88 TP 572,1,LIS 3h55,235,1015,2027-04-20T20:45,2027-04-21T18:40,desconhecida,https://www.google.com/travel/flights?q=Flights%20to%20FRA%20from%20GRU%20on%202027-04-20%20oneway,24da5937474d,
2026-09-08T23:35:59-03:00,google_flights,GRU,MUC,2027-04-20,3773.0,BRL,ITA,ITA,AZ 675 AZ 432,1,FCO 1h45,105,895,2027-04-20T14:15,2027-04-21T10:10,desconhecida,https://www.google.com/travel/flights?q=Flights%20to%20MUC%20from%20GRU%20on%202027-04-20%20oneway,1bf41774fa90,
2026-09-08T23:35:59-03:00,google_flights,GRU,AMS,2027-04-20,4748.0,BRL,KLM,KLM,KL 792,0,,0,695,2027-04-20T21:45,2027-04-21T14:20,desconhecida,https://www.google.com/travel/flights?q=Flights%20to%20AMS%20from%20GRU%20on%202027-04-20%20oneway,0a6fe5cc738f,
2026-09-08T23:36:05-03:00,google_flights,GRU,MUC,2027-04-21,3325.0,BRL,Air Europa,Air Europa,UX 58 UX 1515,1,MAD 2h05,125,895,2027-04-21T13:50,2027-04-22T09:45,desconhecida,https://www.google.com/travel/flights?q=Flights%20to%20MUC%20from%20GRU%20on%202027-04-21%20oneway,304e39efe077,
2026-09-08T23:36:05-03:00,google_flights,BSB,MUC,2027-04-21,3489.0,BRL,Tap Air Portugal,Tap Air Portugal,TP 58 TP 552,1,LIS 1h15,75,810,2027-04-21T18:15,2027-04-22T12:45,desconhecida,https://www.google.com/travel/flights?q=Flights%20to%20MUC%20from%20BSB%20on%202027-04-21%20oneway,ba1615826e8b,
2026-09-08T23:36:05-03:00,google_flights,GRU,MUC,2027-04-21,3755.0,BRL,ITA,ITA,AZ 675 AZ 432,1,FCO 1h45,105,895,2027-04-21T14:15,2027-04-22T10:10,desconhecida,https://www.google.com/travel/flights?q=Flights%20to%20MUC%20from%20GRU%20on%202027-04-21%20oneway,1f446cdfb4d1,
2026-09-08T23:36:05-03:00,google_flights,GRU,AMS,2027-04-21,2695.0,BRL,United,United,UA 860 UA 946,1,IAD 11h05,665,1745,2027-04-21T21:30,2027-04-23T07:35,desconhecida,https://www.google.com/travel/flights?q=Flights%20to%20AMS%20from%20GRU%20on%202027-04-21%20oneway,a5f9b8ad0512,
2026-09-08T23:36:05-03:00,google_flights,GRU,AMS,2027-04-21,2695.0,BRL,United,United,UA 844 UA 909,1,ORD 11h15,675,1810,2027-04-21T22:20,2027-04-23T09:30,desconhecida,https://www.google.com/travel/flights?q=Flights%20to%20AMS%20from%20GRU%20on%202027-04-21%20oneway,83fd411b0929,
2026-09-08T23:36:05-03:00,google_flights,GRU,CPH,2027-04-21,2931.0,BRL,United,United|Lufthansa,UA 844 UA 944 LH 826,2,"ORD 8h15, FRA 1h20",80,1795,2027-04-21T22:20,2027-04-23T09:15,desconhecida,https://www.google.com/travel/flights?q=Flights%20to%20CPH%20from%20GRU%20on%202027-04-21%20oneway,5173dcc928e7,
2026-09-08T23:36:05-03:00,google_flights,BSB,FRA,2027-04-21,3221.0,BRL,Tap Air Portugal,Tap Air Portugal,TP 58 TP 574,1,LIS 10h45,645,1385,2027-04-21T18:15,2027-04-22T22:20,desconhecida,https://www.google.com/travel/flights?q=Flights%20to%20FRA%20from%20BSB%20on%202027-04-21%20oneway,8cf24b139c58,
2026-09-08T23:36:05-03:00,google_flights,BSB,FRA,2027-04-21,3258.0,BRL,Tap Air Portugal,Tap Air Portugal,TP 58 TP 572,1,LIS 7h05,425,1165,2027-04-21T18:15,2027-04-22T18:40,desconhecida,https://www.google.com/travel/flights?q=Flights%20to%20FRA%20from%20BSB%20on%202027-04-21%20oneway,1f8045e5e961,
2026-09-08T23:36:05-03:00,google_flights,GRU,FRA,2027-04-21,3284.0,BRL,Air Canada,Air Canada,AC 97 AC 844,1,YUL 10h15,615,1680,2027-04-21T21:00,2027-04-23T06:00,desconhecida,https://www.google.com/travel/flights?q=Flights%20to%20FRA%20from%20GRU%20on%202027-04-21%20oneway,a1f9159ae59d,
2026-09-08T23:36:05-03:00,google_flights,GRU,FRA,2027-04-21,3325.0,BRL,Air Europa,Air Europa,UX 58 UX 1503,1,MAD 2h00,120,895,2027-04-21T13:50,2027-04-22T09:45,desconhecida,https://www.google.com/travel/flights?q=Flights%20to%20FRA%20from%20GRU%20on%202027-04-21%20oneway,22814f2ca842,
2026-09-08T23:36:05-03:00,google_flights,GIG,AMS,2027-04-21,3372.0,BRL,United,United,UA 128 UA 20,1,IAH 10h40,640,1875,2027-04-21T21:05,2027-04-23T09:20,desconhecida,https://www.google.com/travel/flights?q=Flights%20to%20AMS%20from%20GIG%20on%202027-04-21%20oneway,c3814dc77742,
2026-09-08T23:36:05-03:00,google_flights,GRU,AMS,2027-04-21,3433.0,BRL,Air Europa,Air Europa,UX 58 UX 1091,1,MAD 2h00,120,890,2027-04-21T13:50,2027-04-22T09:40,desconhecida,https://www.google.com/travel/flights?q=Flights%20to%20AMS%20from%20GRU%20on%202027-04-21%20oneway,9c22a2dad831,
2026-09-08T23:36:05-03:00,google_flights,BSB,BER,2027-04-21,3450.0,BRL,Tap Air Portugal,Tap Air Portugal,TP 58 TP 532,1,LIS 4h35,275,1035,2027-04-21T18:15,2027-04-22T16:30,desconhecida,https://www.google.com/travel/flights?q=Flights%20to%20BER%20from%20BSB%20on%202027-04-21%20oneway,7edb5ed8cef7,
2026-09-08T23:36:05-03:00,google_flights,GRU,FRA,2027-04-21,3515.0,BRL,Tap Air Portugal,Tap Air Portugal,TP 82 TP 570,1,LIS 2h55,175,960,2027-04-21T15:30,2027-04-22T12:30,desconhecida,https://www.google.com/travel/flights?q=Flights%20to%20FRA%20from%20GRU%20on%202027-04-21%20oneway,0bac21ee23e8,
2026-09-08T23:36:05-03:00,google_flights,GRU,FRA,2027-04-21,3515.0,BRL,Tap Air Portugal,Tap Air Portugal,TP 88 TP 572,1,LIS 3h55,235,1015,2027-04-21T20:45,2027-04-22T18:40,desconhecida,https://www.google.com/travel/flights?q=Flights%20to%20FRA%20from%20GRU%20on%202027-04-21%20oneway,4d7949f7e1b5,
2026-09-08T23:36:05-03:00,google_flights,GRU,AMS,2027-04-21,3630.0,BRL,ITA,ITA,AZ 679 AZ 110,1,FCO 3h05,185,1030,2027-04-21T18:55,2027-04-22T17:05,desconhecida,https://www.google.com/travel/flights?q=Flights%20to%20AMS%20from%20GRU%20on%202027-04-21%20oneway,4366d35f82e3,
2026-09-08T23:36:05-03:00,google_flights,GIG,VIE,2027-04-21,3678.0,BRL,Tap Air Portugal,Tap Air Portugal,TP 72 TP 1272,1,LIS 2h00,120,915,2027-04-21T22:10,2027-04-22T18:25,desconhecida,https://www.google.com/travel/flights?q=Flights%20to%20VIE%20from%20GIG%20on%202027-04-21%20oneway,1f1cef33f9a7,
2026-09-08T23:36:05-03:00,google_flights,GRU,MUC,2027-04-21,3755.0,BRL,ITA,ITA|Lufthansa,AZ 675 LH 1873,1,FCO 1h10,70,860,2027-04-21T14:15,2027-04-22T09:35,desconhecida,https://www.google.com/travel/flights?q=Flights%20to%20MUC%20from%20GRU%20on%202027-04-21%20oneway,cf3d6527f594,
2026-09-08T23:36:05-03:00,google_flights,GRU,MUC,2027-04-21,3755.0,BRL,ITA,ITA|Lufthansa City Airlines,AZ 679 VL 1875,1,FCO 1h15,75,865,2027-04-21T18:55,2027-04-22T14:20,desconhecida,https://www.google.com/travel/flights?q=Flights%20to%20MUC%20from%20GRU%20on%202027-04-21%20oneway,b14e3e5e4fa4,
2026-09-08T23:36:05-03:00,google_flights,GRU,AMS,2027-04-21,3755.0,BRL,British Airways,British Airways,BA 246 BA 430,1,LHR 1h30,90,850,2027-04-21T15:30,2027-04-22T10:40,desconhecida,https://www.google.com/travel/flights?q=Flights%20to%20AMS%20from%20GRU%20on%202027-04-21%20oneway,6a59a525fbe7,
2026-09-08T23:36:05-03:00,google_flights,GRU,AMS,2027-04-21,4748.0,BRL,KLM,KLM,KL 792,0,,0,695,2027-04-21T21:45,2027-04-22T14:20,desconhecida,https://www.google.com/travel/flights?q=Flights%20to%20AMS%20from%20GRU%20on%202027-04-21%20oneway,e2a05f53c049,
2026-09-09T11:55:19-03:00,google_flights,GRU,FRA,2027-04-22,3301.0,BRL,Air Europa,Air Europa,UX 58 UX 1503,1,MAD 2h00,120,895,2027-04-22T13:50,2027-04-23T09:45,desconhecida,https://www.google.com/travel/flights?q=Flights%20to%20FRA%20from%20GRU%20on%202027-04-22%20oneway,f1969eb69575,
2026-09-09T11:55:19-03:00,google_flights,GIG,MUC,2027-04-22,3408.0,BRL,ITA,ITA,AZ 673 AZ 432,1,FCO 1h55,115,885,2027-04-22T14:25,2027-04-23T10:10,desconhecida,https://www.google.com/travel/flights?q=Flights%20to%20MUC%20from%20GIG%20on%202027-04-22%20oneway,49bbcd020d85,
2026-09-09T11:55:19-03:00,google_flights,BSB,FRA,2027-04-22,3459.0,BRL,Tap Air Portugal,Tap Air Portugal,TP 58 TP 570,1,LIS 2h00,120,860,2027-04-22T17:10,2027-04-23T12:30,desconhecida,https://www.google.com/travel/flights?q=Flights%20to%20FRA%20from%20BSB%20on%202027-04-22%20oneway,09fd94a52530,
2026-09-09T11:55:19-03:00,google_flights,GRU,AMS,2027-04-22,2675.0,BRL,United,United,UA 148 UA 70,1,EWR 11h50,710,1755,2027-04-22T21:00,2027-04-24T07:15,desconhecida,https://www.google.com/travel/flights?q=Flights%20to%20AMS%20from%20GRU%20on%202027-04-22%20oneway,0254929b3ccf,
2026-09-09T11:55:19-03:00,google_flights,GRU,AMS,2027-04-22,2675.0,BRL,United,United,UA 860 UA 946,1,IAD 11h05,665,1745,2027-04-22T21:30,2027-04-24T07:35,desconhecida,https://www.google.com/travel/flights?q=Flights%20to%20AMS%20from%20GRU%20on%202027-04-22%20oneway,34e8230fb190,
2026-09-09T11:55:19-03:00,google_flights,GRU,VIE,2027-04-22,2675.0,BRL,United,United|Austrian,UA 844 OS 46,1,ORD 9h35,575,1735,2027-04-22T22:20,2027-04-24T08:15,desconhecida,https://www.google.com/travel/flights?q=Flights%20to%20VIE%20from%20GRU%20on%202027-04-22%20oneway,6b5e221ac497,
2026-09-09T11:55:19-03:00,google_flights,GIG,AMS,2027-04-22,2832.0,BRL,United,United,UA 128 UA 20,1,IAH 10h40,640,1875,2027-04-22T21:05,2027-04-24T09:20,desconhecida,https://www.google.com/travel/flights?q=Flights%20to%20AMS%20from%20GIG%20on%202027-04-22%20oneway,03f5dad5ff81,
2026-09-09T11:55:19-03:00,google_flights,GRU,CPH,2027-04-22,2911.0,BRL,United,United|Lufthansa,UA 844 UA 944 LH 826,2,"ORD 8h15, FRA 1h20",80,1795,2027-04-22T22:20,2027-04-24T09:15,desconhecida,https://www.google.com/travel/flights?q=Flights%20to%20CPH%20from%20GRU%20on%202027-04-22%20oneway,3aa2790a61ad,
2026-09-09T11:55:19-03:00,google_flights,BSB,FRA,2027-04-22,3182.0,BRL,Tap Air Portugal,Tap Air Portugal,TP 58 TP 574,1,LIS 11h50,710,1450,2027-04-22T17:10,2027-04-23T22:20,desconhecida,https://www.google.com/travel/flights?q=Flights%20to%20FRA%20from%20BSB%20on%202027-04-22%20oneway,ce93dc6fdaa8,
2026-09-09T11:55:19-03:00,google_flights,GRU,MUC,2027-04-22,3301.0,BRL,Air Europa,Air Europa,UX 58 UX 1515,1,MAD 2h05,125,895,2027-04-22T13:50,2027-04-23T09:45,desconhecida,https://www.google.com/travel/flights?q=Flights%20to%20MUC%20from%20GRU%20on%202027-04-22%20oneway,db7d0116e469,
2026-09-09T11:55:19-03:00,google_flights,GRU,FRA,2027-04-22,3324.0,BRL,ITA,ITA|Lufthansa,AZ 679 LH 235,1,FCO 3h25,205,1020,2027-04-22T18:55,2027-04-23T16:55,desconhecida,https://www.google.com/travel/flights?q=Flights%20to%20FRA%20from%20GRU%20on%202027-04-22%20oneway,8c3d41ff4c92,
2026-09-09T11:55:19-03:00,google_flights,GIG,FRA,2027-04-22,3327.0,BRL,Tap Air Portugal,Tap Air Portugal,TP 67 TP 574,1,LIS 5h25,325,1100,2027-04-22T23:00,2027-04-23T22:20,desconhecida,https://www.google.com/travel/flights?q=Flights%20to%20FRA%20from%20GIG%20on%202027-04-22%20oneway,fbceafe70fd3,
2026-09-09T11:55:19-03:00,google_flights,GRU,AMS,2027-04-22,3408.0,BRL,Air Europa,Air Europa,UX 58 UX 1091,1,MAD 2h00,120,890,2027-04-22T13:50,2027-04-23T09:40,desconhecida,https://www.google.com/travel/flights?q=Flights%20to%20AMS%20from%20GRU%20on%202027-04-22%20oneway,9290da6ef6b0,
2026-09-09T11:55:19-03:00,google_flights,GRU,FRA,2027-04-22,3489.0,BRL,Tap Air Portugal,Tap Air Portugal,TP 84 TP 574,1,LIS 3h35,215,995,2027-04-22T00:45,2027-04-22T22:20,desconhecida,https://www.google.com/travel/flights?q=Flights%20to%20FRA%20from%20GRU%20on%202027-04-22%20oneway,4966bd0c910b,
2026-09-09T11:55:19-03:00,google_flights,GRU,FRA,2027-04-22,3489.0,BRL,Tap Air Portugal,Tap Air Portugal,TP 88 TP 572,1,LIS 3h55,235,1015,2027-04-22T20:45,2027-04-23T18:40,desconhecida,https://www.google.com/travel/flights?q=Flights%20to%20FRA%20from%20GRU%20on%202027-04-22%20oneway,574f3b63b9d5,
2026-09-09T11:55:19-03:00,google_flights,GRU,AMS,2027-04-22,3626.0,BRL,ITA,ITA,AZ 679 AZ 110,1,FCO 3h05,185,1030,2027-04-22T18:55,2027-04-23T17:05,desconhecida,https://www.google.com/travel/flights?q=Flights%20to%20AMS%20from%20GRU%20on%202027-04-22%20oneway,403ab4a3feb2,
2026-09-09T11:55:19-03:00,google_flights,BSB,BER,2027-04-22,3765.0,BRL,Tap Air Portugal,Tap Air Portugal,TP 58 TP 530,1,LIS 1h30,90,850,2027-04-22T17:10,2027-04-23T12:20,desconhecida,https://www.google.com/travel/flights?q=Flights%20to%20BER%20from%20BSB%20on%202027-04-22%20oneway,94330108dea4,
2026-09-09T11:55:19-03:00,google_flights,GRU,AMS,2027-04-22,4712.0,BRL,KLM,KLM,KL 792,0,,0,695,2027-04-22T21:45,2027-04-23T14:20,desconhecida,https://www.google.com/travel/flights?q=Flights%20to%20AMS%20from%20GRU%20on%202027-04-22%20oneway,06b0b0165473,
2026-09-09T11:55:24-03:00,google_flights,GRU,FRA,2027-04-23,3301.0,BRL,Air Europa,Air Europa,UX 58 UX 1503,1,MAD 2h00,120,895,2027-04-23T13:50,2027-04-24T09:45,desconhecida,https://www.google.com/travel/flights?q=Flights%20to%20FRA%20from%20GRU%20on%202027-04-23%20oneway,018a145e3f8c,
2026-09-09T11:55:24-03:00,google_flights,GRU,MUC,2027-04-23,3301.0,BRL,Air Europa,Air Europa,UX 58 UX 1515,1,MAD 2h05,125,895,2027-04-23T13:50,2027-04-24T09:45,desconhecida,https://www.google.com/travel/flights?q=Flights%20to%20MUC%20from%20GRU%20on%202027-04-23%20oneway,97342844ea27,
2026-09-09T11:55:24-03:00,google_flights,BSB,MUC,2027-04-23,3464.0,BRL,Tap Air Portugal,Tap Air Portugal,TP 58 TP 552,1,LIS 1h15,75,810,2027-04-23T18:15,2027-04-24T12:45,desconhecida,https://www.google.com/travel/flights?q=Flights%20to%20MUC%20from%20BSB%20on%202027-04-23%20oneway,13c063c3b460,
2026-09-09T11:55:24-03:00,google_flights,BSB,FRA,2027-04-23,3187.0,BRL,Tap Air Portugal,Tap Air Portugal,TP 58 TP 574,1,LIS 10h45,645,1385,2027-04-23T18:15,2027-04-24T22:20,desconhecida,https://www.google.com/travel/flights?q=Flights%20to%20FRA%20from%20BSB%20on%202027-04-23%20oneway,2f3ad3ae5c31,
2026-09-09T11:55:24-03:00,google_flights,GRU,FRA,2027-04-23,3209.0,BRL,United,United,UA 844 UA 944,1,ORD 8h15,495,1630,2027-04-23T22:20,2027-04-25T06:30,desconhecida,https://www.google.com/travel/flights?q=Flights%20to%20FRA%20from%20GRU%20on%202027-04-23%20oneway,2227cb013b5e,
2026-09-09T11:55:24-03:00,google_flights,GRU,MUC,2027-04-23,3324.0,BRL,ITA,ITA|Lufthansa,AZ 679 LH 1869,1,FCO 4h25,265,1055,2027-04-23T18:55,2027-04-24T17:30,desconhecida,https://www.google.com/travel/flights?q=Flights%20to%20MUC%20from%20GRU%20on%202027-04-23%20oneway,91cf5c77f32e,
2026-09-09T11:55:24-03:00,google_flights,GIG,FRA,2027-04-23,3348.0,BRL,Tap Air Portugal,Tap Air Portugal,TP 72 TP 570,1,LIS 20h25,1225,2000,2027-04-23T22:10,2027-04-25T12:30,desconhecida,https://www.google.com/travel/flights?q=Flights%20to%20FRA%20from%20GIG%20on%202027-04-23%20oneway,732db51c57c7,
2026-09-09T11:55:24-03:00,google_flights,GRU,AMS,2027-04-23,3408.0,BRL,Air Europa,Air Europa,UX 58 UX 1091,1,MAD 2h00,120,890,2027-04-23T13:50,2027-04-24T09:40,desconhecida,https://www.google.com/travel/flights?q=Flights%20to%20AMS%20from%20GRU%20on%202027-04-23%20oneway,0765540ef092,
2026-09-09T11:55:24-03:00,google_flights,GIG,MUC,2027-04-23,3408.0,BRL,ITA,ITA|Lufthansa,AZ 673 LH 1867,1,FCO 4h10,250,1020,2027-04-23T14:25,2027-04-24T12:25,desconhecida,https://www.google.com/travel/flights?q=Flights%20to%20MUC%20from%20GIG%20on%202027-04-23%20oneway,3c446d127c66,
2026-09-09T11:55:24-03:00,google_flights,BSB,BER,2027-04-23,3425.0,BRL,Tap Air Portugal,Tap Air Portugal,TP 58 TP 532,1,LIS 4h35,275,1035,2027-04-23T18:15,2027-04-24T16:30,desconhecida,https://www.google.com/travel/flights?q=Flights%20to%20BER%20from%20BSB%20on%202027-04-23%20oneway,cbd5482b9cc1,
2026-09-09T11:55:24-03:00,google_flights,GRU,FRA,2027-04-23,3489.0,BRL,Tap Air Portugal,Tap Air Portugal,TP 84 TP 574,1,LIS 3h35,215,995,2027-04-23T00:45,2027-04-23T22:20,desconhecida,https://www.google.com/travel/flights?q=Flights%20to%20FRA%20from%20GRU%20on%202027-04-23%20oneway,811518dae145,
2026-09-09T11:55:24-03:00,google_flights,GRU,FRA,2027-04-23,3489.0,BRL,Tap Air Portugal,Tap Air Portugal,TP 88 TP 572,1,LIS 3h55,235,1015,2027-04-23T20:45,2027-04-24T18:40,desconhecida,https://www.google.com/travel/flights?q=Flights%20to%20FRA%20from%20GRU%20on%202027-04-23%20oneway,42d6f851e8ff,
2026-09-09T11:55:24-03:00,google_flights,GRU,AMS,2027-04-23,3626.0,BRL,ITA,ITA,AZ 679 AZ 110,1,FCO 3h05,185,1030,2027-04-23T18:55,2027-04-24T17:05,desconhecida,https://www.google.com/travel/flights?q=Flights%20to%20AMS%20from%20GRU%20on%202027-04-23%20oneway,ce715ce3931d,
2026-09-09T11:55:24-03:00,google_flights,GIG,AMS,2027-04-23,3761.0,BRL,Tap Air Portugal,Tap Air Portugal,TP 72 TP 672,1,LIS 2h40,160,930,2027-04-23T22:10,2027-04-24T18:40,desconhecida,https://www.google.com/travel/flights?q=Flights%20to%20AMS%20from%20GIG%20on%202027-04-23%20oneway,f38b0c66d6d3,
2026-09-09T11:55:24-03:00,google_flights,GIG,MUC,2027-04-23,3835.0,BRL,ITA,ITA,AZ 673 AZ 432,1,FCO 1h55,115,885,2027-04-23T14:25,2027-04-24T10:10,desconhecida,https://www.google.com/travel/flights?q=Flights%20to%20MUC%20from%20GIG%20on%202027-04-23%20oneway,10c1d26917ae,
2026-09-09T11:55:29-03:00,google_flights,BSB,FRA,2027-04-13,3187.0,BRL,Tap Air Portugal,Tap Air Portugal,TP 58 TP 570,1,LIS 1h45,105,845,2027-04-13T17:25,2027-04-14T12:30,desconhecida,https://www.google.com/travel/flights?q=Flights%20to%20FRA%20from%20BSB%20on%202027-04-13%20oneway,32c4d3959239,
2026-09-09T11:55:29-03:00,google_flights,GRU,MUC,2027-04-13,3301.0,BRL,Air Europa,Air Europa,UX 58 UX 1515,1,MAD 2h05,125,895,2027-04-13T13:50,2027-04-14T09:45,desconhecida,https://www.google.com/travel/flights?q=Flights%20to%20MUC%20from%20GRU%20on%202027-04-13%20oneway,89dde1e4fb72,
2026-09-09T11:55:29-03:00,google_flights,GRU,MUC,2027-04-13,3324.0,BRL,ITA,ITA|Lufthansa City Airlines,AZ 679 VL 1875,1,FCO 1h45,105,865,2027-04-13T18:55,2027-04-14T14:20,desconhecida,https://www.google.com/travel/flights?q=Flights%20to%20MUC%20from%20GRU%20on%202027-04-13%20oneway,3694eccf736a,
2026-09-09T11:55:29-03:00,google_flights,GRU,AMS,2027-04-13,2675.0,BRL,United,United,UA 860 UA 946,1,IAD 11h05,665,1745,2027-04-13T21:30,2027-04-15T07:35,desconhecida,https://www.google.com/travel/flights?q=Flights%20to%20AMS%20from%20GRU%20on%202027-04-13%20oneway,993cb09a255b,
2026-09-09T11:55:29-03:00,google_flights,BSB,FRA,2027-04-13,3182.0,BRL,Tap Air Portugal,Tap Air Portugal,TP 58 TP 574,1,LIS 11h35,695,1435,2027-04-13T17:25,2027-04-14T22:20,desconhecida,https://www.google.com/travel/flights?q=Flights%20to%20FRA%20from%20BSB%20on%202027-04-13%20oneway,f9a60dc2a6e7,
2026-09-09T11:55:29-03:00,google_flights,GRU,FRA,2027-04-13,3301.0,BRL,Air Europa,Air Europa,UX 58 UX 1503,1,MAD 2h00,120,895,2027-04-13T13:50,2027-04-14T09:45,desconhecida,https://www.google.com/travel/flights?q=Flights%20to%20FRA%20from%20GRU%20on%202027-04-13%20oneway,7216aeb19bc4,
2026-09-09T11:55:29-03:00,google_flights,GRU,FRA,2027-04-13,3324.0,BRL,ITA,ITA,AZ 679 AZ 404,1,FCO 4h35,275,1065,2027-04-13T18:55,2027-04-14T17:40,desconhecida,https://www.google.com/travel/flights?q=Flights%20to%20FRA%20from%20GRU%20on%202027-04-13%20oneway,f29d39c02ef8,
2026-09-09T11:55:29-03:00,google_flights,GIG,FRA,2027-04-13,3348.0,BRL,Tap Air Portugal,Tap Air Portugal,TP 67 TP 570,1,LIS 19h35,1175,1950,2027-04-13T23:00,2027-04-15T12:30,desconhecida,https://www.google.com/travel/flights?q=Flights%20to%20FRA%20from%20GIG%20on%202027-04-13%20oneway,4b191a535f77,
2026-09-09T11:55:29-03:00,google_flights,GRU,AMS,2027-04-13,3408.0,BRL,Air Europa,Air Europa,UX 58 UX 1091,1,MAD 2h00,120,890,2027-04-13T13:50,2027-04-14T09:40,desconhecida,https://www.google.com/travel/flights?q=Flights%20to%20AMS%20from%20GRU%20on%202027-04-13%20oneway,3db0f4651e45,
2026-09-09T11:55:29-03:00,google_flights,GIG,MUC,2027-04-13,3408.0,BRL,ITA,ITA|Lufthansa,AZ 673 LH 1873,1,FCO 1h20,80,850,2027-04-13T14:25,2027-04-14T09:35,desconhecida,https://www.google.com/travel/flights?q=Flights%20to%20MUC%20from%20GIG%20on%202027-04-13%20oneway,964be50b0cdf,
2026-09-09T11:55:29-03:00,google_flights,GIG,MUC,2027-04-13,3408.0,BRL,ITA,ITA,AZ 673 AZ 432,1,FCO 1h55,115,885,2027-04-13T14:25,2027-04-14T10:10,desconhecida,https://www.google.com/travel/flights?q=Flights%20to%20MUC%20from%20GIG%20on%202027-04-13%20oneway,1778eae09ff6,
2026-09-09T11:55:29-03:00,google_flights,GIG,MUC,2027-04-13,3473.0,BRL,Tap Air Portugal,Tap Air Portugal,TP 67 TP 554,1,LIS 2h10,130,900,2027-04-13T23:00,2027-04-14T19:00,desconhecida,https://www.google.com/travel/flights?q=Flights%20to%20MUC%20from%20GIG%20on%202027-04-13%20oneway,1480baeeffd6,
2026-09-09T11:55:29-03:00,google_flights,GRU,FRA,2027-04-13,3489.0,BRL,Tap Air Portugal,Tap Air Portugal,TP 84 TP 574,1,LIS 3h35,215,995,2027-04-13T00:45,2027-04-13T22:20,desconhecida,https://www.google.com/travel/flights?q=Flights%20to%20FRA%20from%20GRU%20on%202027-04-13%20oneway,7e9dbb0ab861,
2026-09-09T11:55:29-03:00,google_flights,GRU,FRA,2027-04-13,3489.0,BRL,Tap Air Portugal,Tap Air Portugal,TP 88 TP 572,1,LIS 3h55,235,1015,2027-04-13T20:45,2027-04-14T18:40,desconhecida,https://www.google.com/travel/flights?q=Flights%20to%20FRA%20from%20GRU%20on%202027-04-13%20oneway,9a59589f08aa,
2026-09-09T11:55:29-03:00,google_flights,GIG,FRA,2027-04-13,3609.0,BRL,Tap Air Portugal,Tap Air Portugal,TP 67 TP 572,1,LIS 1h45,105,880,2027-04-13T23:00,2027-04-14T18:40,desconhecida,https://www.google.com/travel/flights?q=Flights%20to%20FRA%20from%20GIG%20on%202027-04-13%20oneway,1a6e34bfcfe3,
2026-09-09T11:55:29-03:00,google_flights,GRU,AMS,2027-04-13,4712.0,BRL,KLM,KLM,KL 792,0,,0,695,2027-04-13T21:45,2027-04-14T14:20,desconhecida,https://www.google.com/travel/flights?q=Flights%20to%20AMS%20from%20GRU%20on%202027-04-13%20oneway,eec57785371c,
2026-09-09T11:55:34-03:00,google_flights,GRU,MUC,2027-04-14,3301.0,BRL,Air Europa,Air Europa,UX 58 UX 1515,1,MAD 2h05,125,895,2027-04-14T13:50,2027-04-15T09:45,desconhecida,https://www.google.com/travel/flights?q=Flights%20to%20MUC%20from%20GRU%20on%202027-04-14%20oneway,7624e028df3b,
2026-09-09T11:55:34-03:00,google_flights,GRU,FRA,2027-04-14,3301.0,BRL,Air Europa,Air Europa,UX 58 UX 1503,1,MAD 2h00,120,895,2027-04-14T13:50,2027-04-15T09:45,desconhecida,https://www.google.com/travel/flights?q=Flights%20to%20FRA%20from%20GRU%20on%202027-04-14%20oneway,42af1b8d0b20,
2026-09-09T11:55:34-03:00,google_flights,GRU,FRA,2027-04-14,3324.0,BRL,ITA,ITA|Lufthansa,AZ 679 LH 235,1,FCO 3h25,205,1020,2027-04-14T18:55,2027-04-15T16:55,desconhecida,https://www.google.com/travel/flights?q=Flights%20to%20FRA%20from%20GRU%20on%202027-04-14%20oneway,7601284fb1aa,
2026-09-09T11:55:34-03:00,google_flights,BSB,MUC,2027-04-14,3464.0,BRL,Tap Air Portugal,Tap Air Portugal,TP 58 TP 552,1,LIS 1h15,75,810,2027-04-14T18:15,2027-04-15T12:45,desconhecida,https://www.google.com/travel/flights?q=Flights%20to%20MUC%20from%20BSB%20on%202027-04-14%20oneway,7ec990e98150,
2026-09-09T11:55:34-03:00,google_flights,BSB,FRA,2027-04-14,3156.0,BRL,Tap Air Portugal,Tap Air Portugal,TP 58 TP 574,1,LIS 10h45,645,1385,2027-04-14T18:15,2027-04-15T22:20,desconhecida,https://www.google.com/travel/flights?q=Flights%20to%20FRA%20from%20BSB%20on%202027-04-14%20oneway,393ae2ea61ce,
2026-09-09T11:55:34-03:00,google_flights,BSB,FRA,2027-04-14,3187.0,BRL,Tap Air Portugal,Tap Air Portugal,TP 58 TP 572,1,LIS 7h05,425,1165,2027-04-14T18:15,2027-04-15T18:40,desconhecida,https://www.google.com/travel/flights?q=Flights%20to%20FRA%20from%20BSB%20on%202027-04-14%20oneway,1bd221e05782,
2026-09-09T11:55:34-03:00,google_flights,GRU,FRA,2027-04-14,3281.0,BRL,Air Canada,Air Canada,AC 97 AC 844,1,YUL 10h15,615,1680,2027-04-14T21:00,2027-04-16T06:00,desconhecida,https://www.google.com/travel/flights?q=Flights%20to%20FRA%20from%20GRU%20on%202027-04-14%20oneway,05c110cbf4e2,
2026-09-09T11:55:34-03:00,google_flights,GRU,AMS,2027-04-14,3281.0,BRL,Air Canada,Air Canada,AC 97 AC 900,1,YUL 15h20,920,1935,2027-04-14T21:00,2027-04-16T10:15,desconhecida,https://www.google.com/travel/flights?q=Flights%20to%20AMS%20from%20GRU%20on%202027-04-14%20oneway,519fceb6c117,
2026-09-09T11:55:34-03:00,google_flights,GIG,FRA,2027-04-14,3348.0,BRL,Tap Air Portugal,Tap Air Portugal,TP 72 TP 570,1,LIS 20h25,1225,2000,2027-04-14T22:10,2027-04-16T12:30,desconhecida,https://www.google.com/travel/flights?q=Flights%20to%20FRA%20from%20GIG%20on%202027-04-14%20oneway,f34be8da2fc8,
2026-09-09T11:55:34-03:00,google_flights,BSB,BER,2027-04-14,3357.0,BRL,Tap Air Portugal,Tap Air Portugal,TP 58 TP 532,1,LIS 4h35,275,1035,2027-04-14T18:15,2027-04-15T16:30,desconhecida,https://www.google.com/travel/flights?q=Flights%20to%20BER%20from%20BSB%20on%202027-04-14%20oneway,499644a01337,
2026-09-09T11:55:34-03:00,google_flights,GRU,AMS,2027-04-14,3408.0,BRL,Air Europa,Air Europa,UX 58 UX 1091,1,MAD 2h00,120,890,2027-04-14T13:50,2027-04-15T09:40,desconhecida,https://www.google.com/travel/flights?q=Flights%20to%20AMS%20from%20GRU%20on%202027-04-14%20oneway,2e7619170711,
2026-09-09T11:55:34-03:00,google_flights,GIG,MUC,2027-04-14,3408.0,BRL,ITA,ITA|Lufthansa,AZ 673 LH 1873,1,FCO 1h20,80,850,2027-04-14T14:25,2027-04-15T09:35,desconhecida,https://www.google.com/travel/flights?q=Flights%20to%20MUC%20from%20GIG%20on%202027-04-14%20oneway,ef3cd9c2d6ed,
2026-09-09T11:55:34-03:00,google_flights,GIG,MUC,2027-04-14,3473.0,BRL,Tap Air Portugal,Tap Air Portugal,TP 72 TP 554,1,LIS 3h00,180,950,2027-04-14T22:10,2027-04-15T19:00,desconhecida,https://www.google.com/travel/flights?q=Flights%20to%20MUC%20from%20GIG%20on%202027-04-14%20oneway,7e6f39c22e9c,
2026-09-09T11:55:34-03:00,google_flights,GRU,FRA,2027-04-14,3489.0,BRL,Tap Air Portugal,Tap Air Portugal,TP 82 TP 570,1,LIS 2h55,175,960,2027-04-14T15:30,2027-04-15T12:30,desconhecida,https://www.google.com/travel/flights?q=Flights%20to%20FRA%20from%20GRU%20on%202027-04-14%20oneway,4dd555cdaeaa,
2026-09-09T11:55:34-03:00,google_flights,GRU,FRA,2027-04-14,3489.0,BRL,Tap Air Portugal,Tap Air Portugal,TP 88 TP 572,1,LIS 3h55,235,1015,2027-04-14T20:45,2027-04-15T18:40,desconhecida,https://www.google.com/travel/flights?q=Flights%20to%20FRA%20from%20GRU%20on%202027-04-14%20oneway,034fcc90f438,
2026-09-09T11:55:34-03:00,google_flights,GRU,AMS,2027-04-14,3626.0,BRL,ITA,ITA,AZ 679 AZ 110,1,FCO 3h05,185,1030,2027-04-14T18:55,2027-04-15T17:05,desconhecida,https://www.google.com/travel/flights?q=Flights%20to%20AMS%20from%20GRU%20on%202027-04-14%20oneway,fd6ff2b73f65,
2026-09-09T11:55:34-03:00,google_flights,GIG,VIE,2027-04-14,3651.0,BRL,Tap Air Portugal,Tap Air Portugal,TP 72 TP 1272,1,LIS 2h00,120,915,2027-04-14T22:10,2027-04-15T18:25,desconhecida,https://www.google.com/travel/flights?q=Flights%20to%20VIE%20from%20GIG%20on%202027-04-14%20oneway,786d6ccbbfb7,
2026-09-09T11:55:34-03:00,google_flights,GRU,MUC,2027-04-14,3757.0,BRL,ITA,ITA,AZ 675 AZ 432,1,FCO 1h45,105,895,2027-04-14T14:15,2027-04-15T10:10,desconhecida,https://www.google.com/travel/flights?q=Flights%20to%20MUC%20from%20GRU%20on%202027-04-14%20oneway,fff3b24f5f35,
2026-09-09T11:55:34-03:00,google_flights,GRU,AMS,2027-04-14,4712.0,BRL,KLM,KLM,KL 792,0,,0,695,2027-04-14T21:45,2027-04-15T14:20,desconhecida,https://www.google.com/travel/flights?q=Flights%20to%20AMS%20from%20GRU%20on%202027-04-14%20oneway,a227768e07f8,
2026-09-09T11:55:44-03:00,google_flights,GRU,MUC,2027-04-18,4819.0,BRL,Air Europa,Air Europa,UX 58 UX 1515,1,MAD 2h05,125,895,2027-04-18T13:50,2027-04-19T09:45,desconhecida,https://www.google.com/travel/flights?q=Flights%20to%20MUC%20from%20GRU%20on%202027-04-18%20oneway,cac71579581b,2027-04-25
2026-09-09T11:55:44-03:00,google_flights,GRU,FRA,2027-04-18,5688.0,BRL,LATAM,LATAM,LA 8070,0,,0,705,2027-04-18T23:40,2027-04-19T16:25,desconhecida,https://www.google.com/travel/flights?q=Flights%20to%20FRA%20from%20GRU%20on%202027-04-18%20oneway,c63339d92f4a,2027-04-25
2026-09-09T11:55:44-03:00,google_flights,GRU,AMS,2027-04-18,6348.0,BRL,KLM,KLM,KL 792,0,,0,695,2027-04-18T21:45,2027-04-19T14:20,desconhecida,https://www.google.com/travel/flights?q=Flights%20to%20AMS%20from%20GRU%20on%202027-04-18%20oneway,12e8ac08b3e9,2027-04-25
2026-09-09T11:55:44-03:00,google_flights,GRU,VIE,2027-04-18,4950.0,BRL,Iberia,Iberia,IB 272 IB 797,1,MAD 9h10,550,1355,2027-04-18T19:20,2027-04-19T22:55,desconhecida,https://www.google.com/travel/flights?q=Flights%20to%20VIE%20from%20GRU%20on%202027-04-18%20oneway,46a601b083aa,2027-04-25
2026-09-09T11:55:44-03:00,google_flights,GRU,AMS,2027-04-18,4970.0,BRL,Air Europa,Air Europa,UX 58 UX 1091,1,MAD 2h00,120,890,2027-04-18T13:50,2027-04-19T09:40,desconhecida,https://www.google.com/travel/flights?q=Flights%20to%20AMS%20from%20GRU%20on%202027-04-18%20oneway,7c2f7b17fa24,2027-04-25
2026-09-09T11:55:44-03:00,google_flights,GRU,BER,2027-04-18,4986.0,BRL,LATAM,LATAM|Finnair,LA 8084 AY 1338 AY 1431,2,"LHR 3h05, HEL 8h10",185,1635,2027-04-18T23:50,2027-04-20T08:05,desconhecida,https://www.google.com/travel/flights?q=Flights%20to%20BER%20from%20GRU%20on%202027-04-18%20oneway,6f8ac0d9e973,2027-04-25
2026-09-09T11:55:44-03:00,google_flights,GIG,VIE,2027-04-18,5537.0,BRL,Iberia,Iberia,IB 270 IB 795,1,MAD 6h05,365,1125,2027-04-18T19:15,2027-04-19T19:00,desconhecida,https://www.google.com/travel/flights?q=Flights%20to%20VIE%20from%20GIG%20on%202027-04-18%20oneway,e4a17db6b530,2027-04-25
2026-09-09T11:55:44-03:00,google_flights,GIG,FRA,2027-04-18,5602.0,BRL,LATAM,LATAM,LA 3875 LA 8070,1,GRU 3h25,205,980,2027-04-18T19:05,2027-04-19T16:25,desconhecida,https://www.google.com/travel/flights?q=Flights%20to%20FRA%20from%20GIG%20on%202027-04-18%20oneway,40353665bfd1,2027-04-25
2026-09-09T11:55:44-03:00,google_flights,GRU,MUC,2027-04-18,5820.0,BRL,Tap Air Portugal,Tap Air Portugal,TP 82 TP 552,1,LIS 3h15,195,975,2027-04-18T15:30,2027-04-19T12:45,desconhecida,https://www.google.com/travel/flights?q=Flights%20to%20MUC%20from%20GRU%20on%202027-04-18%20oneway,decc40b6272a,2027-04-25
2026-09-09T11:55:44-03:00,google_flights,BSB,FRA,2027-04-18,5928.0,BRL,Tap Air Portugal,Tap Air Portugal,TP 58 TP 570,1,LIS 1h40,100,845,2027-04-18T17:25,2027-04-19T12:30,desconhecida,https://www.google.com/travel/flights?q=Flights%20to%20FRA%20from%20BSB%20on%202027-04-18%20oneway,36d723ede46d,2027-04-25
2026-09-09T11:55:44-03:00,google_flights,GRU,AMS,2027-04-18,6145.0,BRL,LATAM,LATAM,LA 8078,0,,0,710,2027-04-18T18:00,2027-04-19T10:50,desconhecida,https://www.google.com/travel/flights?q=Flights%20to%20AMS%20from%20GRU%20on%202027-04-18%20oneway,c905b06bab26,2027-04-25
2026-09-09T11:55:44-03:00,google_flights,GRU,FRA,2027-04-18,7311.0,BRL,Lufthansa,Lufthansa,LH 507,0,,0,695,2027-04-18T18:10,2027-04-19T10:45,desconhecida,https://www.google.com/travel/flights?q=Flights%20to%20FRA%20from%20GRU%20on%202027-04-18%20oneway,c1f74f26645b,2027-04-25
2026-09-09T11:55:44-03:00,google_flights,GIG,AMS,2027-04-18,7645.0,BRL,KLM,KLM,KL 706,0,,0,690,2027-04-18T21:55,2027-04-19T14:25,desconhecida,https://www.google.com/travel/flights?q=Flights%20to%20AMS%20from%20GIG%20on%202027-04-18%20oneway,fd75353eff9a,2027-04-25
2026-09-09T16:35:54-03:00,google_flights,GRU,FRA,2027-04-22,3301.0,BRL,Air Europa,Air Europa,UX 58 UX 1503,1,MAD 2h00,120,895,2027-04-22T13:50,2027-04-23T09:45,desconhecida,https://www.google.com/travel/flights?q=Flights%20to%20FRA%20from%20GRU%20on%202027-04-22%20oneway,f1969eb69575,
2026-09-09T16:35:54-03:00,google_flights,GRU,MUC,2027-04-22,3301.0,BRL,Air Europa,Air Europa,UX 58 UX 1515,1,MAD 2h05,125,895,2027-04-22T13:50,2027-04-23T09:45,desconhecida,https://www.google.com/travel/flights?q=Flights%20to%20MUC%20from%20GRU%20on%202027-04-22%20oneway,db7d0116e469,
2026-09-09T16:35:54-03:00,google_flights,GIG,FRA,2027-04-22,3416.0,BRL,ITA,ITA,AZ 673 AZ 400,1,FCO 2h05,125,925,2027-04-22T14:25,2027-04-23T10:50,desconhecida,https://www.google.com/travel/flights?q=Flights%20to%20FRA%20from%20GIG%20on%202027-04-22%20oneway,7a0eae9b7f9d,
2026-09-09T16:35:54-03:00,google_flights,BSB,FRA,2027-04-22,3459.0,BRL,Tap Air Portugal,Tap Air Portugal,TP 58 TP 570,1,LIS 2h00,120,860,2027-04-22T17:10,2027-04-23T12:30,desconhecida,https://www.google.com/travel/flights?q=Flights%20to%20FRA%20from%20BSB%20on%202027-04-22%20oneway,09fd94a52530,
2026-09-09T16:35:54-03:00,google_flights,GRU,AMS,2027-04-22,2675.0,BRL,United,United,UA 148 UA 70,1,EWR 11h50,710,1755,2027-04-22T21:00,2027-04-24T07:15,desconhecida,https://www.google.com/travel/flights?q=Flights%20to%20AMS%20from%20GRU%20on%202027-04-22%20oneway,0254929b3ccf,
2026-09-09T16:35:54-03:00,google_flights,GRU,AMS,2027-04-22,2675.0,BRL,United,United,UA 860 UA 946,1,IAD 11h05,665,1745,2027-04-22T21:30,2027-04-24T07:35,desconhecida,https://www.google.com/travel/flights?q=Flights%20to%20AMS%20from%20GRU%20on%202027-04-22%20oneway,34e8230fb190,
2026-09-09T16:35:54-03:00,google_flights,GRU,VIE,2027-04-22,2675.0,BRL,United,United|Austrian,UA 844 OS 46,1,ORD 9h35,575,1735,2027-04-22T22:20,2027-04-24T08:15,desconhecida,https://www.google.com/travel/flights?q=Flights%20to%20VIE%20from%20GRU%20on%202027-04-22%20oneway,6b5e221ac497,
2026-09-09T16:35:54-03:00,google_flights,GIG,AMS,2027-04-22,2832.0,BRL,United,United,UA 128 UA 20,1,IAH 10h40,640,1875,2027-04-22T21:05,2027-04-24T09:20,desconhecida,https://www.google.com/travel/flights?q=Flights%20to%20AMS%20from%20GIG%20on%202027-04-22%20oneway,03f5dad5ff81,
2026-09-09T16:35:54-03:00,google_flights,GRU,CPH,2027-04-22,2911.0,BRL,United,United|Lufthansa,UA 844 UA 944 LH 826,2,"ORD 8h15, FRA 1h20",80,1795,2027-04-22T22:20,2027-04-24T09:15,desconhecida,https://www.google.com/travel/flights?q=Flights%20to%20CPH%20from%20GRU%20on%202027-04-22%20oneway,3aa2790a61ad,
2026-09-09T16:35:54-03:00,google_flights,BSB,FRA,2027-04-22,3182.0,BRL,Tap Air Portugal,Tap Air Portugal,TP 58 TP 574,1,LIS 11h50,710,1450,2027-04-22T17:10,2027-04-23T22:20,desconhecida,https://www.google.com/travel/flights?q=Flights%20to%20FRA%20from%20BSB%20on%202027-04-22%20oneway,ce93dc6fdaa8,
2026-09-09T16:35:54-03:00,google_flights,GIG,FRA,2027-04-22,3327.0,BRL,Tap Air Portugal,Tap Air Portugal,TP 67 TP 574,1,LIS 5h25,325,1100,2027-04-22T23:00,2027-04-23T22:20,desconhecida,https://www.google.com/travel/flights?q=Flights%20to%20FRA%20from%20GIG%20on%202027-04-22%20oneway,fbceafe70fd3,
2026-09-09T16:35:54-03:00,google_flights,GRU,FRA,2027-04-22,3332.0,BRL,ITA,ITA|Lufthansa,AZ 679 LH 235,1,FCO 3h25,205,1020,2027-04-22T18:55,2027-04-23T16:55,desconhecida,https://www.google.com/travel/flights?q=Flights%20to%20FRA%20from%20GRU%20on%202027-04-22%20oneway,8c3d41ff4c92,
2026-09-09T16:35:54-03:00,google_flights,GRU,AMS,2027-04-22,3408.0,BRL,Air Europa,Air Europa,UX 58 UX 1091,1,MAD 2h00,120,890,2027-04-22T13:50,2027-04-23T09:40,desconhecida,https://www.google.com/travel/flights?q=Flights%20to%20AMS%20from%20GRU%20on%202027-04-22%20oneway,9290da6ef6b0,
2026-09-09T16:35:54-03:00,google_flights,GRU,FRA,2027-04-22,3489.0,BRL,Tap Air Portugal,Tap Air Portugal,TP 84 TP 574,1,LIS 3h35,215,995,2027-04-22T00:45,2027-04-22T22:20,desconhecida,https://www.google.com/travel/flights?q=Flights%20to%20FRA%20from%20GRU%20on%202027-04-22%20oneway,4966bd0c910b,
2026-09-09T16:35:54-03:00,google_flights,GRU,FRA,2027-04-22,3489.0,BRL,Tap Air Portugal,Tap Air Portugal,TP 88 TP 572,1,LIS 3h55,235,1015,2027-04-22T20:45,2027-04-23T18:40,desconhecida,https://www.google.com/travel/flights?q=Flights%20to%20FRA%20from%20GRU%20on%202027-04-22%20oneway,574f3b63b9d5,
2026-09-09T16:35:54-03:00,google_flights,GRU,AMS,2027-04-22,3635.0,BRL,ITA,ITA,AZ 679 AZ 110,1,FCO 3h05,185,1030,2027-04-22T18:55,2027-04-23T17:05,desconhecida,https://www.google.com/travel/flights?q=Flights%20to%20AMS%20from%20GRU%20on%202027-04-22%20oneway,403ab4a3feb2,
2026-09-09T16:35:54-03:00,google_flights,BSB,BER,2027-04-22,3765.0,BRL,Tap Air Portugal,Tap Air Portugal,TP 58 TP 530,1,LIS 1h30,90,850,2027-04-22T17:10,2027-04-23T12:20,desconhecida,https://www.google.com/travel/flights?q=Flights%20to%20BER%20from%20BSB%20on%202027-04-22%20oneway,94330108dea4,
2026-09-09T16:35:54-03:00,google_flights,GRU,AMS,2027-04-22,4712.0,BRL,KLM,KLM,KL 792,0,,0,695,2027-04-22T21:45,2027-04-23T14:20,desconhecida,https://www.google.com/travel/flights?q=Flights%20to%20AMS%20from%20GRU%20on%202027-04-22%20oneway,06b0b0165473,
2026-09-09T23:37:39-03:00,google_flights,BSB,FRA,2027-04-15,3161.0,BRL,Tap Air Portugal,Tap Air Portugal,TP 58 TP 570,1,LIS 2h00,120,860,2027-04-15T17:10,2027-04-16T12:30,desconhecida,https://www.google.com/travel/flights?q=Flights%20to%20FRA%20from%20BSB%20on%202027-04-15%20oneway,1bac683938cf,
2026-09-09T23:37:39-03:00,google_flights,GRU,MUC,2027-04-15,3301.0,BRL,Air Europa,Air Europa,UX 58 UX 1515,1,MAD 2h05,125,895,2027-04-15T13:50,2027-04-16T09:45,desconhecida,https://www.google.com/travel/flights?q=Flights%20to%20MUC%20from%20GRU%20on%202027-04-15%20oneway,ea70709f8ca6,
2026-09-09T23:37:39-03:00,google_flights,GIG,MUC,2027-04-15,3416.0,BRL,ITA,ITA,AZ 673 AZ 432,1,FCO 1h55,115,885,2027-04-15T14:25,2027-04-16T10:10,desconhecida,https://www.google.com/travel/flights?q=Flights%20to%20MUC%20from%20GIG%20on%202027-04-15%20oneway,c3facf584890,
2026-09-09T23:37:39-03:00,google_flights,GRU,FRA,2027-04-15,3301.0,BRL,Air Europa,Air Europa,UX 58 UX 1503,1,MAD 2h00,120,895,2027-04-15T13:50,2027-04-16T09:45,desconhecida,https://www.google.com/travel/flights?q=Flights%20to%20FRA%20from%20GRU%20on%202027-04-15%20oneway,e4e7a045f348,
2026-09-09T23:37:39-03:00,google_flights,GIG,FRA,2027-04-15,3327.0,BRL,Tap Air Portugal,Tap Air Portugal,TP 67 TP 574,1,LIS 5h25,325,1100,2027-04-15T23:00,2027-04-16T22:20,desconhecida,https://www.google.com/travel/flights?q=Flights%20to%20FRA%20from%20GIG%20on%202027-04-15%20oneway,0c58dea3cd97,
2026-09-09T23:37:39-03:00,google_flights,BSB,BER,2027-04-15,3368.0,BRL,Tap Air Portugal,Tap Air Portugal,TP 58 TP 530,1,LIS 1h30,90,850,2027-04-15T17:10,2027-04-16T12:20,desconhecida,https://www.google.com/travel/flights?q=Flights%20to%20BER%20from%20BSB%20on%202027-04-15%20oneway,10e5ea50537b,
2026-09-09T23:37:39-03:00,google_flights,GRU,AMS,2027-04-15,3408.0,BRL,Air Europa,Air Europa,UX 58 UX 1091,1,MAD 2h00,120,890,2027-04-15T13:50,2027-04-16T09:40,desconhecida,https://www.google.com/travel/flights?q=Flights%20to%20AMS%20from%20GRU%20on%202027-04-15%20oneway,103601d11364,
2026-09-09T23:37:39-03:00,google_flights,GIG,MUC,2027-04-15,3416.0,BRL,ITA,ITA|Lufthansa,AZ 673 LH 1873,1,FCO 1h20,80,850,2027-04-15T14:25,2027-04-16T09:35,desconhecida,https://www.google.com/travel/flights?q=Flights%20to%20MUC%20from%20GIG%20on%202027-04-15%20oneway,f788a825e4c4,
2026-09-09T23:37:39-03:00,google_flights,GRU,FRA,2027-04-15,3489.0,BRL,Tap Air Portugal,Tap Air Portugal,TP 84 TP 574,1,LIS 3h35,215,995,2027-04-15T00:45,2027-04-15T22:20,desconhecida,https://www.google.com/travel/flights?q=Flights%20to%20FRA%20from%20GRU%20on%202027-04-15%20oneway,f5ad6038dc33,
2026-09-09T23:37:39-03:00,google_flights,GRU,FRA,2027-04-15,3489.0,BRL,Tap Air Portugal,Tap Air Portugal,TP 88 TP 572,1,LIS 3h55,235,1015,2027-04-15T20:45,2027-04-16T18:40,desconhecida,https://www.google.com/travel/flights?q=Flights%20to%20FRA%20from%20GRU%20on%202027-04-15%20oneway,5893f1267440,
2026-09-09T23:37:39-03:00,google_flights,GRU,AMS,2027-04-15,4712.0,BRL,KLM,KLM,KL 792,0,,0,695,2027-04-15T21:45,2027-04-16T14:20,desconhecida,https://www.google.com/travel/flights?q=Flights%20to%20AMS%20from%20GRU%20on%202027-04-15%20oneway,fded42f851d2,
2026-09-09T23:37:46-03:00,google_flights,GRU,FRA,2027-04-16,3301.0,BRL,Air Europa,Air Europa,UX 58 UX 1503,1,MAD 2h00,120,895,2027-04-16T13:50,2027-04-17T09:45,desconhecida,https://www.google.com/travel/flights?q=Flights%20to%20FRA%20from%20GRU%20on%202027-04-16%20oneway,831a52a03c94,
2026-09-09T23:37:46-03:00,google_flights,GRU,MUC,2027-04-16,3301.0,BRL,Air Europa,Air Europa,UX 58 UX 1515,1,MAD 2h05,125,895,2027-04-16T13:50,2027-04-17T09:45,desconhecida,https://www.google.com/travel/flights?q=Flights%20to%20MUC%20from%20GRU%20on%202027-04-16%20oneway,2d2a5d201e53,
2026-09-09T23:37:46-03:00,google_flights,GRU,AMS,2027-04-16,3408.0,BRL,Air Europa,Air Europa,UX 58 UX 1091,1,MAD 2h00,120,890,2027-04-16T13:50,2027-04-17T09:40,desconhecida,https://www.google.com/travel/flights?q=Flights%20to%20AMS%20from%20GRU%20on%202027-04-16%20oneway,144b19177258,
2026-09-09T23:37:46-03:00,google_flights,BSB,MUC,2027-04-16,3464.0,BRL,Tap Air Portugal,Tap Air Portugal,TP 58 TP 552,1,LIS 1h15,75,810,2027-04-16T18:15,2027-04-17T12:45,desconhecida,https://www.google.com/travel/flights?q=Flights%20to%20MUC%20from%20BSB%20on%202027-04-16%20oneway,01ba35474d69,
2026-09-09T23:37:46-03:00,google_flights,GRU,AMS,2027-04-16,4712.0,BRL,KLM,KLM,KL 792,0,,0,695,2027-04-16T21:45,2027-04-17T14:20,desconhecida,https://www.google.com/travel/flights?q=Flights%20to%20AMS%20from%20GRU%20on%202027-04-16%20oneway,cd6d849d0be5,
2026-09-09T23:37:46-03:00,google_flights,BSB,FRA,2027-04-16,3187.0,BRL,Tap Air Portugal,Tap Air Portugal,TP 58 TP 574,1,LIS 10h45,645,1385,2027-04-16T18:15,2027-04-17T22:20,desconhecida,https://www.google.com/travel/flights?q=Flights%20to%20FRA%20from%20BSB%20on%202027-04-16%20oneway,7ecaccc5d2bb,
2026-09-09T23:37:46-03:00,google_flights,GIG,FRA,2027-04-16,3348.0,BRL,Tap Air Portugal,Tap Air Portugal,TP 72 TP 570,1,LIS 20h25,1225,2000,2027-04-16T22:10,2027-04-18T12:30,desconhecida,https://www.google.com/travel/flights?q=Flights%20to%20FRA%20from%20GIG%20on%202027-04-16%20oneway,99c1c9cd9640,
2026-09-09T23:37:46-03:00,google_flights,BSB,BER,2027-04-16,3399.0,BRL,Tap Air Portugal,Tap Air Portugal,TP 58 TP 532,1,LIS 4h35,275,1035,2027-04-16T18:15,2027-04-17T16:30,desconhecida,https://www.google.com/travel/flights?q=Flights%20to%20BER%20from%20BSB%20on%202027-04-16%20oneway,810284bd19b5,
2026-09-09T23:37:46-03:00,google_flights,GRU,FRA,2027-04-16,3489.0,BRL,Tap Air Portugal,Tap Air Portugal,TP 84 TP 574,1,LIS 3h35,215,995,2027-04-16T00:45,2027-04-16T22:20,desconhecida,https://www.google.com/travel/flights?q=Flights%20to%20FRA%20from%20GRU%20on%202027-04-16%20oneway,e8d758931521,
2026-09-09T23:37:46-03:00,google_flights,BSB,FRA,2027-04-16,3637.0,BRL,Gol,Gol|Air Europa,G3 1720 UX 84 UX 1509,2,"SSA 22h35, MAD 4h00",240,2390,2027-04-16T21:05,2027-04-18T17:55,desconhecida,https://www.google.com/travel/flights?q=Flights%20to%20FRA%20from%20BSB%20on%202027-04-16%20oneway,faabac07bd55,
2026-09-09T23:37:46-03:00,google_flights,GRU,AMS,2027-04-16,3708.0,BRL,Tap Air Portugal,Tap Air Portugal,TP 88 TP 672,1,LIS 4h00,240,1015,2027-04-16T20:45,2027-04-17T18:40,desconhecida,https://www.google.com/travel/flights?q=Flights%20to%20AMS%20from%20GRU%20on%202027-04-16%20oneway,50cb0d455dbd,
2026-09-09T23:37:46-03:00,google_flights,GRU,MUC,2027-04-16,3765.0,BRL,ITA,ITA|Lufthansa City Airlines,AZ 679 VL 1875,1,FCO 1h15,75,865,2027-04-16T18:55,2027-04-17T14:20,desconhecida,https://www.google.com/travel/flights?q=Flights%20to%20MUC%20from%20GRU%20on%202027-04-16%20oneway,bddb501c055e,
2026-09-09T23:37:46-03:00,google_flights,GIG,AMS,2027-04-16,5302.0,BRL,KLM,KLM,KL 706,0,,0,690,2027-04-16T21:55,2027-04-17T14:25,desconhecida,https://www.google.com/travel/flights?q=Flights%20to%20AMS%20from%20GIG%20on%202027-04-16%20oneway,3e96cbde9cdf,
2026-09-09T23:37:53-03:00,google_flights,BSB,FRA,2027-04-17,3182.0,BRL,Tap Air Portugal,Tap Air Portugal,TP 58 TP 570,1,LIS 2h00,120,860,2027-04-17T17:10,2027-04-18T12:30,desconhecida,https://www.google.com/travel/flights?q=Flights%20to%20FRA%20from%20BSB%20on%202027-04-17%20oneway,28f22ccb09f2,
2026-09-09T23:37:53-03:00,google_flights,GRU,MUC,2027-04-17,3301.0,BRL,Air Europa,Air Europa,UX 58 UX 1515,1,MAD 2h05,125,895,2027-04-17T13:50,2027-04-18T09:45,desconhecida,https://www.google.com/travel/flights?q=Flights%20to%20MUC%20from%20GRU%20on%202027-04-17%20oneway,8ba6bf437bb1,
2026-09-09T23:37:53-03:00,google_flights,GRU,FRA,2027-04-17,3301.0,BRL,Air Europa,Air Europa,UX 58 UX 1503,1,MAD 2h00,120,895,2027-04-17T13:50,2027-04-18T09:45,desconhecida,https://www.google.com/travel/flights?q=Flights%20to%20FRA%20from%20GRU%20on%202027-04-17%20oneway,0ec89e82a78d,
2026-09-09T23:37:53-03:00,google_flights,GRU,AMS,2027-04-17,3408.0,BRL,Air Europa,Air Europa,UX 58 UX 1091,1,MAD 2h00,120,890,2027-04-17T13:50,2027-04-18T09:40,desconhecida,https://www.google.com/travel/flights?q=Flights%20to%20AMS%20from%20GRU%20on%202027-04-17%20oneway,d388ebf4e88b,
2026-09-09T23:37:53-03:00,google_flights,BSB,FRA,2027-04-17,3166.0,BRL,Tap Air Portugal,Tap Air Portugal,TP 58 TP 574,1,LIS 11h50,710,1450,2027-04-17T17:10,2027-04-18T22:20,desconhecida,https://www.google.com/travel/flights?q=Flights%20to%20FRA%20from%20BSB%20on%202027-04-17%20oneway,5fbdf399ed80,
2026-09-09T23:37:53-03:00,google_flights,GRU,AMS,2027-04-17,3284.0,BRL,Air Canada,Air Canada,AC 97 AC 900,1,YUL 15h20,920,1935,2027-04-17T21:00,2027-04-19T10:15,desconhecida,https://www.google.com/travel/flights?q=Flights%20to%20AMS%20from%20GRU%20on%202027-04-17%20oneway,a2bb9af8d071,
2026-09-09T23:37:53-03:00,google_flights,GIG,FRA,2027-04-17,3327.0,BRL,Tap Air Portugal,Tap Air Portugal,TP 67 TP 574,1,LIS 5h25,325,1100,2027-04-17T23:00,2027-04-18T22:20,desconhecida,https://www.google.com/travel/flights?q=Flights%20to%20FRA%20from%20GIG%20on%202027-04-17%20oneway,be52c2706fef,
2026-09-09T23:37:53-03:00,google_flights,GIG,FRA,2027-04-17,3609.0,BRL,Tap Air Portugal,Tap Air Portugal,TP 67 TP 572,1,LIS 1h45,105,880,2027-04-17T23:00,2027-04-18T18:40,desconhecida,https://www.google.com/travel/flights?q=Flights%20to%20FRA%20from%20GIG%20on%202027-04-17%20oneway,343f1f9cba20,
2026-09-10T11:42:26-03:00,google_flights,BSB,FRA,2027-04-18,3251.0,BRL,Tap Air Portugal,Tap Air Portugal,TP 58 TP 570,1,LIS 1h40,100,845,2027-04-18T17:25,2027-04-19T12:30,desconhecida,https://www.google.com/travel/flights?q=Flights%20to%20FRA%20from%20BSB%20on%202027-04-18%20oneway,36d723ede46d,
2026-09-10T11:42:26-03:00,google_flights,GRU,AMS,2027-04-18,3415.0,BRL,Air Europa,Air Europa,UX 58 UX 1091,1,MAD 2h00,120,890,2027-04-18T13:50,2027-04-19T09:40,desconhecida,https://www.google.com/travel/flights?q=Flights%20to%20AMS%20from%20GRU%20on%202027-04-18%20oneway,7c2f7b17fa24,
2026-09-10T11:42:26-03:00,google_flights,GRU,AMS,2027-04-18,4723.0,BRL,KLM,KLM,KL 792,0,,0,695,2027-04-18T21:45,2027-04-19T14:20,desconhecida,https://www.google.com/travel/flights?q=Flights%20to%20AMS%20from%20GRU%20on%202027-04-18%20oneway,12e8ac08b3e9,
2026-09-10T11:42:26-03:00,google_flights,GRU,AMS,2027-04-18,2910.0,BRL,United,United,UA 860 UA 946,1,IAD 11h05,665,1745,2027-04-18T21:30,2027-04-20T07:35,desconhecida,https://www.google.com/travel/flights?q=Flights%20to%20AMS%20from%20GRU%20on%202027-04-18%20oneway,841de97db4b7,
2026-09-10T11:42:26-03:00,google_flights,GRU,MUC,2027-04-18,3216.0,BRL,United,United,UA 860 UA 108,1,IAD 11h00,660,1755,2027-04-18T21:30,2027-04-20T07:45,desconhecida,https://www.google.com/travel/flights?q=Flights%20to%20MUC%20from%20GRU%20on%202027-04-18%20oneway,800c3a2c3f97,
2026-09-10T11:42:26-03:00,google_flights,GRU,FRA,2027-04-18,3308.0,BRL,Air Europa,Air Europa,UX 58 UX 1503,1,MAD 2h00,120,895,2027-04-18T13:50,2027-04-19T09:45,desconhecida,https://www.google.com/travel/flights?q=Flights%20to%20FRA%20from%20GRU%20on%202027-04-18%20oneway,5acefc48a67a,
2026-09-10T11:42:26-03:00,google_flights,GRU,MUC,2027-04-18,3308.0,BRL,Air Europa,Air Europa,UX 58 UX 1515,1,MAD 2h05,125,895,2027-04-18T13:50,2027-04-19T09:45,desconhecida,https://www.google.com/travel/flights?q=Flights%20to%20MUC%20from%20GRU%20on%202027-04-18%20oneway,cac71579581b,
2026-09-10T11:42:26-03:00,google_flights,GIG,FRA,2027-04-18,3334.0,BRL,Tap Air Portugal,Tap Air Portugal,TP 72 TP 574,1,LIS 6h15,375,1150,2027-04-18T22:10,2027-04-19T22:20,desconhecida,https://www.google.com/travel/flights?q=Flights%20to%20FRA%20from%20GIG%20on%202027-04-18%20oneway,caae135e5a67,
2026-09-10T11:42:26-03:00,google_flights,GRU,AMS,2027-04-18,3716.0,BRL,Tap Air Portugal,Tap Air Portugal,TP 88 TP 672,1,LIS 4h05,245,1020,2027-04-18T20:40,2027-04-19T18:40,desconhecida,https://www.google.com/travel/flights?q=Flights%20to%20AMS%20from%20GRU%20on%202027-04-18%20oneway,5fd4cbfae9ed,
2026-09-10T11:42:26-03:00,google_flights,GIG,AMS,2027-04-18,3768.0,BRL,Tap Air Portugal,Tap Air Portugal,TP 72 TP 672,1,LIS 2h40,160,930,2027-04-18T22:10,2027-04-19T18:40,desconhecida,https://www.google.com/travel/flights?q=Flights%20to%20AMS%20from%20GIG%20on%202027-04-18%20oneway,ebb951d44e88,
2026-09-10T11:42:26-03:00,google_flights,GRU,CPH,2027-04-18,3873.0,BRL,Tap Air Portugal,Tap Air Portugal,TP 82 TP 752,1,LIS 1h50,110,925,2027-04-18T15:30,2027-04-19T11:55,desconhecida,https://www.google.com/travel/flights?q=Flights%20to%20CPH%20from%20GRU%20on%202027-04-18%20oneway,db301dc75e91,
2026-09-10T11:42:33-03:00,google_flights,GRU,FRA,2027-04-19,3308.0,BRL,Air Europa,Air Europa,UX 58 UX 1503,1,MAD 2h00,120,895,2027-04-19T13:50,2027-04-20T09:45,desconhecida,https://www.google.com/travel/flights?q=Flights%20to%20FRA%20from%20GRU%20on%202027-04-19%20oneway,2ab0796500a9,
2026-09-10T11:42:33-03:00,google_flights,BSB,BER,2027-04-19,3401.0,BRL,Tap Air Portugal,Tap Air Portugal,TP 58 TP 532,1,LIS 5h25,325,1085,2027-04-19T17:25,2027-04-20T16:30,desconhecida,https://www.google.com/travel/flights?q=Flights%20to%20BER%20from%20BSB%20on%202027-04-19%20oneway,c06362a3ff0a,
2026-09-10T11:42:33-03:00,google_flights,GRU,AMS,2027-04-19,3415.0,BRL,Air Europa,Air Europa,UX 58 UX 1091,1,MAD 2h00,120,890,2027-04-19T13:50,2027-04-20T09:40,desconhecida,https://www.google.com/travel/flights?q=Flights%20to%20AMS%20from%20GRU%20on%202027-04-19%20oneway,96c8dd0da8c7,
2026-09-10T11:42:33-03:00,google_flights,GRU,AMS,2027-04-19,2824.0,BRL,United,United,UA 860 UA 946,1,IAD 11h05,665,1745,2027-04-19T21:30,2027-04-21T07:35,desconhecida,https://www.google.com/travel/flights?q=Flights%20to%20AMS%20from%20GRU%20on%202027-04-19%20oneway,f19b816caf5c,
2026-09-10T11:42:33-03:00,google_flights,GRU,FRA,2027-04-19,3297.0,BRL,Air Canada,Air Canada,AC 97 AC 844,1,YUL 10h15,615,1680,2027-04-19T21:00,2027-04-21T06:00,desconhecida,https://www.google.com/travel/flights?q=Flights%20to%20FRA%20from%20GRU%20on%202027-04-19%20oneway,e4b076a57ce7,
2026-09-10T11:42:33-03:00,google_flights,GRU,MUC,2027-04-19,3308.0,BRL,Air Europa,Air Europa,UX 58 UX 1515,1,MAD 2h05,125,895,2027-04-19T13:50,2027-04-20T09:45,desconhecida,https://www.google.com/travel/flights?q=Flights%20to%20MUC%20from%20GRU%20on%202027-04-19%20oneway,efa495909ca0,
2026-09-10T11:42:33-03:00,google_flights,GIG,FRA,2027-04-19,3334.0,BRL,Tap Air Portugal,Tap Air Portugal,TP 76 TP 570,1,LIS 3h00,180,955,2027-04-19T15:35,2027-04-20T12:30,desconhecida,https://www.google.com/travel/flights?q=Flights%20to%20FRA%20from%20GIG%20on%202027-04-19%20oneway,a14fd11859c0,
2026-09-10T11:42:33-03:00,google_flights,GIG,FRA,2027-04-19,3334.0,BRL,Tap Air Portugal,Tap Air Portugal,TP 72 TP 572,1,LIS 2h35,155,930,2027-04-19T22:10,2027-04-20T18:40,desconhecida,https://www.google.com/travel/flights?q=Flights%20to%20FRA%20from%20GIG%20on%202027-04-19%20oneway,c140b9eebab4,
2026-09-10T11:42:33-03:00,google_flights,GRU,FRA,2027-04-19,3496.0,BRL,Tap Air Portugal,Tap Air Portugal,TP 84 TP 574,1,LIS 3h35,215,995,2027-04-19T00:45,2027-04-19T22:20,desconhecida,https://www.google.com/travel/flights?q=Flights%20to%20FRA%20from%20GRU%20on%202027-04-19%20oneway,08c1eb583b55,
2026-09-10T11:42:33-03:00,google_flights,GIG,BER,2027-04-19,3766.0,BRL,Tap Air Portugal,Tap Air Portugal,TP 76 TP 530,1,LIS 1h40,100,895,2027-04-19T15:35,2027-04-20T11:30,desconhecida,https://www.google.com/travel/flights?q=Flights%20to%20BER%20from%20GIG%20on%202027-04-19%20oneway,a8dc90ff0e6a,
2026-09-10T11:42:33-03:00,google_flights,GRU,BER,2027-04-19,3970.0,BRL,Tap Air Portugal,Tap Air Portugal,TP 88 TP 532,1,LIS 1h25,85,885,2027-04-19T20:45,2027-04-20T16:30,desconhecida,https://www.google.com/travel/flights?q=Flights%20to%20BER%20from%20GRU%20on%202027-04-19%20oneway,cbb1abe9b2fb,
2026-09-10T11:42:33-03:00,google_flights,BSB,FRA,2027-04-19,4010.0,BRL,Tap Air Portugal,Tap Air Portugal,TP 58 TP 570,1,LIS 1h45,105,845,2027-04-19T17:25,2027-04-20T12:30,desconhecida,https://www.google.com/travel/flights?q=Flights%20to%20FRA%20from%20BSB%20on%202027-04-19%20oneway,7721d2d28dbf,
2026-09-10T11:42:33-03:00,google_flights,GRU,AMS,2027-04-19,4723.0,BRL,KLM,KLM,KL 792,0,,0,695,2027-04-19T21:45,2027-04-20T14:20,desconhecida,https://www.google.com/travel/flights?q=Flights%20to%20AMS%20from%20GRU%20on%202027-04-19%20oneway,d43e59eb49ba,
2026-09-10T11:42:39-03:00,google_flights,BSB,FRA,2027-04-20,3193.0,BRL,Tap Air Portugal,Tap Air Portugal,TP 58 TP 570,1,LIS 1h45,105,845,2027-04-20T17:25,2027-04-21T12:30,desconhecida,https://www.google.com/travel/flights?q=Flights%20to%20FRA%20from%20BSB%20on%202027-04-20%20oneway,d30f00213e1c,
2026-09-10T11:42:39-03:00,google_flights,GRU,AMS,2027-04-20,3225.0,BRL,ITA,ITA,AZ 679 AZ 110,1,FCO 3h35,215,1030,2027-04-20T18:55,2027-04-21T17:05,desconhecida,https://www.google.com/travel/flights?q=Flights%20to%20AMS%20from%20GRU%20on%202027-04-20%20oneway,954c9331a37b,
2026-09-10T11:42:39-03:00,google_flights,GRU,AMS,2027-04-20,3415.0,BRL,Air Europa,Air Europa,UX 58 UX 1091,1,MAD 2h00,120,890,2027-04-20T13:50,2027-04-21T09:40,desconhecida,https://www.google.com/travel/flights?q=Flights%20to%20AMS%20from%20GRU%20on%202027-04-20%20oneway,449c11bd5a36,
2026-09-10T11:42:39-03:00,google_flights,GRU,AMS,2027-04-20,2681.0,BRL,United,United,UA 860 UA 946,1,IAD 11h05,665,1745,2027-04-20T21:30,2027-04-22T07:35,desconhecida,https://www.google.com/travel/flights?q=Flights%20to%20AMS%20from%20GRU%20on%202027-04-20%20oneway,9cc8aafdde03,
2026-09-10T11:42:39-03:00,google_flights,GRU,FRA,2027-04-20,3308.0,BRL,Air Europa,Air Europa,UX 58 UX 1503,1,MAD 2h00,120,895,2027-04-20T13:50,2027-04-21T09:45,desconhecida,https://www.google.com/travel/flights?q=Flights%20to%20FRA%20from%20GRU%20on%202027-04-20%20oneway,71f776be3cfe,
2026-09-10T11:42:39-03:00,google_flights,GRU,MUC,2027-04-20,3308.0,BRL,Air Europa,Air Europa,UX 58 UX 1515,1,MAD 2h05,125,895,2027-04-20T13:50,2027-04-21T09:45,desconhecida,https://www.google.com/travel/flights?q=Flights%20to%20MUC%20from%20GRU%20on%202027-04-20%20oneway,ebb631af85ff,
2026-09-10T11:42:39-03:00,google_flights,GIG,FRA,2027-04-20,3355.0,BRL,Tap Air Portugal,Tap Air Portugal,TP 67 TP 570,1,LIS 19h35,1175,1950,2027-04-20T23:00,2027-04-22T12:30,desconhecida,https://www.google.com/travel/flights?q=Flights%20to%20FRA%20from%20GIG%20on%202027-04-20%20oneway,a2583bc01463,
2026-09-10T11:42:39-03:00,google_flights,GIG,MUC,2027-04-20,3481.0,BRL,Tap Air Portugal,Tap Air Portugal,TP 67 TP 554,1,LIS 2h10,130,900,2027-04-20T23:00,2027-04-21T19:00,desconhecida,https://www.google.com/travel/flights?q=Flights%20to%20MUC%20from%20GIG%20on%202027-04-20%20oneway,81f89426a9f0,
2026-09-10T11:42:39-03:00,google_flights,GRU,FRA,2027-04-20,3496.0,BRL,Tap Air Portugal,Tap Air Portugal,TP 84 TP 574,1,LIS 3h35,215,995,2027-04-20T00:45,2027-04-20T22:20,desconhecida,https://www.google.com/travel/flights?q=Flights%20to%20FRA%20from%20GRU%20on%202027-04-20%20oneway,112b1fbbe5d4,
2026-09-10T11:42:39-03:00,google_flights,GRU,FRA,2027-04-20,3496.0,BRL,Tap Air Portugal,Tap Air Portugal,TP 88 TP 572,1,LIS 3h55,235,1015,2027-04-20T20:45,2027-04-21T18:40,desconhecida,https://www.google.com/travel/flights?q=Flights%20to%20FRA%20from%20GRU%20on%202027-04-20%20oneway,24da5937474d,
2026-09-10T11:42:39-03:00,google_flights,GRU,AMS,2027-04-20,4723.0,BRL,KLM,KLM,KL 792,0,,0,695,2027-04-20T21:45,2027-04-21T14:20,desconhecida,https://www.google.com/travel/flights?q=Flights%20to%20AMS%20from%20GRU%20on%202027-04-20%20oneway,0a6fe5cc738f,
2026-09-10T11:42:44-03:00,google_flights,GRU,AMS,2027-04-21,3415.0,BRL,Air Europa,Air Europa,UX 58 UX 1091,1,MAD 2h00,120,890,2027-04-21T13:50,2027-04-22T09:40,desconhecida,https://www.google.com/travel/flights?q=Flights%20to%20AMS%20from%20GRU%20on%202027-04-21%20oneway,9c22a2dad831,
2026-09-10T11:42:44-03:00,google_flights,BSB,BER,2027-04-21,3443.0,BRL,Tap Air Portugal,Tap Air Portugal,TP 58 TP 532,1,LIS 4h35,275,1035,2027-04-21T18:15,2027-04-22T16:30,desconhecida,https://www.google.com/travel/flights?q=Flights%20to%20BER%20from%20BSB%20on%202027-04-21%20oneway,7edb5ed8cef7,
2026-09-10T11:42:44-03:00,google_flights,BSB,MUC,2027-04-21,3471.0,BRL,Tap Air Portugal,Tap Air Portugal,TP 58 TP 552,1,LIS 1h15,75,810,2027-04-21T18:15,2027-04-22T12:45,desconhecida,https://www.google.com/travel/flights?q=Flights%20to%20MUC%20from%20BSB%20on%202027-04-21%20oneway,ba1615826e8b,
2026-09-10T11:42:44-03:00,google_flights,GRU,AMS,2027-04-21,2681.0,BRL,United,United,UA 860 UA 946,1,IAD 11h05,665,1745,2027-04-21T21:30,2027-04-23T07:35,desconhecida,https://www.google.com/travel/flights?q=Flights%20to%20AMS%20from%20GRU%20on%202027-04-21%20oneway,a5f9b8ad0512,
2026-09-10T11:42:44-03:00,google_flights,GRU,CPH,2027-04-21,2916.0,BRL,United,United|Lufthansa,UA 844 UA 944 LH 826,2,"ORD 8h15, FRA 1h20",80,1795,2027-04-21T22:20,2027-04-23T09:15,desconhecida,https://www.google.com/travel/flights?q=Flights%20to%20CPH%20from%20GRU%20on%202027-04-21%20oneway,5173dcc928e7,
2026-09-10T11:42:44-03:00,google_flights,GIG,AMS,2027-04-21,2941.0,BRL,United,United,UA 128 UA 20,1,IAH 10h40,640,1875,2027-04-21T21:05,2027-04-23T09:20,desconhecida,https://www.google.com/travel/flights?q=Flights%20to%20AMS%20from%20GIG%20on%202027-04-21%20oneway,c3814dc77742,
2026-09-10T11:42:44-03:00,google_flights,BSB,FRA,2027-04-21,3204.0,BRL,Tap Air Portugal,Tap Air Portugal,TP 58 TP 574,1,LIS 10h45,645,1385,2027-04-21T18:15,2027-04-22T22:20,desconhecida,https://www.google.com/travel/flights?q=Flights%20to%20FRA%20from%20BSB%20on%202027-04-21%20oneway,8cf24b139c58,
2026-09-10T11:42:44-03:00,google_flights,GRU,AMS,2027-04-21,3225.0,BRL,ITA,ITA,AZ 675 AZ 110,1,FCO 7h45,465,1310,2027-04-21T14:15,2027-04-22T17:05,desconhecida,https://www.google.com/travel/flights?q=Flights%20to%20AMS%20from%20GRU%20on%202027-04-21%20oneway,1cd3123e902e,
2026-09-10T11:42:44-03:00,google_flights,BSB,FRA,2027-04-21,3251.0,BRL,Tap Air Portugal,Tap Air Portugal,TP 58 TP 572,1,LIS 7h05,425,1165,2027-04-21T18:15,2027-04-22T18:40,desconhecida,https://www.google.com/travel/flights?q=Flights%20to%20FRA%20from%20BSB%20on%202027-04-21%20oneway,1f8045e5e961,
2026-09-10T11:42:44-03:00,google_flights,GRU,FRA,2027-04-21,3308.0,BRL,Air Europa,Air Europa,UX 58 UX 1503,1,MAD 2h00,120,895,2027-04-21T13:50,2027-04-22T09:45,desconhecida,https://www.google.com/travel/flights?q=Flights%20to%20FRA%20from%20GRU%20on%202027-04-21%20oneway,22814f2ca842,
2026-09-10T11:42:44-03:00,google_flights,GRU,MUC,2027-04-21,3308.0,BRL,Air Europa,Air Europa,UX 58 UX 1515,1,MAD 2h05,125,895,2027-04-21T13:50,2027-04-22T09:45,desconhecida,https://www.google.com/travel/flights?q=Flights%20to%20MUC%20from%20GRU%20on%202027-04-21%20oneway,304e39efe077,
2026-09-10T11:42:44-03:00,google_flights,GRU,FRA,2027-04-21,3496.0,BRL,Tap Air Portugal,Tap Air Portugal,TP 82 TP 570,1,LIS 2h55,175,960,2027-04-21T15:30,2027-04-22T12:30,desconhecida,https://www.google.com/travel/flights?q=Flights%20to%20FRA%20from%20GRU%20on%202027-04-21%20oneway,0bac21ee23e8,
2026-09-10T11:42:44-03:00,google_flights,GRU,FRA,2027-04-21,3496.0,BRL,Tap Air Portugal,Tap Air Portugal,TP 88 TP 572,1,LIS 3h55,235,1015,2027-04-21T20:45,2027-04-22T18:40,desconhecida,https://www.google.com/travel/flights?q=Flights%20to%20FRA%20from%20GRU%20on%202027-04-21%20oneway,4d7949f7e1b5,
2026-09-10T11:42:44-03:00,google_flights,GIG,VIE,2027-04-21,3659.0,BRL,Tap Air Portugal,Tap Air Portugal,TP 72 TP 1272,1,LIS 2h00,120,915,2027-04-21T22:10,2027-04-22T18:25,desconhecida,https://www.google.com/travel/flights?q=Flights%20to%20VIE%20from%20GIG%20on%202027-04-21%20oneway,1f1cef33f9a7,
2026-09-10T11:42:44-03:00,google_flights,GRU,AMS,2027-04-21,3735.0,BRL,British Airways,British Airways,BA 246 BA 430,1,LHR 1h30,90,850,2027-04-21T15:30,2027-04-22T10:40,desconhecida,https://www.google.com/travel/flights?q=Flights%20to%20AMS%20from%20GRU%20on%202027-04-21%20oneway,6a59a525fbe7,
2026-09-10T11:42:44-03:00,google_flights,GIG,BER,2027-04-21,3766.0,BRL,Tap Air Portugal,Tap Air Portugal,TP 76 TP 530,1,LIS 1h40,100,895,2027-04-21T15:35,2027-04-22T11:30,desconhecida,https://www.google.com/travel/flights?q=Flights%20to%20BER%20from%20GIG%20on%202027-04-21%20oneway,936221ecd6a3,
2026-09-10T11:42:44-03:00,google_flights,GRU,BER,2027-04-21,3970.0,BRL,Tap Air Portugal,Tap Air Portugal,TP 88 TP 532,1,LIS 1h25,85,885,2027-04-21T20:45,2027-04-22T16:30,desconhecida,https://www.google.com/travel/flights?q=Flights%20to%20BER%20from%20GRU%20on%202027-04-21%20oneway,80de513e57af,
2026-09-10T11:42:44-03:00,google_flights,GRU,AMS,2027-04-21,4723.0,BRL,KLM,KLM,KL 792,0,,0,695,2027-04-21T21:45,2027-04-22T14:20,desconhecida,https://www.google.com/travel/flights?q=Flights%20to%20AMS%20from%20GRU%20on%202027-04-21%20oneway,e2a05f53c049,
2026-09-10T11:42:51-03:00,google_flights,GRU,MUC,2027-04-18,4823.0,BRL,Air Europa,Air Europa,UX 58 UX 1515,1,MAD 2h05,125,895,2027-04-18T13:50,2027-04-19T09:45,desconhecida,https://www.google.com/travel/flights?q=Flights%20to%20MUC%20from%20GRU%20on%202027-04-18%20oneway,cac71579581b,2027-04-25
2026-09-10T11:42:51-03:00,google_flights,GRU,FRA,2027-04-18,5695.0,BRL,LATAM,LATAM,LA 8070,0,,0,705,2027-04-18T23:40,2027-04-19T16:25,desconhecida,https://www.google.com/travel/flights?q=Flights%20to%20FRA%20from%20GRU%20on%202027-04-18%20oneway,c63339d92f4a,2027-04-25
2026-09-10T11:42:51-03:00,google_flights,GRU,AMS,2027-04-18,6355.0,BRL,KLM,KLM,KL 792,0,,0,695,2027-04-18T21:45,2027-04-19T14:20,desconhecida,https://www.google.com/travel/flights?q=Flights%20to%20AMS%20from%20GRU%20on%202027-04-18%20oneway,12e8ac08b3e9,2027-04-25
2026-09-10T11:42:51-03:00,google_flights,GRU,FRA,2027-04-18,4878.0,BRL,Air Europa,Air Europa,UX 58 UX 1503,1,MAD 2h00,120,895,2027-04-18T13:50,2027-04-19T09:45,desconhecida,https://www.google.com/travel/flights?q=Flights%20to%20FRA%20from%20GRU%20on%202027-04-18%20oneway,5acefc48a67a,2027-04-25
2026-09-10T11:42:51-03:00,google_flights,GRU,AMS,2027-04-18,4973.0,BRL,Air Europa,Air Europa,UX 58 UX 1091,1,MAD 2h00,120,890,2027-04-18T13:50,2027-04-19T09:40,desconhecida,https://www.google.com/travel/flights?q=Flights%20to%20AMS%20from%20GRU%20on%202027-04-18%20oneway,7c2f7b17fa24,2027-04-25
2026-09-10T11:42:51-03:00,google_flights,GRU,BER,2027-04-18,5026.0,BRL,LATAM,LATAM|Finnair,LA 8084 AY 1338 AY 1431,2,"LHR 3h05, HEL 8h10",185,1635,2027-04-18T23:50,2027-04-20T08:05,desconhecida,https://www.google.com/travel/flights?q=Flights%20to%20BER%20from%20GRU%20on%202027-04-18%20oneway,6f8ac0d9e973,2027-04-25
2026-09-10T11:42:51-03:00,google_flights,GRU,VIE,2027-04-18,5069.0,BRL,Air Canada,Air Canada,AC 91 AC 886,1,YYZ 11h15,675,1785,2027-04-18T21:35,2027-04-20T08:20,desconhecida,https://www.google.com/travel/flights?q=Flights%20to%20VIE%20from%20GRU%20on%202027-04-18%20oneway,9f0960a236ae,2027-04-25
2026-09-10T11:42:51-03:00,google_flights,GIG,FRA,2027-04-18,5609.0,BRL,LATAM,LATAM,LA 3875 LA 8070,1,GRU 3h25,205,980,2027-04-18T19:05,2027-04-19T16:25,desconhecida,https://www.google.com/travel/flights?q=Flights%20to%20FRA%20from%20GIG%20on%202027-04-18%20oneway,40353665bfd1,2027-04-25
2026-09-10T11:42:51-03:00,google_flights,BSB,MUC,2027-04-18,5913.0,BRL,Gol,Gol|Air Europa,G3 1718 UX 84 UX 1517,2,"SSA 6h15, MAD 2h50",170,1330,2027-04-18T14:35,2027-04-19T17:45,desconhecida,https://www.google.com/travel/flights?q=Flights%20to%20MUC%20from%20BSB%20on%202027-04-18%20oneway,5e68d789272b,2027-04-25
2026-09-10T11:42:51-03:00,google_flights,GIG,MUC,2027-04-18,5918.0,BRL,ITA,ITA|Lufthansa,AZ 673 LH 1873,1,FCO 1h20,80,850,2027-04-18T14:25,2027-04-19T09:35,desconhecida,https://www.google.com/travel/flights?q=Flights%20to%20MUC%20from%20GIG%20on%202027-04-18%20oneway,8ef2fbaa3667,2027-04-25
2026-09-10T11:42:51-03:00,google_flights,BSB,FRA,2027-04-18,5932.0,BRL,Tap Air Portugal,Tap Air Portugal,TP 58 TP 570,1,LIS 1h40,100,845,2027-04-18T17:25,2027-04-19T12:30,desconhecida,https://www.google.com/travel/flights?q=Flights%20to%20FRA%20from%20BSB%20on%202027-04-18%20oneway,36d723ede46d,2027-04-25
2026-09-10T11:42:51-03:00,google_flights,GRU,AMS,2027-04-18,6152.0,BRL,LATAM,LATAM,LA 8078,0,,0,710,2027-04-18T18:00,2027-04-19T10:50,desconhecida,https://www.google.com/travel/flights?q=Flights%20to%20AMS%20from%20GRU%20on%202027-04-18%20oneway,c905b06bab26,2027-04-25
2026-09-10T11:42:51-03:00,google_flights,GRU,FRA,2027-04-18,7321.0,BRL,Lufthansa,Lufthansa,LH 507,0,,0,695,2027-04-18T18:10,2027-04-19T10:45,desconhecida,https://www.google.com/travel/flights?q=Flights%20to%20FRA%20from%20GRU%20on%202027-04-18%20oneway,c1f74f26645b,2027-04-25
2026-09-10T11:42:51-03:00,google_flights,GIG,AMS,2027-04-18,7655.0,BRL,KLM,KLM,KL 706,0,,0,690,2027-04-18T21:55,2027-04-19T14:25,desconhecida,https://www.google.com/travel/flights?q=Flights%20to%20AMS%20from%20GIG%20on%202027-04-18%20oneway,fd75353eff9a,2027-04-25
2026-09-10T16:27:12-03:00,google_flights,GRU,FRA,2027-04-22,3308.0,BRL,Air Europa,Air Europa,UX 58 UX 1503,1,MAD 2h00,120,895,2027-04-22T13:50,2027-04-23T09:45,desconhecida,https://www.google.com/travel/flights?q=Flights%20to%20FRA%20from%20GRU%20on%202027-04-22%20oneway,f1969eb69575,
2026-09-10T16:27:12-03:00,google_flights,GIG,MUC,2027-04-22,3408.0,BRL,ITA,ITA,AZ 673 AZ 432,1,FCO 1h55,115,885,2027-04-22T14:25,2027-04-23T10:10,desconhecida,https://www.google.com/travel/flights?q=Flights%20to%20MUC%20from%20GIG%20on%202027-04-22%20oneway,49bbcd020d85,
2026-09-10T16:27:12-03:00,google_flights,GRU,AMS,2027-04-22,3415.0,BRL,Air Europa,Air Europa,UX 58 UX 1091,1,MAD 2h00,120,890,2027-04-22T13:50,2027-04-23T09:40,desconhecida,https://www.google.com/travel/flights?q=Flights%20to%20AMS%20from%20GRU%20on%202027-04-22%20oneway,9290da6ef6b0,
2026-09-10T16:27:12-03:00,google_flights,BSB,FRA,2027-04-22,3466.0,BRL,Tap Air Portugal,Tap Air Portugal,TP 58 TP 570,1,LIS 2h00,120,860,2027-04-22T17:10,2027-04-23T12:30,desconhecida,https://www.google.com/travel/flights?q=Flights%20to%20FRA%20from%20BSB%20on%202027-04-22%20oneway,09fd94a52530,
2026-09-10T16:27:12-03:00,google_flights,GRU,AMS,2027-04-22,4723.0,BRL,KLM,KLM,KL 792,0,,0,695,2027-04-22T21:45,2027-04-23T14:20,desconhecida,https://www.google.com/travel/flights?q=Flights%20to%20AMS%20from%20GRU%20on%202027-04-22%20oneway,06b0b0165473,
2026-09-10T16:27:12-03:00,google_flights,GRU,AMS,2027-04-22,2681.0,BRL,United,United,UA 148 UA 70,1,EWR 11h50,710,1755,2027-04-22T21:00,2027-04-24T07:15,desconhecida,https://www.google.com/travel/flights?q=Flights%20to%20AMS%20from%20GRU%20on%202027-04-22%20oneway,0254929b3ccf,
2026-09-10T16:27:12-03:00,google_flights,GRU,AMS,2027-04-22,2681.0,BRL,United,United,UA 860 UA 946,1,IAD 11h05,665,1745,2027-04-22T21:30,2027-04-24T07:35,desconhecida,https://www.google.com/travel/flights?q=Flights%20to%20AMS%20from%20GRU%20on%202027-04-22%20oneway,34e8230fb190,
2026-09-10T16:27:12-03:00,google_flights,GRU,VIE,2027-04-22,2681.0,BRL,United,United|Austrian,UA 844 OS 46,1,ORD 9h35,575,1735,2027-04-22T22:20,2027-04-24T08:15,desconhecida,https://www.google.com/travel/flights?q=Flights%20to%20VIE%20from%20GRU%20on%202027-04-22%20oneway,6b5e221ac497,
2026-09-10T16:27:12-03:00,google_flights,GRU,CPH,2027-04-22,2916.0,BRL,United,United|Lufthansa,UA 844 UA 944 LH 826,2,"ORD 8h15, FRA 1h20",80,1795,2027-04-22T22:20,2027-04-24T09:15,desconhecida,https://www.google.com/travel/flights?q=Flights%20to%20CPH%20from%20GRU%20on%202027-04-22%20oneway,3aa2790a61ad,
2026-09-10T16:27:12-03:00,google_flights,GIG,AMS,2027-04-22,2941.0,BRL,United,United,UA 128 UA 20,1,IAH 10h40,640,1875,2027-04-22T21:05,2027-04-24T09:20,desconhecida,https://www.google.com/travel/flights?q=Flights%20to%20AMS%20from%20GIG%20on%202027-04-22%20oneway,03f5dad5ff81,
2026-09-10T16:27:12-03:00,google_flights,BSB,FRA,2027-04-22,3188.0,BRL,Tap Air Portugal,Tap Air Portugal,TP 58 TP 574,1,LIS 11h50,710,1450,2027-04-22T17:10,2027-04-23T22:20,desconhecida,https://www.google.com/travel/flights?q=Flights%20to%20FRA%20from%20BSB%20on%202027-04-22%20oneway,ce93dc6fdaa8,
2026-09-10T16:27:12-03:00,google_flights,GRU,MUC,2027-04-22,3308.0,BRL,Air Europa,Air Europa,UX 58 UX 1515,1,MAD 2h05,125,895,2027-04-22T13:50,2027-04-23T09:45,desconhecida,https://www.google.com/travel/flights?q=Flights%20to%20MUC%20from%20GRU%20on%202027-04-22%20oneway,db7d0116e469,
2026-09-10T16:27:12-03:00,google_flights,GIG,FRA,2027-04-22,3334.0,BRL,Tap Air Portugal,Tap Air Portugal,TP 67 TP 574,1,LIS 5h25,325,1100,2027-04-22T23:00,2027-04-23T22:20,desconhecida,https://www.google.com/travel/flights?q=Flights%20to%20FRA%20from%20GIG%20on%202027-04-22%20oneway,fbceafe70fd3,
2026-09-10T16:27:12-03:00,google_flights,GRU,FRA,2027-04-22,3496.0,BRL,Tap Air Portugal,Tap Air Portugal,TP 84 TP 574,1,LIS 3h35,215,995,2027-04-22T00:45,2027-04-22T22:20,desconhecida,https://www.google.com/travel/flights?q=Flights%20to%20FRA%20from%20GRU%20on%202027-04-22%20oneway,4966bd0c910b,
2026-09-10T16:27:12-03:00,google_flights,GRU,FRA,2027-04-22,3496.0,BRL,Tap Air Portugal,Tap Air Portugal,TP 88 TP 572,1,LIS 3h55,235,1015,2027-04-22T20:45,2027-04-23T18:40,desconhecida,https://www.google.com/travel/flights?q=Flights%20to%20FRA%20from%20GRU%20on%202027-04-22%20oneway,574f3b63b9d5,
2026-09-10T16:27:12-03:00,google_flights,GIG,AMS,2027-04-22,3768.0,BRL,Tap Air Portugal,Tap Air Portugal,TP 67 TP 672,1,LIS 1h50,110,880,2027-04-22T23:00,2027-04-23T18:40,desconhecida,https://www.google.com/travel/flights?q=Flights%20to%20AMS%20from%20GIG%20on%202027-04-22%20oneway,10eb1445559d,
2026-09-10T16:27:12-03:00,google_flights,BSB,BER,2027-04-22,3783.0,BRL,Tap Air Portugal,Tap Air Portugal,TP 58 TP 530,1,LIS 1h30,90,850,2027-04-22T17:10,2027-04-23T12:20,desconhecida,https://www.google.com/travel/flights?q=Flights%20to%20BER%20from%20BSB%20on%202027-04-22%20oneway,94330108dea4,
2026-09-10T16:27:12-03:00,google_flights,GRU,CPH,2027-04-22,3873.0,BRL,Tap Air Portugal,Tap Air Portugal,TP 82 TP 752,1,LIS 1h30,90,905,2027-04-22T15:30,2027-04-23T11:35,desconhecida,https://www.google.com/travel/flights?q=Flights%20to%20CPH%20from%20GRU%20on%202027-04-22%20oneway,6d1b89cee302,
2026-09-10T23:31:11-03:00,google_flights,GRU,FRA,2027-04-22,3308.0,BRL,Air Europa,Air Europa,UX 58 UX 1503,1,MAD 2h00,120,895,2027-04-22T13:50,2027-04-23T09:45,desconhecida,https://www.google.com/travel/flights?q=Flights%20to%20FRA%20from%20GRU%20on%202027-04-22%20oneway,f1969eb69575,
2026-09-10T23:31:11-03:00,google_flights,GIG,MUC,2027-04-22,3409.0,BRL,ITA,ITA,AZ 673 AZ 432,1,FCO 1h55,115,885,2027-04-22T14:25,2027-04-23T10:10,desconhecida,https://www.google.com/travel/flights?q=Flights%20to%20MUC%20from%20GIG%20on%202027-04-22%20oneway,49bbcd020d85,
2026-09-10T23:31:11-03:00,google_flights,GRU,AMS,2027-04-22,3415.0,BRL,Air Europa,Air Europa,UX 58 UX 1091,1,MAD 2h00,120,890,2027-04-22T13:50,2027-04-23T09:40,desconhecida,https://www.google.com/travel/flights?q=Flights%20to%20AMS%20from%20GRU%20on%202027-04-22%20oneway,9290da6ef6b0,
2026-09-10T23:31:11-03:00,google_flights,BSB,FRA,2027-04-22,3466.0,BRL,Tap Air Portugal,Tap Air Portugal,TP 58 TP 570,1,LIS 2h00,120,860,2027-04-22T17:10,2027-04-23T12:30,desconhecida,https://www.google.com/travel/flights?q=Flights%20to%20FRA%20from%20BSB%20on%202027-04-22%20oneway,09fd94a52530,
2026-09-10T23:31:11-03:00,google_flights,GRU,AMS,2027-04-22,4723.0,BRL,KLM,KLM,KL 792,0,,0,695,2027-04-22T21:45,2027-04-23T14:20,desconhecida,https://www.google.com/travel/flights?q=Flights%20to%20AMS%20from%20GRU%20on%202027-04-22%20oneway,06b0b0165473,
2026-09-10T23:31:11-03:00,google_flights,GRU,AMS,2027-04-22,2681.0,BRL,United,United,UA 148 UA 70,1,EWR 11h50,710,1755,2027-04-22T21:00,2027-04-24T07:15,desconhecida,https://www.google.com/travel/flights?q=Flights%20to%20AMS%20from%20GRU%20on%202027-04-22%20oneway,0254929b3ccf,
2026-09-10T23:31:11-03:00,google_flights,GRU,AMS,2027-04-22,2681.0,BRL,United,United,UA 860 UA 946,1,IAD 11h05,665,1745,2027-04-22T21:30,2027-04-24T07:35,desconhecida,https://www.google.com/travel/flights?q=Flights%20to%20AMS%20from%20GRU%20on%202027-04-22%20oneway,34e8230fb190,
2026-09-10T23:31:11-03:00,google_flights,GRU,VIE,2027-04-22,2681.0,BRL,United,United|Austrian,UA 844 OS 46,1,ORD 9h35,575,1735,2027-04-22T22:20,2027-04-24T08:15,desconhecida,https://www.google.com/travel/flights?q=Flights%20to%20VIE%20from%20GRU%20on%202027-04-22%20oneway,6b5e221ac497,
2026-09-10T23:31:11-03:00,google_flights,GRU,CPH,2027-04-22,2916.0,BRL,United,United|Lufthansa,UA 844 UA 944 LH 826,2,"ORD 8h15, FRA 1h20",80,1795,2027-04-22T22:20,2027-04-24T09:15,desconhecida,https://www.google.com/travel/flights?q=Flights%20to%20CPH%20from%20GRU%20on%202027-04-22%20oneway,3aa2790a61ad,
2026-09-10T23:31:11-03:00,google_flights,GIG,AMS,2027-04-22,2941.0,BRL,United,United,UA 128 UA 20,1,IAH 10h40,640,1875,2027-04-22T21:05,2027-04-24T09:20,desconhecida,https://www.google.com/travel/flights?q=Flights%20to%20AMS%20from%20GIG%20on%202027-04-22%20oneway,03f5dad5ff81,
2026-09-10T23:31:11-03:00,google_flights,BSB,FRA,2027-04-22,3188.0,BRL,Tap Air Portugal,Tap Air Portugal,TP 58 TP 574,1,LIS 11h50,710,1450,2027-04-22T17:10,2027-04-23T22:20,desconhecida,https://www.google.com/travel/flights?q=Flights%20to%20FRA%20from%20BSB%20on%202027-04-22%20oneway,ce93dc6fdaa8,
2026-09-10T23:31:11-03:00,google_flights,GRU,MUC,2027-04-22,3308.0,BRL,Air Europa,Air Europa,UX 58 UX 1515,1,MAD 2h05,125,895,2027-04-22T13:50,2027-04-23T09:45,desconhecida,https://www.google.com/travel/flights?q=Flights%20to%20MUC%20from%20GRU%20on%202027-04-22%20oneway,db7d0116e469,
2026-09-10T23:31:11-03:00,google_flights,GIG,FRA,2027-04-22,3334.0,BRL,Tap Air Portugal,Tap Air Portugal,TP 67 TP 574,1,LIS 5h25,325,1100,2027-04-22T23:00,2027-04-23T22:20,desconhecida,https://www.google.com/travel/flights?q=Flights%20to%20FRA%20from%20GIG%20on%202027-04-22%20oneway,fbceafe70fd3,
2026-09-10T23:31:11-03:00,google_flights,GRU,FRA,2027-04-22,3496.0,BRL,Tap Air Portugal,Tap Air Portugal,TP 84 TP 574,1,LIS 3h35,215,995,2027-04-22T00:45,2027-04-22T22:20,desconhecida,https://www.google.com/travel/flights?q=Flights%20to%20FRA%20from%20GRU%20on%202027-04-22%20oneway,4966bd0c910b,
2026-09-10T23:31:11-03:00,google_flights,GRU,FRA,2027-04-22,3496.0,BRL,Tap Air Portugal,Tap Air Portugal,TP 88 TP 572,1,LIS 3h55,235,1015,2027-04-22T20:45,2027-04-23T18:40,desconhecida,https://www.google.com/travel/flights?q=Flights%20to%20FRA%20from%20GRU%20on%202027-04-22%20oneway,574f3b63b9d5,
2026-09-10T23:31:11-03:00,google_flights,GIG,AMS,2027-04-22,3768.0,BRL,Tap Air Portugal,Tap Air Portugal,TP 67 TP 672,1,LIS 1h50,110,880,2027-04-22T23:00,2027-04-23T18:40,desconhecida,https://www.google.com/travel/flights?q=Flights%20to%20AMS%20from%20GIG%20on%202027-04-22%20oneway,10eb1445559d,
2026-09-10T23:31:11-03:00,google_flights,BSB,BER,2027-04-22,3783.0,BRL,Tap Air Portugal,Tap Air Portugal,TP 58 TP 530,1,LIS 1h30,90,850,2027-04-22T17:10,2027-04-23T12:20,desconhecida,https://www.google.com/travel/flights?q=Flights%20to%20BER%20from%20BSB%20on%202027-04-22%20oneway,94330108dea4,
2026-09-10T23:31:11-03:00,google_flights,GRU,CPH,2027-04-22,3873.0,BRL,Tap Air Portugal,Tap Air Portugal,TP 82 TP 752,1,LIS 1h30,90,905,2027-04-22T15:30,2027-04-23T11:35,desconhecida,https://www.google.com/travel/flights?q=Flights%20to%20CPH%20from%20GRU%20on%202027-04-22%20oneway,6d1b89cee302,
2026-09-10T23:31:19-03:00,google_flights,GRU,FRA,2027-04-23,3308.0,BRL,Air Europa,Air Europa,UX 58 UX 1503,1,MAD 2h00,120,895,2027-04-23T13:50,2027-04-24T09:45,desconhecida,https://www.google.com/travel/flights?q=Flights%20to%20FRA%20from%20GRU%20on%202027-04-23%20oneway,018a145e3f8c,
2026-09-10T23:31:19-03:00,google_flights,GRU,AMS,2027-04-23,3415.0,BRL,Air Europa,Air Europa,UX 58 UX 1091,1,MAD 2h00,120,890,2027-04-23T13:50,2027-04-24T09:40,desconhecida,https://www.google.com/travel/flights?q=Flights%20to%20AMS%20from%20GRU%20on%202027-04-23%20oneway,0765540ef092,
2026-09-10T23:31:19-03:00,google_flights,BSB,BER,2027-04-23,3432.0,BRL,Tap Air Portugal,Tap Air Portugal,TP 58 TP 532,1,LIS 4h35,275,1035,2027-04-23T18:15,2027-04-24T16:30,desconhecida,https://www.google.com/travel/flights?q=Flights%20to%20BER%20from%20BSB%20on%202027-04-23%20oneway,cbd5482b9cc1,
2026-09-10T23:31:19-03:00,google_flights,BSB,MUC,2027-04-23,3471.0,BRL,Tap Air Portugal,Tap Air Portugal,TP 58 TP 552,1,LIS 1h15,75,810,2027-04-23T18:15,2027-04-24T12:45,desconhecida,https://www.google.com/travel/flights?q=Flights%20to%20MUC%20from%20BSB%20on%202027-04-23%20oneway,13c063c3b460,
2026-09-10T23:31:19-03:00,google_flights,BSB,FRA,2027-04-23,3193.0,BRL,Tap Air Portugal,Tap Air Portugal,TP 58 TP 574,1,LIS 10h45,645,1385,2027-04-23T18:15,2027-04-24T22:20,desconhecida,https://www.google.com/travel/flights?q=Flights%20to%20FRA%20from%20BSB%20on%202027-04-23%20oneway,2f3ad3ae5c31,
2026-09-10T23:31:19-03:00,google_flights,GRU,FRA,2027-04-23,3216.0,BRL,United,United,UA 844 UA 944,1,ORD 8h15,495,1630,2027-04-23T22:20,2027-04-25T06:30,desconhecida,https://www.google.com/travel/flights?q=Flights%20to%20FRA%20from%20GRU%20on%202027-04-23%20oneway,2227cb013b5e,
2026-09-10T23:31:19-03:00,google_flights,GRU,MUC,2027-04-23,3216.0,BRL,United,United|Lufthansa,UA 844 LH 437,1,ORD 8h50,530,1665,2027-04-23T22:20,2027-04-25T07:05,desconhecida,https://www.google.com/travel/flights?q=Flights%20to%20MUC%20from%20GRU%20on%202027-04-23%20oneway,78800f9ccdf9,
2026-09-10T23:31:19-03:00,google_flights,BSB,FRA,2027-04-23,3251.0,BRL,Tap Air Portugal,Tap Air Portugal,TP 58 TP 572,1,LIS 7h05,425,1165,2027-04-23T18:15,2027-04-24T18:40,desconhecida,https://www.google.com/travel/flights?q=Flights%20to%20FRA%20from%20BSB%20on%202027-04-23%20oneway,bc6378abf8f0,
2026-09-10T23:31:19-03:00,google_flights,GRU,MUC,2027-04-23,3308.0,BRL,Air Europa,Air Europa,UX 58 UX 1515,1,MAD 2h05,125,895,2027-04-23T13:50,2027-04-24T09:45,desconhecida,https://www.google.com/travel/flights?q=Flights%20to%20MUC%20from%20GRU%20on%202027-04-23%20oneway,97342844ea27,
2026-09-10T23:31:19-03:00,google_flights,GIG,FRA,2027-04-23,3355.0,BRL,Tap Air Portugal,Tap Air Portugal,TP 72 TP 570,1,LIS 20h25,1225,2000,2027-04-23T22:10,2027-04-25T12:30,desconhecida,https://www.google.com/travel/flights?q=Flights%20to%20FRA%20from%20GIG%20on%202027-04-23%20oneway,732db51c57c7,
2026-09-10T23:31:19-03:00,google_flights,GRU,FRA,2027-04-23,3496.0,BRL,Tap Air Portugal,Tap Air Portugal,TP 84 TP 574,1,LIS 3h35,215,995,2027-04-23T00:45,2027-04-23T22:20,desconhecida,https://www.google.com/travel/flights?q=Flights%20to%20FRA%20from%20GRU%20on%202027-04-23%20oneway,811518dae145,
2026-09-10T23:31:19-03:00,google_flights,GRU,FRA,2027-04-23,3496.0,BRL,Tap Air Portugal,Tap Air Portugal,TP 88 TP 572,1,LIS 3h55,235,1015,2027-04-23T20:45,2027-04-24T18:40,desconhecida,https://www.google.com/travel/flights?q=Flights%20to%20FRA%20from%20GRU%20on%202027-04-23%20oneway,42d6f851e8ff,
2026-09-10T23:31:19-03:00,google_flights,GIG,AMS,2027-04-23,3768.0,BRL,Tap Air Portugal,Tap Air Portugal,TP 72 TP 672,1,LIS 2h40,160,930,2027-04-23T22:10,2027-04-24T18:40,desconhecida,https://www.google.com/travel/flights?q=Flights%20to%20AMS%20from%20GIG%20on%202027-04-23%20oneway,f38b0c66d6d3,
2026-09-10T23:31:19-03:00,google_flights,GRU,CPH,2027-04-23,3873.0,BRL,Tap Air Portugal,Tap Air Portugal,TP 88 TP 754,1,LIS 1h35,95,905,2027-04-23T20:45,2027-04-24T16:50,desconhecida,https://www.google.com/travel/flights?q=Flights%20to%20CPH%20from%20GRU%20on%202027-04-23%20oneway,eb0d045f9774,
2026-09-10T23:31:19-03:00,google_flights,GIG,FRA,2027-04-23,3962.0,BRL,Tap Air Portugal,Tap Air Portugal,TP 76 TP 570,1,LIS 3h00,180,955,2027-04-23T15:35,2027-04-24T12:30,desconhecida,https://www.google.com/travel/flights?q=Flights%20to%20FRA%20from%20GIG%20on%202027-04-23%20oneway,5da06efaaf82,
2026-09-10T23:31:25-03:00,google_flights,BSB,FRA,2027-04-13,3193.0,BRL,Tap Air Portugal,Tap Air Portugal,TP 58 TP 570,1,LIS 1h45,105,845,2027-04-13T17:25,2027-04-14T12:30,desconhecida,https://www.google.com/travel/flights?q=Flights%20to%20FRA%20from%20BSB%20on%202027-04-13%20oneway,32c4d3959239,
2026-09-10T23:31:25-03:00,google_flights,GRU,MUC,2027-04-13,3308.0,BRL,Air Europa,Air Europa,UX 58 UX 1515,1,MAD 2h05,125,895,2027-04-13T13:50,2027-04-14T09:45,desconhecida,https://www.google.com/travel/flights?q=Flights%20to%20MUC%20from%20GRU%20on%202027-04-13%20oneway,89dde1e4fb72,
2026-09-10T23:31:25-03:00,google_flights,GRU,FRA,2027-04-13,3308.0,BRL,Air Europa,Air Europa,UX 58 UX 1503,1,MAD 2h00,120,895,2027-04-13T13:50,2027-04-14T09:45,desconhecida,https://www.google.com/travel/flights?q=Flights%20to%20FRA%20from%20GRU%20on%202027-04-13%20oneway,7216aeb19bc4,
2026-09-10T23:31:25-03:00,google_flights,GRU,AMS,2027-04-13,3415.0,BRL,Air Europa,Air Europa,UX 58 UX 1091,1,MAD 2h00,120,890,2027-04-13T13:50,2027-04-14T09:40,desconhecida,https://www.google.com/travel/flights?q=Flights%20to%20AMS%20from%20GRU%20on%202027-04-13%20oneway,3db0f4651e45,
2026-09-10T23:31:25-03:00,google_flights,GRU,AMS,2027-04-13,2681.0,BRL,United,United,UA 860 UA 946,1,IAD 11h05,665,1745,2027-04-13T21:30,2027-04-15T07:35,desconhecida,https://www.google.com/travel/flights?q=Flights%20to%20AMS%20from%20GRU%20on%202027-04-13%20oneway,993cb09a255b,
2026-09-10T23:31:25-03:00,google_flights,BSB,FRA,2027-04-13,3188.0,BRL,Tap Air Portugal,Tap Air Portugal,TP 58 TP 574,1,LIS 11h35,695,1435,2027-04-13T17:25,2027-04-14T22:20,desconhecida,https://www.google.com/travel/flights?q=Flights%20to%20FRA%20from%20BSB%20on%202027-04-13%20oneway,f9a60dc2a6e7,
2026-09-10T23:31:25-03:00,google_flights,GRU,FRA,2027-04-13,3296.0,BRL,Air Canada,Air Canada,AC 91 AC 840,1,YYZ 9h50,590,1675,2027-04-13T21:35,2027-04-15T06:30,desconhecida,https://www.google.com/travel/flights?q=Flights%20to%20FRA%20from%20GRU%20on%202027-04-13%20oneway,153ecb0de0ee,
2026-09-10T23:31:25-03:00,google_flights,GRU,MUC,2027-04-13,3296.0,BRL,Air Canada,Air Canada,AC 91 AC 836,1,YYZ 11h00,660,1750,2027-04-13T21:35,2027-04-15T07:45,desconhecida,https://www.google.com/travel/flights?q=Flights%20to%20MUC%20from%20GRU%20on%202027-04-13%20oneway,9e23f9bc9aa6,
2026-09-10T23:31:25-03:00,google_flights,GIG,FRA,2027-04-13,3355.0,BRL,Tap Air Portugal,Tap Air Portugal,TP 67 TP 570,1,LIS 19h35,1175,1950,2027-04-13T23:00,2027-04-15T12:30,desconhecida,https://www.google.com/travel/flights?q=Flights%20to%20FRA%20from%20GIG%20on%202027-04-13%20oneway,4b191a535f77,
2026-09-10T23:31:25-03:00,google_flights,GIG,MUC,2027-04-13,3481.0,BRL,Tap Air Portugal,Tap Air Portugal,TP 67 TP 554,1,LIS 2h10,130,900,2027-04-13T23:00,2027-04-14T19:00,desconhecida,https://www.google.com/travel/flights?q=Flights%20to%20MUC%20from%20GIG%20on%202027-04-13%20oneway,1480baeeffd6,
2026-09-10T23:31:25-03:00,google_flights,GRU,FRA,2027-04-13,3496.0,BRL,Tap Air Portugal,Tap Air Portugal,TP 84 TP 574,1,LIS 3h35,215,995,2027-04-13T00:45,2027-04-13T22:20,desconhecida,https://www.google.com/travel/flights?q=Flights%20to%20FRA%20from%20GRU%20on%202027-04-13%20oneway,7e9dbb0ab861,
2026-09-10T23:31:25-03:00,google_flights,GRU,FRA,2027-04-13,3496.0,BRL,Tap Air Portugal,Tap Air Portugal,TP 88 TP 572,1,LIS 3h55,235,1015,2027-04-13T20:45,2027-04-14T18:40,desconhecida,https://www.google.com/travel/flights?q=Flights%20to%20FRA%20from%20GRU%20on%202027-04-13%20oneway,9a59589f08aa,
2026-09-10T23:31:25-03:00,google_flights,GRU,BER,2027-04-13,3970.0,BRL,Tap Air Portugal,Tap Air Portugal,TP 88 TP 532,1,LIS 1h25,85,885,2027-04-13T20:45,2027-04-14T16:30,desconhecida,https://www.google.com/travel/flights?q=Flights%20to%20BER%20from%20GRU%20on%202027-04-13%20oneway,221c7cfe14ca,
2026-09-10T23:31:25-03:00,google_flights,GRU,AMS,2027-04-13,4723.0,BRL,KLM,KLM,KL 792,0,,0,695,2027-04-13T21:45,2027-04-14T14:20,desconhecida,https://www.google.com/travel/flights?q=Flights%20to%20AMS%20from%20GRU%20on%202027-04-13%20oneway,eec57785371c,
2026-09-11T11:43:11-03:00,google_flights,GRU,MUC,2027-04-14,3319.0,BRL,Air Europa,Air Europa,UX 58 UX 1515,1,MAD 2h05,125,895,2027-04-14T13:50,2027-04-15T09:45,desconhecida,https://www.google.com/travel/flights?q=Flights%20to%20MUC%20from%20GRU%20on%202027-04-14%20oneway,7624e028df3b,
2026-09-11T11:43:11-03:00,google_flights,GRU,FRA,2027-04-14,3319.0,BRL,Air Europa,Air Europa,UX 58 UX 1503,1,MAD 2h00,120,895,2027-04-14T13:50,2027-04-15T09:45,desconhecida,https://www.google.com/travel/flights?q=Flights%20to%20FRA%20from%20GRU%20on%202027-04-14%20oneway,42af1b8d0b20,
2026-09-11T11:43:11-03:00,google_flights,BSB,MUC,2027-04-14,3482.0,BRL,Tap Air Portugal,Tap Air Portugal,TP 58 TP 552,1,LIS 1h15,75,810,2027-04-14T18:15,2027-04-15T12:45,desconhecida,https://www.google.com/travel/flights?q=Flights%20to%20MUC%20from%20BSB%20on%202027-04-14%20oneway,7ec990e98150,
2026-09-11T11:43:11-03:00,google_flights,GRU,MUC,2027-04-14,3749.0,BRL,ITA,ITA,AZ 675 AZ 432,1,FCO 1h45,105,895,2027-04-14T14:15,2027-04-15T10:10,desconhecida,https://www.google.com/travel/flights?q=Flights%20to%20MUC%20from%20GRU%20on%202027-04-14%20oneway,fff3b24f5f35,
2026-09-11T11:43:11-03:00,google_flights,GRU,AMS,2027-04-14,3187.0,BRL,ITA,ITA,AZ 675 AZ 110,1,FCO 7h45,465,1310,2027-04-14T14:15,2027-04-15T17:05,desconhecida,https://www.google.com/travel/flights?q=Flights%20to%20AMS%20from%20GRU%20on%202027-04-14%20oneway,48cba0b92ab7,
2026-09-11T11:43:11-03:00,google_flights,GRU,FRA,2027-04-14,3254.0,BRL,Air Canada,Air Canada,AC 97 AC 844,1,YUL 10h15,615,1680,2027-04-14T21:00,2027-04-16T06:00,desconhecida,https://www.google.com/travel/flights?q=Flights%20to%20FRA%20from%20GRU%20on%202027-04-14%20oneway,05c110cbf4e2,
2026-09-11T11:43:11-03:00,google_flights,BSB,FRA,2027-04-14,3262.0,BRL,Tap Air Portugal,Tap Air Portugal,TP 58 TP 572,1,LIS 7h05,425,1165,2027-04-14T18:15,2027-04-15T18:40,desconhecida,https://www.google.com/travel/flights?q=Flights%20to%20FRA%20from%20BSB%20on%202027-04-14%20oneway,1bd221e05782,
2026-09-11T11:43:11-03:00,google_flights,GRU,MUC,2027-04-14,3278.0,BRL,Air Canada,Air Canada,AC 91 AC 836,1,YYZ 11h00,660,1750,2027-04-14T21:35,2027-04-16T07:45,desconhecida,https://www.google.com/travel/flights?q=Flights%20to%20MUC%20from%20GRU%20on%202027-04-14%20oneway,bd06c16a69c8,
2026-09-11T11:43:11-03:00,google_flights,GIG,FRA,2027-04-14,3366.0,BRL,Tap Air Portugal,Tap Air Portugal,TP 72 TP 570,1,LIS 20h25,1225,2000,2027-04-14T22:10,2027-04-16T12:30,desconhecida,https://www.google.com/travel/flights?q=Flights%20to%20FRA%20from%20GIG%20on%202027-04-14%20oneway,f34be8da2fc8,
2026-09-11T11:43:11-03:00,google_flights,GRU,AMS,2027-04-14,3426.0,BRL,Air Europa,Air Europa,UX 58 UX 1091,1,MAD 2h00,120,890,2027-04-14T13:50,2027-04-15T09:40,desconhecida,https://www.google.com/travel/flights?q=Flights%20to%20AMS%20from%20GRU%20on%202027-04-14%20oneway,2e7619170711,
2026-09-11T11:43:11-03:00,google_flights,GRU,FRA,2027-04-14,3507.0,BRL,Tap Air Portugal,Tap Air Portugal,TP 82 TP 570,1,LIS 2h55,175,960,2027-04-14T15:30,2027-04-15T12:30,desconhecida,https://www.google.com/travel/flights?q=Flights%20to%20FRA%20from%20GRU%20on%202027-04-14%20oneway,4dd555cdaeaa,
2026-09-11T11:43:11-03:00,google_flights,GRU,FRA,2027-04-14,3507.0,BRL,Tap Air Portugal,Tap Air Portugal,TP 88 TP 572,1,LIS 3h55,235,1015,2027-04-14T20:45,2027-04-15T18:40,desconhecida,https://www.google.com/travel/flights?q=Flights%20to%20FRA%20from%20GRU%20on%202027-04-14%20oneway,034fcc90f438,
2026-09-11T11:43:11-03:00,google_flights,GIG,VIE,2027-04-14,3671.0,BRL,Tap Air Portugal,Tap Air Portugal,TP 72 TP 1272,1,LIS 2h00,120,915,2027-04-14T22:10,2027-04-15T18:25,desconhecida,https://www.google.com/travel/flights?q=Flights%20to%20VIE%20from%20GIG%20on%202027-04-14%20oneway,786d6ccbbfb7,
2026-09-11T11:43:11-03:00,google_flights,GRU,BER,2027-04-14,3983.0,BRL,Tap Air Portugal,Tap Air Portugal,TP 82 TP 530,1,LIS 1h35,95,900,2027-04-14T15:30,2027-04-15T11:30,desconhecida,https://www.google.com/travel/flights?q=Flights%20to%20BER%20from%20GRU%20on%202027-04-14%20oneway,492171c769c3,
2026-09-11T11:43:11-03:00,google_flights,GRU,BER,2027-04-14,3983.0,BRL,Tap Air Portugal,Tap Air Portugal,TP 88 TP 532,1,LIS 1h25,85,885,2027-04-14T20:45,2027-04-15T16:30,desconhecida,https://www.google.com/travel/flights?q=Flights%20to%20BER%20from%20GRU%20on%202027-04-14%20oneway,fa9d9bfa6b27,
2026-09-11T11:43:16-03:00,google_flights,BSB,FRA,2027-04-15,3177.0,BRL,Tap Air Portugal,Tap Air Portugal,TP 58 TP 570,1,LIS 2h00,120,860,2027-04-15T17:10,2027-04-16T12:30,desconhecida,https://www.google.com/travel/flights?q=Flights%20to%20FRA%20from%20BSB%20on%202027-04-15%20oneway,1bac683938cf,
2026-09-11T11:43:16-03:00,google_flights,GRU,MUC,2027-04-15,3319.0,BRL,Air Europa,Air Europa,UX 58 UX 1515,1,MAD 2h05,125,895,2027-04-15T13:50,2027-04-16T09:45,desconhecida,https://www.google.com/travel/flights?q=Flights%20to%20MUC%20from%20GRU%20on%202027-04-15%20oneway,ea70709f8ca6,
2026-09-11T11:43:16-03:00,google_flights,BSB,BER,2027-04-15,3386.0,BRL,Tap Air Portugal,Tap Air Portugal,TP 58 TP 530,1,LIS 1h30,90,850,2027-04-15T17:10,2027-04-16T12:20,desconhecida,https://www.google.com/travel/flights?q=Flights%20to%20BER%20from%20BSB%20on%202027-04-15%20oneway,10e5ea50537b,
2026-09-11T11:43:16-03:00,google_flights,GRU,MUC,2027-04-15,3317.0,BRL,ITA,ITA|Lufthansa,AZ 675 LH 1867,1,FCO 4h00,240,1030,2027-04-15T14:15,2027-04-16T12:25,desconhecida,https://www.google.com/travel/flights?q=Flights%20to%20MUC%20from%20GRU%20on%202027-04-15%20oneway,6f9071e4bd53,
2026-09-11T11:43:16-03:00,google_flights,GRU,FRA,2027-04-15,3319.0,BRL,Air Europa,Air Europa,UX 58 UX 1503,1,MAD 2h00,120,895,2027-04-15T13:50,2027-04-16T09:45,desconhecida,https://www.google.com/travel/flights?q=Flights%20to%20FRA%20from%20GRU%20on%202027-04-15%20oneway,e4e7a045f348,
2026-09-11T11:43:16-03:00,google_flights,GIG,FRA,2027-04-15,3345.0,BRL,Tap Air Portugal,Tap Air Portugal,TP 67 TP 574,1,LIS 5h25,325,1100,2027-04-15T23:00,2027-04-16T22:20,desconhecida,https://www.google.com/travel/flights?q=Flights%20to%20FRA%20from%20GIG%20on%202027-04-15%20oneway,0c58dea3cd97,
2026-09-11T11:43:16-03:00,google_flights,GRU,AMS,2027-04-15,3426.0,BRL,Air Europa,Air Europa,UX 58 UX 1091,1,MAD 2h00,120,890,2027-04-15T13:50,2027-04-16T09:40,desconhecida,https://www.google.com/travel/flights?q=Flights%20to%20AMS%20from%20GRU%20on%202027-04-15%20oneway,103601d11364,
2026-09-11T11:43:16-03:00,google_flights,GRU,FRA,2027-04-15,3507.0,BRL,Tap Air Portugal,Tap Air Portugal,TP 84 TP 574,1,LIS 3h35,215,995,2027-04-15T00:45,2027-04-15T22:20,desconhecida,https://www.google.com/travel/flights?q=Flights%20to%20FRA%20from%20GRU%20on%202027-04-15%20oneway,f5ad6038dc33,
2026-09-11T11:43:16-03:00,google_flights,GRU,FRA,2027-04-15,3507.0,BRL,Tap Air Portugal,Tap Air Portugal,TP 88 TP 572,1,LIS 3h55,235,1015,2027-04-15T20:45,2027-04-16T18:40,desconhecida,https://www.google.com/travel/flights?q=Flights%20to%20FRA%20from%20GRU%20on%202027-04-15%20oneway,5893f1267440,
2026-09-11T11:43:16-03:00,google_flights,GIG,AMS,2027-04-15,3781.0,BRL,Tap Air Portugal,Tap Air Portugal,TP 67 TP 672,1,LIS 1h50,110,880,2027-04-15T23:00,2027-04-16T18:40,desconhecida,https://www.google.com/travel/flights?q=Flights%20to%20AMS%20from%20GIG%20on%202027-04-15%20oneway,ff715c6fc969,
2026-09-11T11:43:16-03:00,google_flights,GRU,AMS,2027-04-15,4739.0,BRL,KLM,KLM,KL 792,0,,0,695,2027-04-15T21:45,2027-04-16T14:20,desconhecida,https://www.google.com/travel/flights?q=Flights%20to%20AMS%20from%20GRU%20on%202027-04-15%20oneway,fded42f851d2,
2026-09-11T11:43:21-03:00,google_flights,GRU,MUC,2027-04-16,3319.0,BRL,Air Europa,Air Europa,UX 58 UX 1515,1,MAD 2h05,125,895,2027-04-16T13:50,2027-04-17T09:45,desconhecida,https://www.google.com/travel/flights?q=Flights%20to%20MUC%20from%20GRU%20on%202027-04-16%20oneway,2d2a5d201e53,
2026-09-11T11:43:21-03:00,google_flights,GRU,FRA,2027-04-16,3319.0,BRL,Air Europa,Air Europa,UX 58 UX 1503,1,MAD 2h00,120,895,2027-04-16T13:50,2027-04-17T09:45,desconhecida,https://www.google.com/travel/flights?q=Flights%20to%20FRA%20from%20GRU%20on%202027-04-16%20oneway,831a52a03c94,
2026-09-11T11:43:21-03:00,google_flights,BSB,BER,2027-04-16,3417.0,BRL,Tap Air Portugal,Tap Air Portugal,TP 58 TP 532,1,LIS 4h35,275,1035,2027-04-16T18:15,2027-04-17T16:30,desconhecida,https://www.google.com/travel/flights?q=Flights%20to%20BER%20from%20BSB%20on%202027-04-16%20oneway,810284bd19b5,
2026-09-11T11:43:21-03:00,google_flights,GRU,AMS,2027-04-16,3426.0,BRL,Air Europa,Air Europa,UX 58 UX 1091,1,MAD 2h00,120,890,2027-04-16T13:50,2027-04-17T09:40,desconhecida,https://www.google.com/travel/flights?q=Flights%20to%20AMS%20from%20GRU%20on%202027-04-16%20oneway,144b19177258,
2026-09-11T11:43:21-03:00,google_flights,BSB,MUC,2027-04-16,3482.0,BRL,Tap Air Portugal,Tap Air Portugal,TP 58 TP 552,1,LIS 1h15,75,810,2027-04-16T18:15,2027-04-17T12:45,desconhecida,https://www.google.com/travel/flights?q=Flights%20to%20MUC%20from%20BSB%20on%202027-04-16%20oneway,01ba35474d69,
2026-09-11T11:43:21-03:00,google_flights,BSB,FRA,2027-04-16,3204.0,BRL,Tap Air Portugal,Tap Air Portugal,TP 58 TP 574,1,LIS 10h45,645,1385,2027-04-16T18:15,2027-04-17T22:20,desconhecida,https://www.google.com/travel/flights?q=Flights%20to%20FRA%20from%20BSB%20on%202027-04-16%20oneway,7ecaccc5d2bb,
2026-09-11T11:43:21-03:00,google_flights,GIG,FRA,2027-04-16,3366.0,BRL,Tap Air Portugal,Tap Air Portugal,TP 72 TP 570,1,LIS 20h25,1225,2000,2027-04-16T22:10,2027-04-18T12:30,desconhecida,https://www.google.com/travel/flights?q=Flights%20to%20FRA%20from%20GIG%20on%202027-04-16%20oneway,99c1c9cd9640,
2026-09-11T11:43:21-03:00,google_flights,GRU,FRA,2027-04-16,3507.0,BRL,Tap Air Portugal,Tap Air Portugal,TP 84 TP 574,1,LIS 3h35,215,995,2027-04-16T00:45,2027-04-16T22:20,desconhecida,https://www.google.com/travel/flights?q=Flights%20to%20FRA%20from%20GRU%20on%202027-04-16%20oneway,e8d758931521,
2026-09-11T11:43:21-03:00,google_flights,BSB,FRA,2027-04-16,3656.0,BRL,Gol,Gol|Air Europa,G3 1720 UX 84 UX 1509,2,"SSA 22h35, MAD 4h00",240,2390,2027-04-16T21:05,2027-04-18T17:55,desconhecida,https://www.google.com/travel/flights?q=Flights%20to%20FRA%20from%20BSB%20on%202027-04-16%20oneway,faabac07bd55,
2026-09-11T11:43:21-03:00,google_flights,GRU,AMS,2027-04-16,3728.0,BRL,Tap Air Portugal,Tap Air Portugal,TP 88 TP 672,1,LIS 4h00,240,1015,2027-04-16T20:45,2027-04-17T18:40,desconhecida,https://www.google.com/travel/flights?q=Flights%20to%20AMS%20from%20GRU%20on%202027-04-16%20oneway,50cb0d455dbd,
2026-09-11T11:43:21-03:00,google_flights,GRU,AMS,2027-04-16,4739.0,BRL,KLM,KLM,KL 792,0,,0,695,2027-04-16T21:45,2027-04-17T14:20,desconhecida,https://www.google.com/travel/flights?q=Flights%20to%20AMS%20from%20GRU%20on%202027-04-16%20oneway,cd6d849d0be5,
2026-09-11T11:43:21-03:00,google_flights,GIG,AMS,2027-04-16,5332.0,BRL,KLM,KLM,KL 706,0,,0,690,2027-04-16T21:55,2027-04-17T14:25,desconhecida,https://www.google.com/travel/flights?q=Flights%20to%20AMS%20from%20GIG%20on%202027-04-16%20oneway,3e96cbde9cdf,
2026-09-11T11:43:26-03:00,google_flights,BSB,FRA,2027-04-17,3262.0,BRL,Tap Air Portugal,Tap Air Portugal,TP 58 TP 570,1,LIS 2h00,120,860,2027-04-17T17:10,2027-04-18T12:30,desconhecida,https://www.google.com/travel/flights?q=Flights%20to%20FRA%20from%20BSB%20on%202027-04-17%20oneway,28f22ccb09f2,
2026-09-11T11:43:26-03:00,google_flights,GRU,MUC,2027-04-17,3319.0,BRL,Air Europa,Air Europa,UX 58 UX 1515,1,MAD 2h05,125,895,2027-04-17T13:50,2027-04-18T09:45,desconhecida,https://www.google.com/travel/flights?q=Flights%20to%20MUC%20from%20GRU%20on%202027-04-17%20oneway,8ba6bf437bb1,
2026-09-11T11:43:26-03:00,google_flights,GRU,FRA,2027-04-17,3319.0,BRL,Air Europa,Air Europa,UX 58 UX 1503,1,MAD 2h00,120,895,2027-04-17T13:50,2027-04-18T09:45,desconhecida,https://www.google.com/travel/flights?q=Flights%20to%20FRA%20from%20GRU%20on%202027-04-17%20oneway,0ec89e82a78d,
2026-09-11T11:43:26-03:00,google_flights,GRU,AMS,2027-04-17,3426.0,BRL,Air Europa,Air Europa,UX 58 UX 1091,1,MAD 2h00,120,890,2027-04-17T13:50,2027-04-18T09:40,desconhecida,https://www.google.com/travel/flights?q=Flights%20to%20AMS%20from%20GRU%20on%202027-04-17%20oneway,d388ebf4e88b,
2026-09-11T11:43:26-03:00,google_flights,GRU,AMS,2027-04-17,3254.0,BRL,Air Canada,Air Canada,AC 97 AC 900,1,YUL 15h20,920,1935,2027-04-17T21:00,2027-04-19T10:15,desconhecida,https://www.google.com/travel/flights?q=Flights%20to%20AMS%20from%20GRU%20on%202027-04-17%20oneway,a2bb9af8d071,
2026-09-11T11:43:26-03:00,google_flights,GRU,AMS,2027-04-17,3270.0,BRL,ITA,ITA,AZ 679 AZ 2044 AZ 112,2,"FCO 2h30, LIN 2h10",130,1160,2027-04-17T18:55,2027-04-18T19:15,desconhecida,https://www.google.com/travel/flights?q=Flights%20to%20AMS%20from%20GRU%20on%202027-04-17%20oneway,8e33ea9cc7a8,
2026-09-11T11:43:26-03:00,google_flights,GRU,MUC,2027-04-17,3295.0,BRL,Air Canada,Air Canada,AC 97 AC 407 AC 836,2,"YUL 4h00, YYZ 6h07",240,1785,2027-04-17T21:00,2027-04-19T07:45,desconhecida,https://www.google.com/travel/flights?q=Flights%20to%20MUC%20from%20GRU%20on%202027-04-17%20oneway,9b86fbfe7e7d,
2026-09-11T11:43:26-03:00,google_flights,GRU,MUC,2027-04-17,3295.0,BRL,Air Canada,Air Canada,AC 97 AC 405 AC 836,2,"YUL 3h00, YYZ 7h07",180,1785,2027-04-17T21:00,2027-04-19T07:45,desconhecida,https://www.google.com/travel/flights?q=Flights%20to%20MUC%20from%20GRU%20on%202027-04-17%20oneway,1bdc133dc1e0,
2026-09-11T11:43:26-03:00,google_flights,GIG,FRA,2027-04-17,3345.0,BRL,Tap Air Portugal,Tap Air Portugal,TP 67 TP 574,1,LIS 5h25,325,1100,2027-04-17T23:00,2027-04-18T22:20,desconhecida,https://www.google.com/travel/flights?q=Flights%20to%20FRA%20from%20GIG%20on%202027-04-17%20oneway,be52c2706fef,
2026-09-11T11:43:26-03:00,google_flights,GIG,FRA,2027-04-17,3609.0,BRL,Tap Air Portugal,Tap Air Portugal,TP 67 TP 572,1,LIS 1h45,105,880,2027-04-17T23:00,2027-04-18T18:40,desconhecida,https://www.google.com/travel/flights?q=Flights%20to%20FRA%20from%20GIG%20on%202027-04-17%20oneway,343f1f9cba20,
2026-09-11T11:43:26-03:00,google_flights,GRU,CPH,2027-04-17,3886.0,BRL,Tap Air Portugal,Tap Air Portugal,TP 82 TP 752,1,LIS 1h50,110,925,2027-04-17T15:30,2027-04-18T11:55,desconhecida,https://www.google.com/travel/flights?q=Flights%20to%20CPH%20from%20GRU%20on%202027-04-17%20oneway,11d6df5bb6af,
2026-09-11T11:43:26-03:00,google_flights,GRU,MUC,2027-04-17,4176.0,BRL,ITA,ITA,AZ 675 AZ 432,1,FCO 1h45,105,895,2027-04-17T14:15,2027-04-18T10:10,desconhecida,https://www.google.com/travel/flights?q=Flights%20to%20MUC%20from%20GRU%20on%202027-04-17%20oneway,6a72a84cf253,
2026-09-11T11:43:39-03:00,google_flights,GRU,MUC,2027-04-18,4839.0,BRL,Air Europa,Air Europa,UX 58 UX 1515,1,MAD 2h05,125,895,2027-04-18T13:50,2027-04-19T09:45,desconhecida,https://www.google.com/travel/flights?q=Flights%20to%20MUC%20from%20GRU%20on%202027-04-18%20oneway,cac71579581b,2027-04-25
2026-09-11T11:43:39-03:00,google_flights,GRU,FRA,2027-04-18,5310.0,BRL,LATAM,LATAM,LA 8070,0,,0,705,2027-04-18T23:40,2027-04-19T16:25,desconhecida,https://www.google.com/travel/flights?q=Flights%20to%20FRA%20from%20GRU%20on%202027-04-18%20oneway,c63339d92f4a,2027-04-25
2026-09-11T11:43:39-03:00,google_flights,GRU,AMS,2027-04-18,6376.0,BRL,KLM,KLM,KL 792,0,,0,695,2027-04-18T21:45,2027-04-19T14:20,desconhecida,https://www.google.com/travel/flights?q=Flights%20to%20AMS%20from%20GRU%20on%202027-04-18%20oneway,12e8ac08b3e9,2027-04-25
2026-09-11T11:43:39-03:00,google_flights,GRU,BER,2027-04-18,4975.0,BRL,LATAM,LATAM|Finnair,LA 8084 AY 1338 AY 1431,2,"LHR 3h05, HEL 8h10",185,1635,2027-04-18T23:50,2027-04-20T08:05,desconhecida,https://www.google.com/travel/flights?q=Flights%20to%20BER%20from%20GRU%20on%202027-04-18%20oneway,6f8ac0d9e973,2027-04-25
2026-09-11T11:43:39-03:00,google_flights,GRU,AMS,2027-04-18,4989.0,BRL,Air Europa,Air Europa,UX 58 UX 1091,1,MAD 2h00,120,890,2027-04-18T13:50,2027-04-19T09:40,desconhecida,https://www.google.com/travel/flights?q=Flights%20to%20AMS%20from%20GRU%20on%202027-04-18%20oneway,7c2f7b17fa24,2027-04-25
2026-09-11T11:43:39-03:00,google_flights,GRU,VIE,2027-04-18,5200.0,BRL,Air Canada,Air Canada,AC 91 AC 886,1,YYZ 11h15,675,1785,2027-04-18T21:35,2027-04-20T08:20,desconhecida,https://www.google.com/travel/flights?q=Flights%20to%20VIE%20from%20GRU%20on%202027-04-18%20oneway,9f0960a236ae,2027-04-25
2026-09-11T11:43:39-03:00,google_flights,GIG,FRA,2027-04-18,5422.0,BRL,LATAM,LATAM,LA 3875 LA 8070,1,GRU 3h25,205,980,2027-04-18T19:05,2027-04-19T16:25,desconhecida,https://www.google.com/travel/flights?q=Flights%20to%20FRA%20from%20GIG%20on%202027-04-18%20oneway,40353665bfd1,2027-04-25
2026-09-11T11:43:39-03:00,google_flights,BSB,MUC,2027-04-18,5932.0,BRL,Gol,Gol|Air Europa,G3 1718 UX 84 UX 1517,2,"SSA 6h15, MAD 2h50",170,1330,2027-04-18T14:35,2027-04-19T17:45,desconhecida,https://www.google.com/travel/flights?q=Flights%20to%20MUC%20from%20BSB%20on%202027-04-18%20oneway,5e68d789272b,2027-04-25
2026-09-11T11:43:39-03:00,google_flights,BSB,FRA,2027-04-18,5952.0,BRL,Tap Air Portugal,Tap Air Portugal,TP 58 TP 570,1,LIS 1h40,100,845,2027-04-18T17:25,2027-04-19T12:30,desconhecida,https://www.google.com/travel/flights?q=Flights%20to%20FRA%20from%20BSB%20on%202027-04-18%20oneway,36d723ede46d,2027-04-25
2026-09-11T11:43:39-03:00,google_flights,GRU,AMS,2027-04-18,6116.0,BRL,LATAM,LATAM,LA 8078,0,,0,710,2027-04-18T18:00,2027-04-19T10:50,desconhecida,https://www.google.com/travel/flights?q=Flights%20to%20AMS%20from%20GRU%20on%202027-04-18%20oneway,c905b06bab26,2027-04-25
2026-09-11T11:43:39-03:00,google_flights,GIG,MUC,2027-04-18,6154.0,BRL,ITA,ITA,AZ 673 AZ 432,1,FCO 1h55,115,885,2027-04-18T14:25,2027-04-19T10:10,desconhecida,https://www.google.com/travel/flights?q=Flights%20to%20MUC%20from%20GIG%20on%202027-04-18%20oneway,0e6000bb0e0b,2027-04-25
2026-09-11T11:43:39-03:00,google_flights,GRU,FRA,2027-04-18,7346.0,BRL,Lufthansa,Lufthansa,LH 507,0,,0,695,2027-04-18T18:10,2027-04-19T10:45,desconhecida,https://www.google.com/travel/flights?q=Flights%20to%20FRA%20from%20GRU%20on%202027-04-18%20oneway,c1f74f26645b,2027-04-25
2026-09-11T11:43:39-03:00,google_flights,GIG,AMS,2027-04-18,7681.0,BRL,KLM,KLM,KL 706,0,,0,690,2027-04-18T21:55,2027-04-19T14:25,desconhecida,https://www.google.com/travel/flights?q=Flights%20to%20AMS%20from%20GIG%20on%202027-04-18%20oneway,fd75353eff9a,2027-04-25
2026-09-11T16:27:05-03:00,google_flights,GRU,MUC,2027-04-22,3319.0,BRL,Air Europa,Air Europa,UX 58 UX 1515,1,MAD 2h05,125,895,2027-04-22T13:50,2027-04-23T09:45,desconhecida,https://www.google.com/travel/flights?q=Flights%20to%20MUC%20from%20GRU%20on%202027-04-22%20oneway,db7d0116e469,
2026-09-11T16:27:05-03:00,google_flights,GRU,FRA,2027-04-22,3319.0,BRL,Air Europa,Air Europa,UX 58 UX 1503,1,MAD 2h00,120,895,2027-04-22T13:50,2027-04-23T09:45,desconhecida,https://www.google.com/travel/flights?q=Flights%20to%20FRA%20from%20GRU%20on%202027-04-22%20oneway,f1969eb69575,
2026-09-11T16:27:05-03:00,google_flights,GRU,AMS,2027-04-22,3426.0,BRL,Air Europa,Air Europa,UX 58 UX 1091,1,MAD 2h00,120,890,2027-04-22T13:50,2027-04-23T09:40,desconhecida,https://www.google.com/travel/flights?q=Flights%20to%20AMS%20from%20GRU%20on%202027-04-22%20oneway,9290da6ef6b0,
2026-09-11T16:27:05-03:00,google_flights,BSB,FRA,2027-04-22,3482.0,BRL,Tap Air Portugal,Tap Air Portugal,TP 58 TP 570,1,LIS 2h00,120,860,2027-04-22T17:10,2027-04-23T12:30,desconhecida,https://www.google.com/travel/flights?q=Flights%20to%20FRA%20from%20BSB%20on%202027-04-22%20oneway,09fd94a52530,
2026-09-11T16:27:05-03:00,google_flights,GRU,AMS,2027-04-22,2690.0,BRL,United,United,UA 860 UA 946,1,IAD 11h05,665,1745,2027-04-22T21:30,2027-04-24T07:35,desconhecida,https://www.google.com/travel/flights?q=Flights%20to%20AMS%20from%20GRU%20on%202027-04-22%20oneway,34e8230fb190,
2026-09-11T16:27:05-03:00,google_flights,GRU,VIE,2027-04-22,2690.0,BRL,United,United|Austrian,UA 844 OS 46,1,ORD 9h35,575,1735,2027-04-22T22:20,2027-04-24T08:15,desconhecida,https://www.google.com/travel/flights?q=Flights%20to%20VIE%20from%20GRU%20on%202027-04-22%20oneway,6b5e221ac497,
2026-09-11T16:27:05-03:00,google_flights,GIG,AMS,2027-04-22,2848.0,BRL,United,United,UA 128 UA 20,1,IAH 10h40,640,1875,2027-04-22T21:05,2027-04-24T09:20,desconhecida,https://www.google.com/travel/flights?q=Flights%20to%20AMS%20from%20GIG%20on%202027-04-22%20oneway,03f5dad5ff81,
2026-09-11T16:27:05-03:00,google_flights,GRU,CPH,2027-04-22,2925.0,BRL,United,United|Lufthansa,UA 844 UA 944 LH 826,2,"ORD 8h15, FRA 1h20",80,1795,2027-04-22T22:20,2027-04-24T09:15,desconhecida,https://www.google.com/travel/flights?q=Flights%20to%20CPH%20from%20GRU%20on%202027-04-22%20oneway,3aa2790a61ad,
2026-09-11T16:27:05-03:00,google_flights,GRU,AMS,2027-04-22,3206.0,BRL,ITA,ITA,AZ 675 AZ 110,1,FCO 7h45,465,1310,2027-04-22T14:15,2027-04-23T17:05,desconhecida,https://www.google.com/travel/flights?q=Flights%20to%20AMS%20from%20GRU%20on%202027-04-22%20oneway,2eaa563b1088,
2026-09-11T16:27:05-03:00,google_flights,BSB,FRA,2027-04-22,3262.0,BRL,Tap Air Portugal,Tap Air Portugal,TP 58 TP 574,1,LIS 11h50,710,1450,2027-04-22T17:10,2027-04-23T22:20,desconhecida,https://www.google.com/travel/flights?q=Flights%20to%20FRA%20from%20BSB%20on%202027-04-22%20oneway,ce93dc6fdaa8,
2026-09-11T16:27:05-03:00,google_flights,GIG,FRA,2027-04-22,3345.0,BRL,Tap Air Portugal,Tap Air Portugal,TP 67 TP 574,1,LIS 5h25,325,1100,2027-04-22T23:00,2027-04-23T22:20,desconhecida,https://www.google.com/travel/flights?q=Flights%20to%20FRA%20from%20GIG%20on%202027-04-22%20oneway,fbceafe70fd3,
2026-09-11T16:27:05-03:00,google_flights,GRU,FRA,2027-04-22,3507.0,BRL,Tap Air Portugal,Tap Air Portugal,TP 84 TP 574,1,LIS 3h35,215,995,2027-04-22T00:45,2027-04-22T22:20,desconhecida,https://www.google.com/travel/flights?q=Flights%20to%20FRA%20from%20GRU%20on%202027-04-22%20oneway,4966bd0c910b,
2026-09-11T16:27:05-03:00,google_flights,GRU,FRA,2027-04-22,3507.0,BRL,Tap Air Portugal,Tap Air Portugal,TP 88 TP 572,1,LIS 3h55,235,1015,2027-04-22T20:45,2027-04-23T18:40,desconhecida,https://www.google.com/travel/flights?q=Flights%20to%20FRA%20from%20GRU%20on%202027-04-22%20oneway,574f3b63b9d5,
2026-09-11T16:27:05-03:00,google_flights,GRU,MUC,2027-04-22,3764.0,BRL,ITA,ITA|Lufthansa City Airlines,AZ 679 VL 1875,1,FCO 1h15,75,865,2027-04-22T18:55,2027-04-23T14:20,desconhecida,https://www.google.com/travel/flights?q=Flights%20to%20MUC%20from%20GRU%20on%202027-04-22%20oneway,5a43bf71dbfe,
2026-09-11T16:27:05-03:00,google_flights,GIG,AMS,2027-04-22,3781.0,BRL,Tap Air Portugal,Tap Air Portugal,TP 67 TP 672,1,LIS 1h50,110,880,2027-04-22T23:00,2027-04-23T18:40,desconhecida,https://www.google.com/travel/flights?q=Flights%20to%20AMS%20from%20GIG%20on%202027-04-22%20oneway,10eb1445559d,
2026-09-11T16:27:05-03:00,google_flights,BSB,BER,2027-04-22,3801.0,BRL,Tap Air Portugal,Tap Air Portugal,TP 58 TP 530,1,LIS 1h30,90,850,2027-04-22T17:10,2027-04-23T12:20,desconhecida,https://www.google.com/travel/flights?q=Flights%20to%20BER%20from%20BSB%20on%202027-04-22%20oneway,94330108dea4,
2026-09-11T16:27:05-03:00,google_flights,GIG,MUC,2027-04-22,3849.0,BRL,ITA,ITA,AZ 673 AZ 432,1,FCO 1h55,115,885,2027-04-22T14:25,2027-04-23T10:10,desconhecida,https://www.google.com/travel/flights?q=Flights%20to%20MUC%20from%20GIG%20on%202027-04-22%20oneway,49bbcd020d85,
2026-09-11T16:27:05-03:00,google_flights,GRU,CPH,2027-04-22,3886.0,BRL,Tap Air Portugal,Tap Air Portugal,TP 82 TP 752,1,LIS 1h30,90,905,2027-04-22T15:30,2027-04-23T11:35,desconhecida,https://www.google.com/travel/flights?q=Flights%20to%20CPH%20from%20GRU%20on%202027-04-22%20oneway,6d1b89cee302,
2026-09-11T23:40:01-03:00,google_flights,BSB,FRA,2027-04-18,3167.0,BRL,Tap Air Portugal,Tap Air Portugal,TP 58 TP 570,1,LIS 1h40,100,845,2027-04-18T17:25,2027-04-19T12:30,desconhecida,https://www.google.com/travel/flights?q=Flights%20to%20FRA%20from%20BSB%20on%202027-04-18%20oneway,36d723ede46d,
2026-09-11T23:40:01-03:00,google_flights,GRU,MUC,2027-04-18,3319.0,BRL,Air Europa,Air Europa,UX 58 UX 1515,1,MAD 2h05,125,895,2027-04-18T13:50,2027-04-19T09:45,desconhecida,https://www.google.com/travel/flights?q=Flights%20to%20MUC%20from%20GRU%20on%202027-04-18%20oneway,cac71579581b,
2026-09-11T23:40:01-03:00,google_flights,GRU,FRA,2027-04-18,3319.0,BRL,Air Europa,Air Europa,UX 58 UX 1503,1,MAD 2h00,120,895,2027-04-18T13:50,2027-04-19T09:45,desconhecida,https://www.google.com/travel/flights?q=Flights%20to%20FRA%20from%20GRU%20on%202027-04-18%20oneway,5acefc48a67a,
2026-09-11T23:40:01-03:00,google_flights,GRU,AMS,2027-04-18,3426.0,BRL,Air Europa,Air Europa,UX 58 UX 1091,1,MAD 2h00,120,890,2027-04-18T13:50,2027-04-19T09:40,desconhecida,https://www.google.com/travel/flights?q=Flights%20to%20AMS%20from%20GRU%20on%202027-04-18%20oneway,7c2f7b17fa24,
2026-09-11T23:40:01-03:00,google_flights,GRU,AMS,2027-04-18,4739.0,BRL,KLM,KLM,KL 792,0,,0,695,2027-04-18T21:45,2027-04-19T14:20,desconhecida,https://www.google.com/travel/flights?q=Flights%20to%20AMS%20from%20GRU%20on%202027-04-18%20oneway,12e8ac08b3e9,
2026-09-11T23:40:01-03:00,google_flights,GRU,AMS,2027-04-18,2833.0,BRL,United,United,UA 860 UA 946,1,IAD 11h05,665,1745,2027-04-18T21:30,2027-04-20T07:35,desconhecida,https://www.google.com/travel/flights?q=Flights%20to%20AMS%20from%20GRU%20on%202027-04-18%20oneway,841de97db4b7,
2026-09-11T23:40:01-03:00,google_flights,BSB,FRA,2027-04-18,3162.0,BRL,Tap Air Portugal,Tap Air Portugal,TP 58 TP 574,1,LIS 11h30,690,1435,2027-04-18T17:25,2027-04-19T22:20,desconhecida,https://www.google.com/travel/flights?q=Flights%20to%20FRA%20from%20BSB%20on%202027-04-18%20oneway,a63b18af3b7d,
2026-09-11T23:40:01-03:00,google_flights,GRU,MUC,2027-04-18,3227.0,BRL,United,United,UA 860 UA 108,1,IAD 11h00,660,1755,2027-04-18T21:30,2027-04-20T07:45,desconhecida,https://www.google.com/travel/flights?q=Flights%20to%20MUC%20from%20GRU%20on%202027-04-18%20oneway,800c3a2c3f97,
2026-09-11T23:40:01-03:00,google_flights,GIG,FRA,2027-04-18,3345.0,BRL,Tap Air Portugal,Tap Air Portugal,TP 72 TP 574,1,LIS 6h15,375,1150,2027-04-18T22:10,2027-04-19T22:20,desconhecida,https://www.google.com/travel/flights?q=Flights%20to%20FRA%20from%20GIG%20on%202027-04-18%20oneway,caae135e5a67,
2026-09-11T23:40:01-03:00,google_flights,GRU,AMS,2027-04-18,3728.0,BRL,Tap Air Portugal,Tap Air Portugal,TP 88 TP 672,1,LIS 4h05,245,1020,2027-04-18T20:40,2027-04-19T18:40,desconhecida,https://www.google.com/travel/flights?q=Flights%20to%20AMS%20from%20GRU%20on%202027-04-18%20oneway,5fd4cbfae9ed,
2026-09-11T23:40:01-03:00,google_flights,GIG,AMS,2027-04-18,3781.0,BRL,Tap Air Portugal,Tap Air Portugal,TP 72 TP 672,1,LIS 2h40,160,930,2027-04-18T22:10,2027-04-19T18:40,desconhecida,https://www.google.com/travel/flights?q=Flights%20to%20AMS%20from%20GIG%20on%202027-04-18%20oneway,ebb951d44e88,
2026-09-11T23:40:11-03:00,google_flights,GRU,MUC,2027-04-19,3319.0,BRL,Air Europa,Air Europa,UX 58 UX 1515,1,MAD 2h05,125,895,2027-04-19T13:50,2027-04-20T09:45,desconhecida,https://www.google.com/travel/flights?q=Flights%20to%20MUC%20from%20GRU%20on%202027-04-19%20oneway,efa495909ca0,
2026-09-11T23:40:11-03:00,google_flights,GRU,FRA,2027-04-19,3319.0,BRL,Air Europa,Air Europa,UX 58 UX 1503,1,MAD 2h00,120,895,2027-04-19T13:50,2027-04-20T09:45,desconhecida,https://www.google.com/travel/flights?q=Flights%20to%20FRA%20from%20GRU%20on%202027-04-19%20oneway,2ab0796500a9,
2026-09-11T23:40:11-03:00,google_flights,BSB,BER,2027-04-19,3412.0,BRL,Tap Air Portugal,Tap Air Portugal,TP 58 TP 532,1,LIS 5h25,325,1085,2027-04-19T17:25,2027-04-20T16:30,desconhecida,https://www.google.com/travel/flights?q=Flights%20to%20BER%20from%20BSB%20on%202027-04-19%20oneway,c06362a3ff0a,
2026-09-11T23:40:11-03:00,google_flights,GRU,AMS,2027-04-19,3426.0,BRL,Air Europa,Air Europa,UX 58 UX 1091,1,MAD 2h00,120,890,2027-04-19T13:50,2027-04-20T09:40,desconhecida,https://www.google.com/travel/flights?q=Flights%20to%20AMS%20from%20GRU%20on%202027-04-19%20oneway,96c8dd0da8c7,
2026-09-11T23:40:11-03:00,google_flights,GRU,AMS,2027-04-19,2833.0,BRL,United,United,UA 860 UA 946,1,IAD 11h05,665,1745,2027-04-19T21:30,2027-04-21T07:35,desconhecida,https://www.google.com/travel/flights?q=Flights%20to%20AMS%20from%20GRU%20on%202027-04-19%20oneway,f19b816caf5c,
2026-09-11T23:40:11-03:00,google_flights,GIG,FRA,2027-04-19,3345.0,BRL,Tap Air Portugal,Tap Air Portugal,TP 76 TP 570,1,LIS 3h00,180,955,2027-04-19T15:35,2027-04-20T12:30,desconhecida,https://www.google.com/travel/flights?q=Flights%20to%20FRA%20from%20GIG%20on%202027-04-19%20oneway,a14fd11859c0,
2026-09-11T23:40:11-03:00,google_flights,GIG,FRA,2027-04-19,3345.0,BRL,Tap Air Portugal,Tap Air Portugal,TP 72 TP 572,1,LIS 2h35,155,930,2027-04-19T22:10,2027-04-20T18:40,desconhecida,https://www.google.com/travel/flights?q=Flights%20to%20FRA%20from%20GIG%20on%202027-04-19%20oneway,c140b9eebab4,
2026-09-11T23:40:11-03:00,google_flights,GRU,FRA,2027-04-19,3507.0,BRL,Tap Air Portugal,Tap Air Portugal,TP 84 TP 574,1,LIS 3h35,215,995,2027-04-19T00:45,2027-04-19T22:20,desconhecida,https://www.google.com/travel/flights?q=Flights%20to%20FRA%20from%20GRU%20on%202027-04-19%20oneway,08c1eb583b55,
2026-09-11T23:40:11-03:00,google_flights,GIG,BER,2027-04-19,3779.0,BRL,Tap Air Portugal,Tap Air Portugal,TP 76 TP 530,1,LIS 1h40,100,895,2027-04-19T15:35,2027-04-20T11:30,desconhecida,https://www.google.com/travel/flights?q=Flights%20to%20BER%20from%20GIG%20on%202027-04-19%20oneway,a8dc90ff0e6a,
2026-09-11T23:40:11-03:00,google_flights,GRU,BER,2027-04-19,3983.0,BRL,Tap Air Portugal,Tap Air Portugal,TP 88 TP 532,1,LIS 1h25,85,885,2027-04-19T20:45,2027-04-20T16:30,desconhecida,https://www.google.com/travel/flights?q=Flights%20to%20BER%20from%20GRU%20on%202027-04-19%20oneway,cbb1abe9b2fb,
2026-09-11T23:40:11-03:00,google_flights,BSB,FRA,2027-04-19,4018.0,BRL,Tap Air Portugal,Tap Air Portugal,TP 58 TP 570,1,LIS 1h45,105,845,2027-04-19T17:25,2027-04-20T12:30,desconhecida,https://www.google.com/travel/flights?q=Flights%20to%20FRA%20from%20BSB%20on%202027-04-19%20oneway,7721d2d28dbf,
2026-09-11T23:40:11-03:00,google_flights,GRU,AMS,2027-04-19,4739.0,BRL,KLM,KLM,KL 792,0,,0,695,2027-04-19T21:45,2027-04-20T14:20,desconhecida,https://www.google.com/travel/flights?q=Flights%20to%20AMS%20from%20GRU%20on%202027-04-19%20oneway,d43e59eb49ba,
2026-09-11T23:40:16-03:00,google_flights,BSB,FRA,2027-04-20,3204.0,BRL,Tap Air Portugal,Tap Air Portugal,TP 58 TP 570,1,LIS 1h45,105,845,2027-04-20T17:25,2027-04-21T12:30,desconhecida,https://www.google.com/travel/flights?q=Flights%20to%20FRA%20from%20BSB%20on%202027-04-20%20oneway,d30f00213e1c,
2026-09-11T23:40:16-03:00,google_flights,GRU,MUC,2027-04-20,3319.0,BRL,Air Europa,Air Europa,UX 58 UX 1515,1,MAD 2h05,125,895,2027-04-20T13:50,2027-04-21T09:45,desconhecida,https://www.google.com/travel/flights?q=Flights%20to%20MUC%20from%20GRU%20on%202027-04-20%20oneway,ebb631af85ff,
2026-09-11T23:40:16-03:00,google_flights,BSB,BER,2027-04-20,3396.0,BRL,Tap Air Portugal,Tap Air Portugal,TP 58 TP 530,1,LIS 1h25,85,845,2027-04-20T17:25,2027-04-21T12:30,desconhecida,https://www.google.com/travel/flights?q=Flights%20to%20BER%20from%20BSB%20on%202027-04-20%20oneway,a955879f6eae,
2026-09-11T23:40:16-03:00,google_flights,GRU,FRA,2027-04-20,3227.0,BRL,United,United,UA 860 UA 989,1,IAD 10h50,650,1730,2027-04-20T21:30,2027-04-22T07:20,desconhecida,https://www.google.com/travel/flights?q=Flights%20to%20FRA%20from%20GRU%20on%202027-04-20%20oneway,fb57d58baeeb,
2026-09-11T23:40:16-03:00,google_flights,GRU,MUC,2027-04-20,3227.0,BRL,United,United,UA 860 UA 108,1,IAD 11h00,660,1755,2027-04-20T21:30,2027-04-22T07:45,desconhecida,https://www.google.com/travel/flights?q=Flights%20to%20MUC%20from%20GRU%20on%202027-04-20%20oneway,9293c25421f0,
2026-09-11T23:40:16-03:00,google_flights,GRU,FRA,2027-04-20,3319.0,BRL,Air Europa,Air Europa,UX 58 UX 1503,1,MAD 2h00,120,895,2027-04-20T13:50,2027-04-21T09:45,desconhecida,https://www.google.com/travel/flights?q=Flights%20to%20FRA%20from%20GRU%20on%202027-04-20%20oneway,71f776be3cfe,
2026-09-11T23:40:16-03:00,google_flights,GRU,FRA,2027-04-20,3335.0,BRL,ITA,ITA,AZ 679 AZ 404,1,FCO 4h35,275,1065,2027-04-20T18:55,2027-04-21T17:40,desconhecida,https://www.google.com/travel/flights?q=Flights%20to%20FRA%20from%20GRU%20on%202027-04-20%20oneway,ea92c851ebaa,
2026-09-11T23:40:16-03:00,google_flights,GIG,FRA,2027-04-20,3366.0,BRL,Tap Air Portugal,Tap Air Portugal,TP 67 TP 570,1,LIS 19h35,1175,1950,2027-04-20T23:00,2027-04-22T12:30,desconhecida,https://www.google.com/travel/flights?q=Flights%20to%20FRA%20from%20GIG%20on%202027-04-20%20oneway,a2583bc01463,
2026-09-11T23:40:16-03:00,google_flights,GRU,AMS,2027-04-20,3426.0,BRL,Air Europa,Air Europa,UX 58 UX 1091,1,MAD 2h00,120,890,2027-04-20T13:50,2027-04-21T09:40,desconhecida,https://www.google.com/travel/flights?q=Flights%20to%20AMS%20from%20GRU%20on%202027-04-20%20oneway,449c11bd5a36,
2026-09-11T23:40:16-03:00,google_flights,GIG,MUC,2027-04-20,3492.0,BRL,Tap Air Portugal,Tap Air Portugal,TP 67 TP 554,1,LIS 2h10,130,900,2027-04-20T23:00,2027-04-21T19:00,desconhecida,https://www.google.com/travel/flights?q=Flights%20to%20MUC%20from%20GIG%20on%202027-04-20%20oneway,81f89426a9f0,
2026-09-11T23:40:16-03:00,google_flights,GRU,FRA,2027-04-20,3507.0,BRL,Tap Air Portugal,Tap Air Portugal,TP 84 TP 574,1,LIS 3h35,215,995,2027-04-20T00:45,2027-04-20T22:20,desconhecida,https://www.google.com/travel/flights?q=Flights%20to%20FRA%20from%20GRU%20on%202027-04-20%20oneway,112b1fbbe5d4,
2026-09-11T23:40:16-03:00,google_flights,GRU,FRA,2027-04-20,3507.0,BRL,Tap Air Portugal,Tap Air Portugal,TP 88 TP 572,1,LIS 3h55,235,1015,2027-04-20T20:45,2027-04-21T18:40,desconhecida,https://www.google.com/travel/flights?q=Flights%20to%20FRA%20from%20GRU%20on%202027-04-20%20oneway,24da5937474d,
2026-09-11T23:40:16-03:00,google_flights,GRU,AMS,2027-04-20,4739.0,BRL,KLM,KLM,KL 792,0,,0,695,2027-04-20T21:45,2027-04-21T14:20,desconhecida,https://www.google.com/travel/flights?q=Flights%20to%20AMS%20from%20GRU%20on%202027-04-20%20oneway,0a6fe5cc738f,
2026-09-12T10:48:52-03:00,google_flights,GRU,MUC,2027-04-21,3304.0,BRL,Air Europa,Air Europa,UX 58 UX 1515,1,MAD 2h05,125,895,2027-04-21T13:50,2027-04-22T09:45,desconhecida,https://www.google.com/travel/flights?q=Flights%20to%20MUC%20from%20GRU%20on%202027-04-21%20oneway,304e39efe077,
2026-09-12T10:48:52-03:00,google_flights,GIG,MUC,2027-04-21,3419.0,BRL,ITA,ITA,AZ 673 AZ 432,1,FCO 1h55,115,885,2027-04-21T14:25,2027-04-22T10:10,desconhecida,https://www.google.com/travel/flights?q=Flights%20to%20MUC%20from%20GIG%20on%202027-04-21%20oneway,d1a88439669e,
2026-09-12T10:48:52-03:00,google_flights,BSB,MUC,2027-04-21,3468.0,BRL,Tap Air Portugal,Tap Air Portugal,TP 58 TP 552,1,LIS 1h15,75,810,2027-04-21T18:15,2027-04-22T12:45,desconhecida,https://www.google.com/travel/flights?q=Flights%20to%20MUC%20from%20BSB%20on%202027-04-21%20oneway,ba1615826e8b,
2026-09-12T10:48:52-03:00,google_flights,GRU,AMS,2027-04-21,2678.0,BRL,United,United,UA 860 UA 946,1,IAD 11h05,665,1745,2027-04-21T21:30,2027-04-23T07:35,desconhecida,https://www.google.com/travel/flights?q=Flights%20to%20AMS%20from%20GRU%20on%202027-04-21%20oneway,a5f9b8ad0512,
2026-09-12T10:48:52-03:00,google_flights,GRU,AMS,2027-04-21,2678.0,BRL,United,United,UA 844 UA 909,1,ORD 11h15,675,1810,2027-04-21T22:20,2027-04-23T09:30,desconhecida,https://www.google.com/travel/flights?q=Flights%20to%20AMS%20from%20GRU%20on%202027-04-21%20oneway,83fd411b0929,
2026-09-12T10:48:52-03:00,google_flights,GRU,CPH,2027-04-21,2914.0,BRL,United,United|Lufthansa,UA 844 UA 944 LH 826,2,"ORD 8h15, FRA 1h20",80,1795,2027-04-21T22:20,2027-04-23T09:15,desconhecida,https://www.google.com/travel/flights?q=Flights%20to%20CPH%20from%20GRU%20on%202027-04-21%20oneway,5173dcc928e7,
2026-09-12T10:48:52-03:00,google_flights,GRU,AMS,2027-04-21,3210.0,BRL,ITA,ITA,AZ 675 AZ 110,1,FCO 7h45,465,1310,2027-04-21T14:15,2027-04-22T17:05,desconhecida,https://www.google.com/travel/flights?q=Flights%20to%20AMS%20from%20GRU%20on%202027-04-21%20oneway,1cd3123e902e,
2026-09-12T10:48:52-03:00,google_flights,GRU,FRA,2027-04-21,3212.0,BRL,United,United,UA 844 UA 944,1,ORD 8h15,495,1630,2027-04-21T22:20,2027-04-23T06:30,desconhecida,https://www.google.com/travel/flights?q=Flights%20to%20FRA%20from%20GRU%20on%202027-04-21%20oneway,e125268cfbdc,
2026-09-12T10:48:52-03:00,google_flights,GRU,MUC,2027-04-21,3212.0,BRL,United,United|Lufthansa,UA 844 LH 437,1,ORD 8h50,530,1665,2027-04-21T22:20,2027-04-23T07:05,desconhecida,https://www.google.com/travel/flights?q=Flights%20to%20MUC%20from%20GRU%20on%202027-04-21%20oneway,31d03b4e110e,
2026-09-12T10:48:52-03:00,google_flights,BSB,FRA,2027-04-21,3243.0,BRL,Tap Air Portugal,Tap Air Portugal,TP 58 TP 574,1,LIS 10h45,645,1385,2027-04-21T18:15,2027-04-22T22:20,desconhecida,https://www.google.com/travel/flights?q=Flights%20to%20FRA%20from%20BSB%20on%202027-04-21%20oneway,8cf24b139c58,
2026-09-12T10:48:52-03:00,google_flights,BSB,FRA,2027-04-21,3248.0,BRL,Tap Air Portugal,Tap Air Portugal,TP 58 TP 572,1,LIS 7h05,425,1165,2027-04-21T18:15,2027-04-22T18:40,desconhecida,https://www.google.com/travel/flights?q=Flights%20to%20FRA%20from%20BSB%20on%202027-04-21%20oneway,1f8045e5e961,
2026-09-12T10:48:52-03:00,google_flights,GRU,FRA,2027-04-21,3304.0,BRL,Air Europa,Air Europa,UX 58 UX 1503,1,MAD 2h00,120,895,2027-04-21T13:50,2027-04-22T09:45,desconhecida,https://www.google.com/travel/flights?q=Flights%20to%20FRA%20from%20GRU%20on%202027-04-21%20oneway,22814f2ca842,
2026-09-12T10:48:52-03:00,google_flights,GIG,AMS,2027-04-21,3350.0,BRL,United,United,UA 128 UA 20,1,IAH 10h40,640,1875,2027-04-21T21:05,2027-04-23T09:20,desconhecida,https://www.google.com/travel/flights?q=Flights%20to%20AMS%20from%20GIG%20on%202027-04-21%20oneway,c3814dc77742,
2026-09-12T10:48:52-03:00,google_flights,GRU,AMS,2027-04-21,3411.0,BRL,Air Europa,Air Europa,UX 58 UX 1091,1,MAD 2h00,120,890,2027-04-21T13:50,2027-04-22T09:40,desconhecida,https://www.google.com/travel/flights?q=Flights%20to%20AMS%20from%20GRU%20on%202027-04-21%20oneway,9c22a2dad831,
2026-09-12T10:48:52-03:00,google_flights,BSB,BER,2027-04-21,3466.0,BRL,Tap Air Portugal,Tap Air Portugal,TP 58 TP 532,1,LIS 4h35,275,1035,2027-04-21T18:15,2027-04-22T16:30,desconhecida,https://www.google.com/travel/flights?q=Flights%20to%20BER%20from%20BSB%20on%202027-04-21%20oneway,7edb5ed8cef7,
2026-09-12T10:48:52-03:00,google_flights,GRU,FRA,2027-04-21,3493.0,BRL,Tap Air Portugal,Tap Air Portugal,TP 82 TP 570,1,LIS 2h55,175,960,2027-04-21T15:30,2027-04-22T12:30,desconhecida,https://www.google.com/travel/flights?q=Flights%20to%20FRA%20from%20GRU%20on%202027-04-21%20oneway,0bac21ee23e8,
2026-09-12T10:48:52-03:00,google_flights,GRU,FRA,2027-04-21,3493.0,BRL,Tap Air Portugal,Tap Air Portugal,TP 88 TP 572,1,LIS 3h55,235,1015,2027-04-21T20:45,2027-04-22T18:40,desconhecida,https://www.google.com/travel/flights?q=Flights%20to%20FRA%20from%20GRU%20on%202027-04-21%20oneway,4d7949f7e1b5,
2026-09-12T10:48:52-03:00,google_flights,GIG,VIE,2027-04-21,3655.0,BRL,Tap Air Portugal,Tap Air Portugal,TP 72 TP 1272,1,LIS 2h00,120,915,2027-04-21T22:10,2027-04-22T18:25,desconhecida,https://www.google.com/travel/flights?q=Flights%20to%20VIE%20from%20GIG%20on%202027-04-21%20oneway,1f1cef33f9a7,
2026-09-12T10:48:52-03:00,google_flights,GRU,AMS,2027-04-21,3731.0,BRL,British Airways,British Airways,BA 246 BA 430,1,LHR 1h30,90,850,2027-04-21T15:30,2027-04-22T10:40,desconhecida,https://www.google.com/travel/flights?q=Flights%20to%20AMS%20from%20GRU%20on%202027-04-21%20oneway,6a59a525fbe7,
2026-09-12T10:48:52-03:00,google_flights,GIG,BER,2027-04-21,3763.0,BRL,Tap Air Portugal,Tap Air Portugal,TP 76 TP 530,1,LIS 1h40,100,895,2027-04-21T15:35,2027-04-22T11:30,desconhecida,https://www.google.com/travel/flights?q=Flights%20to%20BER%20from%20GIG%20on%202027-04-21%20oneway,936221ecd6a3,
2026-09-12T10:48:52-03:00,google_flights,GRU,CPH,2027-04-21,3869.0,BRL,Tap Air Portugal,Tap Air Portugal,TP 88 TP 754,1,LIS 1h35,95,905,2027-04-21T20:45,2027-04-22T16:50,desconhecida,https://www.google.com/travel/flights?q=Flights%20to%20CPH%20from%20GRU%20on%202027-04-21%20oneway,f657efaa9f39,
2026-09-12T10:48:52-03:00,google_flights,GRU,BER,2027-04-21,3967.0,BRL,Tap Air Portugal,Tap Air Portugal,TP 88 TP 532,1,LIS 1h25,85,885,2027-04-21T20:45,2027-04-22T16:30,desconhecida,https://www.google.com/travel/flights?q=Flights%20to%20BER%20from%20GRU%20on%202027-04-21%20oneway,80de513e57af,
2026-09-12T10:48:52-03:00,google_flights,GRU,AMS,2027-04-21,4718.0,BRL,KLM,KLM,KL 792,0,,0,695,2027-04-21T21:45,2027-04-22T14:20,desconhecida,https://www.google.com/travel/flights?q=Flights%20to%20AMS%20from%20GRU%20on%202027-04-21%20oneway,e2a05f53c049,
2026-09-12T10:48:57-03:00,google_flights,GRU,MUC,2027-04-22,3304.0,BRL,Air Europa,Air Europa,UX 58 UX 1515,1,MAD 2h05,125,895,2027-04-22T13:50,2027-04-23T09:45,desconhecida,https://www.google.com/travel/flights?q=Flights%20to%20MUC%20from%20GRU%20on%202027-04-22%20oneway,db7d0116e469,
2026-09-12T10:48:57-03:00,google_flights,GIG,MUC,2027-04-22,3419.0,BRL,ITA,ITA,AZ 673 AZ 432,1,FCO 1h55,115,885,2027-04-22T14:25,2027-04-23T10:10,desconhecida,https://www.google.com/travel/flights?q=Flights%20to%20MUC%20from%20GIG%20on%202027-04-22%20oneway,49bbcd020d85,
2026-09-12T10:48:57-03:00,google_flights,BSB,BER,2027-04-22,3779.0,BRL,Tap Air Portugal,Tap Air Portugal,TP 58 TP 530,1,LIS 1h30,90,850,2027-04-22T17:10,2027-04-23T12:20,desconhecida,https://www.google.com/travel/flights?q=Flights%20to%20BER%20from%20BSB%20on%202027-04-22%20oneway,94330108dea4,
2026-09-12T10:48:57-03:00,google_flights,GRU,AMS,2027-04-22,2678.0,BRL,United,United,UA 860 UA 946,1,IAD 11h05,665,1745,2027-04-22T21:30,2027-04-24T07:35,desconhecida,https://www.google.com/travel/flights?q=Flights%20to%20AMS%20from%20GRU%20on%202027-04-22%20oneway,34e8230fb190,
2026-09-12T10:48:57-03:00,google_flights,GRU,VIE,2027-04-22,2678.0,BRL,United,United|Austrian,UA 844 OS 46,1,ORD 9h35,575,1735,2027-04-22T22:20,2027-04-24T08:15,desconhecida,https://www.google.com/travel/flights?q=Flights%20to%20VIE%20from%20GRU%20on%202027-04-22%20oneway,6b5e221ac497,
2026-09-12T10:48:57-03:00,google_flights,GIG,AMS,2027-04-22,2836.0,BRL,United,United,UA 128 UA 20,1,IAH 10h40,640,1875,2027-04-22T21:05,2027-04-24T09:20,desconhecida,https://www.google.com/travel/flights?q=Flights%20to%20AMS%20from%20GIG%20on%202027-04-22%20oneway,03f5dad5ff81,
2026-09-12T10:48:57-03:00,google_flights,GRU,CPH,2027-04-22,2914.0,BRL,United,United|Lufthansa,UA 844 UA 944 LH 826,2,"ORD 8h15, FRA 1h20",80,1795,2027-04-22T22:20,2027-04-24T09:15,desconhecida,https://www.google.com/travel/flights?q=Flights%20to%20CPH%20from%20GRU%20on%202027-04-22%20oneway,3aa2790a61ad,
2026-09-12T10:48:57-03:00,google_flights,BSB,FRA,2027-04-22,3185.0,BRL,Tap Air Portugal,Tap Air Portugal,TP 58 TP 574,1,LIS 11h50,710,1450,2027-04-22T17:10,2027-04-23T22:20,desconhecida,https://www.google.com/travel/flights?q=Flights%20to%20FRA%20from%20BSB%20on%202027-04-22%20oneway,ce93dc6fdaa8,
2026-09-12T10:48:57-03:00,google_flights,GRU,AMS,2027-04-22,3210.0,BRL,ITA,ITA,AZ 675 AZ 110,1,FCO 7h45,465,1310,2027-04-22T14:15,2027-04-23T17:05,desconhecida,https://www.google.com/travel/flights?q=Flights%20to%20AMS%20from%20GRU%20on%202027-04-22%20oneway,2eaa563b1088,
2026-09-12T10:48:57-03:00,google_flights,GRU,FRA,2027-04-22,3304.0,BRL,Air Europa,Air Europa,UX 58 UX 1503,1,MAD 2h00,120,895,2027-04-22T13:50,2027-04-23T09:45,desconhecida,https://www.google.com/travel/flights?q=Flights%20to%20FRA%20from%20GRU%20on%202027-04-22%20oneway,f1969eb69575,
2026-09-12T10:48:57-03:00,google_flights,GIG,FRA,2027-04-22,3331.0,BRL,Tap Air Portugal,Tap Air Portugal,TP 67 TP 574,1,LIS 5h25,325,1100,2027-04-22T23:00,2027-04-23T22:20,desconhecida,https://www.google.com/travel/flights?q=Flights%20to%20FRA%20from%20GIG%20on%202027-04-22%20oneway,fbceafe70fd3,
2026-09-12T10:48:57-03:00,google_flights,GRU,AMS,2027-04-22,3411.0,BRL,Air Europa,Air Europa,UX 58 UX 1091,1,MAD 2h00,120,890,2027-04-22T13:50,2027-04-23T09:40,desconhecida,https://www.google.com/travel/flights?q=Flights%20to%20AMS%20from%20GRU%20on%202027-04-22%20oneway,9290da6ef6b0,
2026-09-12T10:48:57-03:00,google_flights,BSB,FRA,2027-04-22,3468.0,BRL,Tap Air Portugal,Tap Air Portugal,TP 58 TP 570,1,LIS 2h00,120,860,2027-04-22T17:10,2027-04-23T12:30,desconhecida,https://www.google.com/travel/flights?q=Flights%20to%20FRA%20from%20BSB%20on%202027-04-22%20oneway,09fd94a52530,
2026-09-12T10:48:57-03:00,google_flights,GRU,FRA,2027-04-22,3493.0,BRL,Tap Air Portugal,Tap Air Portugal,TP 88 TP 572,1,LIS 3h55,235,1015,2027-04-22T20:45,2027-04-23T18:40,desconhecida,https://www.google.com/travel/flights?q=Flights%20to%20FRA%20from%20GRU%20on%202027-04-22%20oneway,574f3b63b9d5,
2026-09-12T10:48:57-03:00,google_flights,GIG,AMS,2027-04-22,3765.0,BRL,Tap Air Portugal,Tap Air Portugal,TP 67 TP 672,1,LIS 1h50,110,880,2027-04-22T23:00,2027-04-23T18:40,desconhecida,https://www.google.com/travel/flights?q=Flights%20to%20AMS%20from%20GIG%20on%202027-04-22%20oneway,10eb1445559d,
2026-09-12T10:48:57-03:00,google_flights,GRU,CPH,2027-04-22,3869.0,BRL,Tap Air Portugal,Tap Air Portugal,TP 82 TP 752,1,LIS 1h30,90,905,2027-04-22T15:30,2027-04-23T11:35,desconhecida,https://www.google.com/travel/flights?q=Flights%20to%20CPH%20from%20GRU%20on%202027-04-22%20oneway,6d1b89cee302,
2026-09-12T10:48:57-03:00,google_flights,GRU,AMS,2027-04-22,4718.0,BRL,KLM,KLM,KL 792,0,,0,695,2027-04-22T21:45,2027-04-23T14:20,desconhecida,https://www.google.com/travel/flights?q=Flights%20to%20AMS%20from%20GRU%20on%202027-04-22%20oneway,06b0b0165473,
2026-09-12T10:49:02-03:00,google_flights,GRU,MUC,2027-04-23,3304.0,BRL,Air Europa,Air Europa,UX 58 UX 1515,1,MAD 2h05,125,895,2027-04-23T13:50,2027-04-24T09:45,desconhecida,https://www.google.com/travel/flights?q=Flights%20to%20MUC%20from%20GRU%20on%202027-04-23%20oneway,97342844ea27,
2026-09-12T10:49:02-03:00,google_flights,GRU,AMS,2027-04-23,3411.0,BRL,Air Europa,Air Europa,UX 58 UX 1091,1,MAD 2h00,120,890,2027-04-23T13:50,2027-04-24T09:40,desconhecida,https://www.google.com/travel/flights?q=Flights%20to%20AMS%20from%20GRU%20on%202027-04-23%20oneway,0765540ef092,
2026-09-12T10:49:02-03:00,google_flights,BSB,BER,2027-04-23,3429.0,BRL,Tap Air Portugal,Tap Air Portugal,TP 58 TP 532,1,LIS 4h35,275,1035,2027-04-23T18:15,2027-04-24T16:30,desconhecida,https://www.google.com/travel/flights?q=Flights%20to%20BER%20from%20BSB%20on%202027-04-23%20oneway,cbd5482b9cc1,
2026-09-12T10:49:02-03:00,google_flights,BSB,MUC,2027-04-23,3468.0,BRL,Tap Air Portugal,Tap Air Portugal,TP 58 TP 552,1,LIS 1h15,75,810,2027-04-23T18:15,2027-04-24T12:45,desconhecida,https://www.google.com/travel/flights?q=Flights%20to%20MUC%20from%20BSB%20on%202027-04-23%20oneway,13c063c3b460,
2026-09-12T10:49:02-03:00,google_flights,BSB,FRA,2027-04-23,3190.0,BRL,Tap Air Portugal,Tap Air Portugal,TP 58 TP 574,1,LIS 10h45,645,1385,2027-04-23T18:15,2027-04-24T22:20,desconhecida,https://www.google.com/travel/flights?q=Flights%20to%20FRA%20from%20BSB%20on%202027-04-23%20oneway,2f3ad3ae5c31,
2026-09-12T10:49:02-03:00,google_flights,GRU,FRA,2027-04-23,3212.0,BRL,United,United,UA 844 UA 944,1,ORD 8h15,495,1630,2027-04-23T22:20,2027-04-25T06:30,desconhecida,https://www.google.com/travel/flights?q=Flights%20to%20FRA%20from%20GRU%20on%202027-04-23%20oneway,2227cb013b5e,
2026-09-12T10:49:02-03:00,google_flights,GRU,MUC,2027-04-23,3212.0,BRL,United,United|Lufthansa,UA 844 LH 437,1,ORD 8h50,530,1665,2027-04-23T22:20,2027-04-25T07:05,desconhecida,https://www.google.com/travel/flights?q=Flights%20to%20MUC%20from%20GRU%20on%202027-04-23%20oneway,78800f9ccdf9,
2026-09-12T10:49:02-03:00,google_flights,GRU,FRA,2027-04-23,3304.0,BRL,Air Europa,Air Europa,UX 58 UX 1503,1,MAD 2h00,120,895,2027-04-23T13:50,2027-04-24T09:45,desconhecida,https://www.google.com/travel/flights?q=Flights%20to%20FRA%20from%20GRU%20on%202027-04-23%20oneway,018a145e3f8c,
2026-09-12T10:49:02-03:00,google_flights,GIG,FRA,2027-04-23,3352.0,BRL,Tap Air Portugal,Tap Air Portugal,TP 72 TP 570,1,LIS 20h25,1225,2000,2027-04-23T22:10,2027-04-25T12:30,desconhecida,https://www.google.com/travel/flights?q=Flights%20to%20FRA%20from%20GIG%20on%202027-04-23%20oneway,732db51c57c7,
2026-09-12T10:49:02-03:00,google_flights,GIG,FRA,2027-04-23,3419.0,BRL,ITA,ITA|Lufthansa,AZ 673 LH 231,1,FCO 3h20,200,995,2027-04-23T14:25,2027-04-24T12:00,desconhecida,https://www.google.com/travel/flights?q=Flights%20to%20FRA%20from%20GIG%20on%202027-04-23%20oneway,c99639132557,
2026-09-12T10:49:02-03:00,google_flights,GRU,FRA,2027-04-23,3493.0,BRL,Tap Air Portugal,Tap Air Portugal,TP 84 TP 574,1,LIS 3h35,215,995,2027-04-23T00:45,2027-04-23T22:20,desconhecida,https://www.google.com/travel/flights?q=Flights%20to%20FRA%20from%20GRU%20on%202027-04-23%20oneway,811518dae145,
2026-09-12T10:49:02-03:00,google_flights,GRU,FRA,2027-04-23,3493.0,BRL,Tap Air Portugal,Tap Air Portugal,TP 88 TP 572,1,LIS 3h55,235,1015,2027-04-23T20:45,2027-04-24T18:40,desconhecida,https://www.google.com/travel/flights?q=Flights%20to%20FRA%20from%20GRU%20on%202027-04-23%20oneway,42d6f851e8ff,
2026-09-12T10:49:02-03:00,google_flights,GRU,AMS,2027-04-23,3637.0,BRL,ITA,ITA,AZ 679 AZ 110,1,FCO 3h05,185,1030,2027-04-23T18:55,2027-04-24T17:05,desconhecida,https://www.google.com/travel/flights?q=Flights%20to%20AMS%20from%20GRU%20on%202027-04-23%20oneway,ce715ce3931d,
2026-09-12T10:49:02-03:00,google_flights,GIG,AMS,2027-04-23,3765.0,BRL,Tap Air Portugal,Tap Air Portugal,TP 72 TP 672,1,LIS 2h40,160,930,2027-04-23T22:10,2027-04-24T18:40,desconhecida,https://www.google.com/travel/flights?q=Flights%20to%20AMS%20from%20GIG%20on%202027-04-23%20oneway,f38b0c66d6d3,
2026-09-12T10:49:02-03:00,google_flights,GIG,MUC,2027-04-23,3846.0,BRL,ITA,ITA,AZ 673 AZ 432,1,FCO 1h55,115,885,2027-04-23T14:25,2027-04-24T10:10,desconhecida,https://www.google.com/travel/flights?q=Flights%20to%20MUC%20from%20GIG%20on%202027-04-23%20oneway,10c1d26917ae,
2026-09-12T10:49:02-03:00,google_flights,GRU,CPH,2027-04-23,3869.0,BRL,Tap Air Portugal,Tap Air Portugal,TP 88 TP 754,1,LIS 1h35,95,905,2027-04-23T20:45,2027-04-24T16:50,desconhecida,https://www.google.com/travel/flights?q=Flights%20to%20CPH%20from%20GRU%20on%202027-04-23%20oneway,eb0d045f9774,
2026-09-12T10:49:07-03:00,google_flights,BSB,FRA,2027-04-13,3190.0,BRL,Tap Air Portugal,Tap Air Portugal,TP 58 TP 570,1,LIS 1h45,105,845,2027-04-13T17:25,2027-04-14T12:30,desconhecida,https://www.google.com/travel/flights?q=Flights%20to%20FRA%20from%20BSB%20on%202027-04-13%20oneway,32c4d3959239,
2026-09-12T10:49:07-03:00,google_flights,GRU,MUC,2027-04-13,3304.0,BRL,Air Europa,Air Europa,UX 58 UX 1515,1,MAD 2h05,125,895,2027-04-13T13:50,2027-04-14T09:45,desconhecida,https://www.google.com/travel/flights?q=Flights%20to%20MUC%20from%20GRU%20on%202027-04-13%20oneway,89dde1e4fb72,
2026-09-12T10:49:07-03:00,google_flights,GRU,AMS,2027-04-13,3411.0,BRL,Air Europa,Air Europa,UX 58 UX 1091,1,MAD 2h00,120,890,2027-04-13T13:50,2027-04-14T09:40,desconhecida,https://www.google.com/travel/flights?q=Flights%20to%20AMS%20from%20GRU%20on%202027-04-13%20oneway,3db0f4651e45,
2026-09-12T10:49:07-03:00,google_flights,GIG,AMS,2027-04-13,3704.0,BRL,ITA,ITA,AZ 673 AZ 108,1,FCO 1h50,110,935,2027-04-13T14:25,2027-04-14T11:00,desconhecida,https://www.google.com/travel/flights?q=Flights%20to%20AMS%20from%20GIG%20on%202027-04-13%20oneway,ea462792e723,
2026-09-12T10:49:07-03:00,google_flights,GRU,AMS,2027-04-13,2678.0,BRL,United,United,UA 860 UA 946,1,IAD 11h05,665,1745,2027-04-13T21:30,2027-04-15T07:35,desconhecida,https://www.google.com/travel/flights?q=Flights%20to%20AMS%20from%20GRU%20on%202027-04-13%20oneway,993cb09a255b,
2026-09-12T10:49:07-03:00,google_flights,BSB,FRA,2027-04-13,3185.0,BRL,Tap Air Portugal,Tap Air Portugal,TP 58 TP 574,1,LIS 11h35,695,1435,2027-04-13T17:25,2027-04-14T22:20,desconhecida,https://www.google.com/travel/flights?q=Flights%20to%20FRA%20from%20BSB%20on%202027-04-13%20oneway,f9a60dc2a6e7,
2026-09-12T10:49:07-03:00,google_flights,GRU,FRA,2027-04-13,3304.0,BRL,Air Europa,Air Europa,UX 58 UX 1503,1,MAD 2h00,120,895,2027-04-13T13:50,2027-04-14T09:45,desconhecida,https://www.google.com/travel/flights?q=Flights%20to%20FRA%20from%20GRU%20on%202027-04-13%20oneway,7216aeb19bc4,
2026-09-12T10:49:07-03:00,google_flights,GIG,FRA,2027-04-13,3352.0,BRL,Tap Air Portugal,Tap Air Portugal,TP 67 TP 570,1,LIS 19h35,1175,1950,2027-04-13T23:00,2027-04-15T12:30,desconhecida,https://www.google.com/travel/flights?q=Flights%20to%20FRA%20from%20GIG%20on%202027-04-13%20oneway,4b191a535f77,
2026-09-12T10:49:07-03:00,google_flights,GIG,MUC,2027-04-13,3477.0,BRL,Tap Air Portugal,Tap Air Portugal,TP 67 TP 554,1,LIS 2h10,130,900,2027-04-13T23:00,2027-04-14T19:00,desconhecida,https://www.google.com/travel/flights?q=Flights%20to%20MUC%20from%20GIG%20on%202027-04-13%20oneway,1480baeeffd6,
2026-09-12T10:49:07-03:00,google_flights,GIG,FRA,2027-04-13,3613.0,BRL,Tap Air Portugal,Tap Air Portugal,TP 67 TP 572,1,LIS 1h45,105,880,2027-04-13T23:00,2027-04-14T18:40,desconhecida,https://www.google.com/travel/flights?q=Flights%20to%20FRA%20from%20GIG%20on%202027-04-13%20oneway,1a6e34bfcfe3,
2026-09-12T10:49:07-03:00,google_flights,GRU,BER,2027-04-13,3967.0,BRL,Tap Air Portugal,Tap Air Portugal,TP 88 TP 532,1,LIS 1h25,85,885,2027-04-13T20:45,2027-04-14T16:30,desconhecida,https://www.google.com/travel/flights?q=Flights%20to%20BER%20from%20GRU%20on%202027-04-13%20oneway,221c7cfe14ca,
2026-09-12T10:49:07-03:00,google_flights,GRU,AMS,2027-04-13,4718.0,BRL,KLM,KLM,KL 792,0,,0,695,2027-04-13T21:45,2027-04-14T14:20,desconhecida,https://www.google.com/travel/flights?q=Flights%20to%20AMS%20from%20GRU%20on%202027-04-13%20oneway,eec57785371c,
2026-09-12T10:49:15-03:00,google_flights,GRU,MUC,2027-04-18,4823.0,BRL,Air Europa,Air Europa,UX 58 UX 1515,1,MAD 2h05,125,895,2027-04-18T13:50,2027-04-19T09:45,desconhecida,https://www.google.com/travel/flights?q=Flights%20to%20MUC%20from%20GRU%20on%202027-04-18%20oneway,cac71579581b,2027-04-25
2026-09-12T10:49:15-03:00,google_flights,GRU,FRA,2027-04-18,5291.0,BRL,LATAM,LATAM,LA 8070,0,,0,705,2027-04-18T23:40,2027-04-19T16:25,desconhecida,https://www.google.com/travel/flights?q=Flights%20to%20FRA%20from%20GRU%20on%202027-04-18%20oneway,c63339d92f4a,2027-04-25
2026-09-12T10:49:15-03:00,google_flights,GRU,AMS,2027-04-18,6353.0,BRL,KLM,KLM,KL 792,0,,0,695,2027-04-18T21:45,2027-04-19T14:20,desconhecida,https://www.google.com/travel/flights?q=Flights%20to%20AMS%20from%20GRU%20on%202027-04-18%20oneway,12e8ac08b3e9,2027-04-25
2026-09-12T10:49:15-03:00,google_flights,GRU,AMS,2027-04-18,4974.0,BRL,Air Europa,Air Europa,UX 58 UX 1091,1,MAD 2h00,120,890,2027-04-18T13:50,2027-04-19T09:40,desconhecida,https://www.google.com/travel/flights?q=Flights%20to%20AMS%20from%20GRU%20on%202027-04-18%20oneway,7c2f7b17fa24,2027-04-25
2026-09-12T10:49:15-03:00,google_flights,GRU,BER,2027-04-18,5001.0,BRL,LATAM,LATAM|Finnair,LA 8084 AY 1338 AY 1431,2,"LHR 3h05, HEL 8h10",185,1635,2027-04-18T23:50,2027-04-20T08:05,desconhecida,https://www.google.com/travel/flights?q=Flights%20to%20BER%20from%20GRU%20on%202027-04-18%20oneway,6f8ac0d9e973,2027-04-25
2026-09-12T10:49:15-03:00,google_flights,GIG,FRA,2027-04-18,5403.0,BRL,LATAM,LATAM,LA 3875 LA 8070,1,GRU 3h25,205,980,2027-04-18T19:05,2027-04-19T16:25,desconhecida,https://www.google.com/travel/flights?q=Flights%20to%20FRA%20from%20GIG%20on%202027-04-18%20oneway,40353665bfd1,2027-04-25
2026-09-12T10:49:15-03:00,google_flights,BSB,FRA,2027-04-18,5932.0,BRL,Tap Air Portugal,Tap Air Portugal,TP 58 TP 570,1,LIS 1h40,100,845,2027-04-18T17:25,2027-04-19T12:30,desconhecida,https://www.google.com/travel/flights?q=Flights%20to%20FRA%20from%20BSB%20on%202027-04-18%20oneway,36d723ede46d,2027-04-25
2026-09-12T10:49:15-03:00,google_flights,GRU,AMS,2027-04-18,6150.0,BRL,LATAM,LATAM,LA 8078,0,,0,710,2027-04-18T18:00,2027-04-19T10:50,desconhecida,https://www.google.com/travel/flights?q=Flights%20to%20AMS%20from%20GRU%20on%202027-04-18%20oneway,c905b06bab26,2027-04-25
2026-09-12T10:49:15-03:00,google_flights,GIG,MUC,2027-04-18,6193.0,BRL,ITA,ITA,AZ 673 AZ 432,1,FCO 1h55,115,885,2027-04-18T14:25,2027-04-19T10:10,desconhecida,https://www.google.com/travel/flights?q=Flights%20to%20MUC%20from%20GIG%20on%202027-04-18%20oneway,0e6000bb0e0b,2027-04-25
2026-09-12T10:49:15-03:00,google_flights,GRU,FRA,2027-04-18,7419.0,BRL,Lufthansa,Lufthansa,LH 507,0,,0,695,2027-04-18T18:10,2027-04-19T10:45,desconhecida,https://www.google.com/travel/flights?q=Flights%20to%20FRA%20from%20GRU%20on%202027-04-18%20oneway,c1f74f26645b,2027-04-25
2026-09-12T10:49:15-03:00,google_flights,GIG,AMS,2027-04-18,7652.0,BRL,KLM,KLM,KL 706,0,,0,690,2027-04-18T21:55,2027-04-19T14:25,desconhecida,https://www.google.com/travel/flights?q=Flights%20to%20AMS%20from%20GIG%20on%202027-04-18%20oneway,fd75353eff9a,2027-04-25
2026-09-12T15:56:14-03:00,google_flights,GRU,MUC,2027-04-22,3304.0,BRL,Air Europa,Air Europa,UX 58 UX 1515,1,MAD 2h05,125,895,2027-04-22T13:50,2027-04-23T09:45,desconhecida,https://www.google.com/travel/flights?q=Flights%20to%20MUC%20from%20GRU%20on%202027-04-22%20oneway,db7d0116e469,
2026-09-12T15:56:14-03:00,google_flights,GIG,MUC,2027-04-22,3419.0,BRL,ITA,ITA,AZ 673 AZ 432,1,FCO 1h55,115,885,2027-04-22T14:25,2027-04-23T10:10,desconhecida,https://www.google.com/travel/flights?q=Flights%20to%20MUC%20from%20GIG%20on%202027-04-22%20oneway,49bbcd020d85,
2026-09-12T15:56:14-03:00,google_flights,BSB,BER,2027-04-22,3779.0,BRL,Tap Air Portugal,Tap Air Portugal,TP 58 TP 530,1,LIS 1h30,90,850,2027-04-22T17:10,2027-04-23T12:20,desconhecida,https://www.google.com/travel/flights?q=Flights%20to%20BER%20from%20BSB%20on%202027-04-22%20oneway,94330108dea4,
2026-09-12T15:56:14-03:00,google_flights,GRU,AMS,2027-04-22,2678.0,BRL,United,United,UA 860 UA 946,1,IAD 11h05,665,1745,2027-04-22T21:30,2027-04-24T07:35,desconhecida,https://www.google.com/travel/flights?q=Flights%20to%20AMS%20from%20GRU%20on%202027-04-22%20oneway,34e8230fb190,
2026-09-12T15:56:14-03:00,google_flights,GRU,VIE,2027-04-22,2678.0,BRL,United,United|Austrian,UA 844 OS 46,1,ORD 9h35,575,1735,2027-04-22T22:20,2027-04-24T08:15,desconhecida,https://www.google.com/travel/flights?q=Flights%20to%20VIE%20from%20GRU%20on%202027-04-22%20oneway,6b5e221ac497,
2026-09-12T15:56:14-03:00,google_flights,GIG,AMS,2027-04-22,2836.0,BRL,United,United,UA 128 UA 20,1,IAH 10h40,640,1875,2027-04-22T21:05,2027-04-24T09:20,desconhecida,https://www.google.com/travel/flights?q=Flights%20to%20AMS%20from%20GIG%20on%202027-04-22%20oneway,03f5dad5ff81,
2026-09-12T15:56:14-03:00,google_flights,GRU,CPH,2027-04-22,2914.0,BRL,United,United|Lufthansa,UA 844 UA 944 LH 826,2,"ORD 8h15, FRA 1h20",80,1795,2027-04-22T22:20,2027-04-24T09:15,desconhecida,https://www.google.com/travel/flights?q=Flights%20to%20CPH%20from%20GRU%20on%202027-04-22%20oneway,3aa2790a61ad,
2026-09-12T15:56:14-03:00,google_flights,BSB,FRA,2027-04-22,3185.0,BRL,Tap Air Portugal,Tap Air Portugal,TP 58 TP 574,1,LIS 11h50,710,1450,2027-04-22T17:10,2027-04-23T22:20,desconhecida,https://www.google.com/travel/flights?q=Flights%20to%20FRA%20from%20BSB%20on%202027-04-22%20oneway,ce93dc6fdaa8,
2026-09-12T15:56:14-03:00,google_flights,GRU,AMS,2027-04-22,3210.0,BRL,ITA,ITA,AZ 675 AZ 110,1,FCO 7h45,465,1310,2027-04-22T14:15,2027-04-23T17:05,desconhecida,https://www.google.com/travel/flights?q=Flights%20to%20AMS%20from%20GRU%20on%202027-04-22%20oneway,2eaa563b1088,
2026-09-12T15:56:14-03:00,google_flights,GRU,FRA,2027-04-22,3304.0,BRL,Air Europa,Air Europa,UX 58 UX 1503,1,MAD 2h00,120,895,2027-04-22T13:50,2027-04-23T09:45,desconhecida,https://www.google.com/travel/flights?q=Flights%20to%20FRA%20from%20GRU%20on%202027-04-22%20oneway,f1969eb69575,
2026-09-12T15:56:14-03:00,google_flights,GIG,FRA,2027-04-22,3331.0,BRL,Tap Air Portugal,Tap Air Portugal,TP 67 TP 574,1,LIS 5h25,325,1100,2027-04-22T23:00,2027-04-23T22:20,desconhecida,https://www.google.com/travel/flights?q=Flights%20to%20FRA%20from%20GIG%20on%202027-04-22%20oneway,fbceafe70fd3,
2026-09-12T15:56:14-03:00,google_flights,GRU,AMS,2027-04-22,3411.0,BRL,Air Europa,Air Europa,UX 58 UX 1091,1,MAD 2h00,120,890,2027-04-22T13:50,2027-04-23T09:40,desconhecida,https://www.google.com/travel/flights?q=Flights%20to%20AMS%20from%20GRU%20on%202027-04-22%20oneway,9290da6ef6b0,
2026-09-12T15:56:14-03:00,google_flights,BSB,FRA,2027-04-22,3468.0,BRL,Tap Air Portugal,Tap Air Portugal,TP 58 TP 570,1,LIS 2h00,120,860,2027-04-22T17:10,2027-04-23T12:30,desconhecida,https://www.google.com/travel/flights?q=Flights%20to%20FRA%20from%20BSB%20on%202027-04-22%20oneway,09fd94a52530,
2026-09-12T15:56:14-03:00,google_flights,GRU,FRA,2027-04-22,3493.0,BRL,Tap Air Portugal,Tap Air Portugal,TP 88 TP 572,1,LIS 3h55,235,1015,2027-04-22T20:45,2027-04-23T18:40,desconhecida,https://www.google.com/travel/flights?q=Flights%20to%20FRA%20from%20GRU%20on%202027-04-22%20oneway,574f3b63b9d5,
2026-09-12T15:56:14-03:00,google_flights,GIG,AMS,2027-04-22,3765.0,BRL,Tap Air Portugal,Tap Air Portugal,TP 67 TP 672,1,LIS 1h50,110,880,2027-04-22T23:00,2027-04-23T18:40,desconhecida,https://www.google.com/travel/flights?q=Flights%20to%20AMS%20from%20GIG%20on%202027-04-22%20oneway,10eb1445559d,
2026-09-12T15:56:14-03:00,google_flights,GRU,CPH,2027-04-22,3869.0,BRL,Tap Air Portugal,Tap Air Portugal,TP 82 TP 752,1,LIS 1h30,90,905,2027-04-22T15:30,2027-04-23T11:35,desconhecida,https://www.google.com/travel/flights?q=Flights%20to%20CPH%20from%20GRU%20on%202027-04-22%20oneway,6d1b89cee302,
2026-09-12T15:56:14-03:00,google_flights,GRU,AMS,2027-04-22,4718.0,BRL,KLM,KLM,KL 792,0,,0,695,2027-04-22T21:45,2027-04-23T14:20,desconhecida,https://www.google.com/travel/flights?q=Flights%20to%20AMS%20from%20GRU%20on%202027-04-22%20oneway,06b0b0165473,
2026-09-12T23:38:18-03:00,google_flights,GRU,MUC,2027-04-14,3304.0,BRL,Air Europa,Air Europa,UX 58 UX 1515,1,MAD 2h05,125,895,2027-04-14T13:50,2027-04-15T09:45,desconhecida,https://www.google.com/travel/flights?q=Flights%20to%20MUC%20from%20GRU%20on%202027-04-14%20oneway,7624e028df3b,
2026-09-12T23:38:18-03:00,google_flights,BSB,BER,2027-04-14,3361.0,BRL,Tap Air Portugal,Tap Air Portugal,TP 58 TP 532,1,LIS 4h35,275,1035,2027-04-14T18:15,2027-04-15T16:30,desconhecida,https://www.google.com/travel/flights?q=Flights%20to%20BER%20from%20BSB%20on%202027-04-14%20oneway,499644a01337,
2026-09-12T23:38:18-03:00,google_flights,BSB,MUC,2027-04-14,3468.0,BRL,Tap Air Portugal,Tap Air Portugal,TP 58 TP 552,1,LIS 1h15,75,810,2027-04-14T18:15,2027-04-15T12:45,desconhecida,https://www.google.com/travel/flights?q=Flights%20to%20MUC%20from%20BSB%20on%202027-04-14%20oneway,7ec990e98150,
2026-09-12T23:38:18-03:00,google_flights,BSB,FRA,2027-04-14,3164.0,BRL,Tap Air Portugal,Tap Air Portugal,TP 58 TP 574,1,LIS 10h45,645,1385,2027-04-14T18:15,2027-04-15T22:20,desconhecida,https://www.google.com/travel/flights?q=Flights%20to%20FRA%20from%20BSB%20on%202027-04-14%20oneway,393ae2ea61ce,
2026-09-12T23:38:18-03:00,google_flights,BSB,FRA,2027-04-14,3190.0,BRL,Tap Air Portugal,Tap Air Portugal,TP 58 TP 572,1,LIS 7h05,425,1165,2027-04-14T18:15,2027-04-15T18:40,desconhecida,https://www.google.com/travel/flights?q=Flights%20to%20FRA%20from%20BSB%20on%202027-04-14%20oneway,1bd221e05782,
2026-09-12T23:38:18-03:00,google_flights,GRU,FRA,2027-04-14,3304.0,BRL,Air Europa,Air Europa,UX 58 UX 1503,1,MAD 2h00,120,895,2027-04-14T13:50,2027-04-15T09:45,desconhecida,https://www.google.com/travel/flights?q=Flights%20to%20FRA%20from%20GRU%20on%202027-04-14%20oneway,42af1b8d0b20,
2026-09-12T23:38:18-03:00,google_flights,BSB,BER,2027-04-14,3330.0,BRL,Tap Air Portugal,Tap Air Portugal,TP 58 TP 534,1,LIS 10h25,625,1385,2027-04-14T18:15,2027-04-15T22:20,desconhecida,https://www.google.com/travel/flights?q=Flights%20to%20BER%20from%20BSB%20on%202027-04-14%20oneway,5212971878a7,
2026-09-12T23:38:18-03:00,google_flights,GIG,FRA,2027-04-14,3352.0,BRL,Tap Air Portugal,Tap Air Portugal,TP 72 TP 570,1,LIS 20h25,1225,2000,2027-04-14T22:10,2027-04-16T12:30,desconhecida,https://www.google.com/travel/flights?q=Flights%20to%20FRA%20from%20GIG%20on%202027-04-14%20oneway,f34be8da2fc8,
2026-09-12T23:38:18-03:00,google_flights,GRU,AMS,2027-04-14,3411.0,BRL,Air Europa,Air Europa,UX 58 UX 1091,1,MAD 2h00,120,890,2027-04-14T13:50,2027-04-15T09:40,desconhecida,https://www.google.com/travel/flights?q=Flights%20to%20AMS%20from%20GRU%20on%202027-04-14%20oneway,2e7619170711,
2026-09-12T23:38:18-03:00,google_flights,GIG,MUC,2027-04-14,3477.0,BRL,Tap Air Portugal,Tap Air Portugal,TP 72 TP 554,1,LIS 3h00,180,950,2027-04-14T22:10,2027-04-15T19:00,desconhecida,https://www.google.com/travel/flights?q=Flights%20to%20MUC%20from%20GIG%20on%202027-04-14%20oneway,7e6f39c22e9c,
2026-09-12T23:38:18-03:00,google_flights,GRU,FRA,2027-04-14,3493.0,BRL,Tap Air Portugal,Tap Air Portugal,TP 82 TP 570,1,LIS 2h55,175,960,2027-04-14T15:30,2027-04-15T12:30,desconhecida,https://www.google.com/travel/flights?q=Flights%20to%20FRA%20from%20GRU%20on%202027-04-14%20oneway,4dd555cdaeaa,
2026-09-12T23:38:18-03:00,google_flights,GRU,FRA,2027-04-14,3493.0,BRL,Tap Air Portugal,Tap Air Portugal,TP 88 TP 572,1,LIS 3h55,235,1015,2027-04-14T20:45,2027-04-15T18:40,desconhecida,https://www.google.com/travel/flights?q=Flights%20to%20FRA%20from%20GRU%20on%202027-04-14%20oneway,034fcc90f438,
2026-09-12T23:38:18-03:00,google_flights,GRU,AMS,2027-04-14,3637.0,BRL,ITA,ITA,AZ 679 AZ 110,1,FCO 3h05,185,1030,2027-04-14T18:55,2027-04-15T17:05,desconhecida,https://www.google.com/travel/flights?q=Flights%20to%20AMS%20from%20GRU%20on%202027-04-14%20oneway,fd6ff2b73f65,
2026-09-12T23:38:18-03:00,google_flights,GIG,VIE,2027-04-14,3655.0,BRL,Tap Air Portugal,Tap Air Portugal,TP 72 TP 1272,1,LIS 2h00,120,915,2027-04-14T22:10,2027-04-15T18:25,desconhecida,https://www.google.com/travel/flights?q=Flights%20to%20VIE%20from%20GIG%20on%202027-04-14%20oneway,786d6ccbbfb7,
2026-09-12T23:38:18-03:00,google_flights,GRU,MUC,2027-04-14,3762.0,BRL,ITA,ITA,AZ 675 AZ 432,1,FCO 1h45,105,895,2027-04-14T14:15,2027-04-15T10:10,desconhecida,https://www.google.com/travel/flights?q=Flights%20to%20MUC%20from%20GRU%20on%202027-04-14%20oneway,fff3b24f5f35,
2026-09-12T23:38:18-03:00,google_flights,GIG,BER,2027-04-14,3763.0,BRL,Tap Air Portugal,Tap Air Portugal,TP 76 TP 530,1,LIS 1h40,100,895,2027-04-14T15:35,2027-04-15T11:30,desconhecida,https://www.google.com/travel/flights?q=Flights%20to%20BER%20from%20GIG%20on%202027-04-14%20oneway,ea2decc1901e,
2026-09-12T23:38:18-03:00,google_flights,GIG,MUC,2027-04-14,3846.0,BRL,ITA,ITA,AZ 673 AZ 432,1,FCO 1h55,115,885,2027-04-14T14:25,2027-04-15T10:10,desconhecida,https://www.google.com/travel/flights?q=Flights%20to%20MUC%20from%20GIG%20on%202027-04-14%20oneway,9aa28d0b8710,
2026-09-12T23:38:18-03:00,google_flights,GRU,CPH,2027-04-14,3869.0,BRL,Tap Air Portugal,Tap Air Portugal,TP 88 TP 754,1,LIS 1h35,95,905,2027-04-14T20:45,2027-04-15T16:50,desconhecida,https://www.google.com/travel/flights?q=Flights%20to%20CPH%20from%20GRU%20on%202027-04-14%20oneway,8236d2e27cb0,
2026-09-12T23:38:18-03:00,google_flights,GRU,BER,2027-04-14,3967.0,BRL,Tap Air Portugal,Tap Air Portugal,TP 88 TP 532,1,LIS 1h25,85,885,2027-04-14T20:45,2027-04-15T16:30,desconhecida,https://www.google.com/travel/flights?q=Flights%20to%20BER%20from%20GRU%20on%202027-04-14%20oneway,fa9d9bfa6b27,
2026-09-12T23:38:18-03:00,google_flights,GRU,AMS,2027-04-14,4718.0,BRL,KLM,KLM,KL 792,0,,0,695,2027-04-14T21:45,2027-04-15T14:20,desconhecida,https://www.google.com/travel/flights?q=Flights%20to%20AMS%20from%20GRU%20on%202027-04-14%20oneway,a227768e07f8,
2026-09-12T23:38:24-03:00,google_flights,BSB,FRA,2027-04-15,3164.0,BRL,Tap Air Portugal,Tap Air Portugal,TP 58 TP 570,1,LIS 2h00,120,860,2027-04-15T17:10,2027-04-16T12:30,desconhecida,https://www.google.com/travel/flights?q=Flights%20to%20FRA%20from%20BSB%20on%202027-04-15%20oneway,1bac683938cf,
2026-09-12T23:38:24-03:00,google_flights,GRU,MUC,2027-04-15,3304.0,BRL,Air Europa,Air Europa,UX 58 UX 1515,1,MAD 2h05,125,895,2027-04-15T13:50,2027-04-16T09:45,desconhecida,https://www.google.com/travel/flights?q=Flights%20to%20MUC%20from%20GRU%20on%202027-04-15%20oneway,ea70709f8ca6,
2026-09-12T23:38:24-03:00,google_flights,GIG,MUC,2027-04-15,3419.0,BRL,ITA,ITA,AZ 673 AZ 432,1,FCO 1h55,115,885,2027-04-15T14:25,2027-04-16T10:10,desconhecida,https://www.google.com/travel/flights?q=Flights%20to%20MUC%20from%20GIG%20on%202027-04-15%20oneway,c3facf584890,
2026-09-12T23:38:24-03:00,google_flights,GRU,FRA,2027-04-15,3304.0,BRL,Air Europa,Air Europa,UX 58 UX 1503,1,MAD 2h00,120,895,2027-04-15T13:50,2027-04-16T09:45,desconhecida,https://www.google.com/travel/flights?q=Flights%20to%20FRA%20from%20GRU%20on%202027-04-15%20oneway,e4e7a045f348,
2026-09-12T23:38:24-03:00,google_flights,GIG,FRA,2027-04-15,3331.0,BRL,Tap Air Portugal,Tap Air Portugal,TP 67 TP 574,1,LIS 5h25,325,1100,2027-04-15T23:00,2027-04-16T22:20,desconhecida,https://www.google.com/travel/flights?q=Flights%20to%20FRA%20from%20GIG%20on%202027-04-15%20oneway,0c58dea3cd97,
2026-09-12T23:38:24-03:00,google_flights,GRU,AMS,2027-04-15,3411.0,BRL,Air Europa,Air Europa,UX 58 UX 1091,1,MAD 2h00,120,890,2027-04-15T13:50,2027-04-16T09:40,desconhecida,https://www.google.com/travel/flights?q=Flights%20to%20AMS%20from%20GRU%20on%202027-04-15%20oneway,103601d11364,
2026-09-12T23:38:24-03:00,google_flights,GIG,MUC,2027-04-15,3419.0,BRL,ITA,ITA|Lufthansa,AZ 673 LH 1873,1,FCO 1h20,80,850,2027-04-15T14:25,2027-04-16T09:35,desconhecida,https://www.google.com/travel/flights?q=Flights%20to%20MUC%20from%20GIG%20on%202027-04-15%20oneway,f788a825e4c4,
2026-09-12T23:38:24-03:00,google_flights,GRU,FRA,2027-04-15,3493.0,BRL,Tap Air Portugal,Tap Air Portugal,TP 88 TP 572,1,LIS 3h55,235,1015,2027-04-15T20:45,2027-04-16T18:40,desconhecida,https://www.google.com/travel/flights?q=Flights%20to%20FRA%20from%20GRU%20on%202027-04-15%20oneway,5893f1267440,
2026-09-12T23:38:24-03:00,google_flights,BSB,BER,2027-04-15,3643.0,BRL,Tap Air Portugal,Tap Air Portugal,TP 58 TP 530,1,LIS 1h30,90,850,2027-04-15T17:10,2027-04-16T12:20,desconhecida,https://www.google.com/travel/flights?q=Flights%20to%20BER%20from%20BSB%20on%202027-04-15%20oneway,10e5ea50537b,
2026-09-12T23:38:24-03:00,google_flights,GIG,AMS,2027-04-15,3765.0,BRL,Tap Air Portugal,Tap Air Portugal,TP 67 TP 672,1,LIS 1h50,110,880,2027-04-15T23:00,2027-04-16T18:40,desconhecida,https://www.google.com/travel/flights?q=Flights%20to%20AMS%20from%20GIG%20on%202027-04-15%20oneway,ff715c6fc969,
2026-09-12T23:38:24-03:00,google_flights,GRU,CPH,2027-04-15,3869.0,BRL,Tap Air Portugal,Tap Air Portugal,TP 82 TP 752,1,LIS 1h30,90,905,2027-04-15T15:30,2027-04-16T11:35,desconhecida,https://www.google.com/travel/flights?q=Flights%20to%20CPH%20from%20GRU%20on%202027-04-15%20oneway,45c78dcfb0ca,
2026-09-12T23:38:24-03:00,google_flights,GIG,CPH,2027-04-15,3927.0,BRL,Tap Air Portugal,Tap Air Portugal,TP 76 TP 752,1,LIS 1h35,95,900,2027-04-15T15:35,2027-04-16T11:35,desconhecida,https://www.google.com/travel/flights?q=Flights%20to%20CPH%20from%20GIG%20on%202027-04-15%20oneway,a9403f45d45d,
2026-09-12T23:38:24-03:00,google_flights,GRU,AMS,2027-04-15,4718.0,BRL,KLM,KLM,KL 792,0,,0,695,2027-04-15T21:45,2027-04-16T14:20,desconhecida,https://www.google.com/travel/flights?q=Flights%20to%20AMS%20from%20GRU%20on%202027-04-15%20oneway,fded42f851d2,
2026-09-12T23:38:34-03:00,google_flights,GRU,MUC,2027-04-16,3304.0,BRL,Air Europa,Air Europa,UX 58 UX 1515,1,MAD 2h05,125,895,2027-04-16T13:50,2027-04-17T09:45,desconhecida,https://www.google.com/travel/flights?q=Flights%20to%20MUC%20from%20GRU%20on%202027-04-16%20oneway,2d2a5d201e53,
2026-09-12T23:38:34-03:00,google_flights,GRU,AMS,2027-04-16,3411.0,BRL,Air Europa,Air Europa,UX 58 UX 1091,1,MAD 2h00,120,890,2027-04-16T13:50,2027-04-17T09:40,desconhecida,https://www.google.com/travel/flights?q=Flights%20to%20AMS%20from%20GRU%20on%202027-04-16%20oneway,144b19177258,
2026-09-12T23:38:34-03:00,google_flights,BSB,MUC,2027-04-16,3468.0,BRL,Tap Air Portugal,Tap Air Portugal,TP 58 TP 552,1,LIS 1h15,75,810,2027-04-16T18:15,2027-04-17T12:45,desconhecida,https://www.google.com/travel/flights?q=Flights%20to%20MUC%20from%20BSB%20on%202027-04-16%20oneway,01ba35474d69,
2026-09-12T23:38:34-03:00,google_flights,BSB,FRA,2027-04-16,3248.0,BRL,Tap Air Portugal,Tap Air Portugal,TP 58 TP 574,1,LIS 10h45,645,1385,2027-04-16T18:15,2027-04-17T22:20,desconhecida,https://www.google.com/travel/flights?q=Flights%20to%20FRA%20from%20BSB%20on%202027-04-16%20oneway,7ecaccc5d2bb,
2026-09-12T23:38:34-03:00,google_flights,GRU,FRA,2027-04-16,3304.0,BRL,Air Europa,Air Europa,UX 58 UX 1503,1,MAD 2h00,120,895,2027-04-16T13:50,2027-04-17T09:45,desconhecida,https://www.google.com/travel/flights?q=Flights%20to%20FRA%20from%20GRU%20on%202027-04-16%20oneway,831a52a03c94,
2026-09-12T23:38:34-03:00,google_flights,GIG,FRA,2027-04-16,3352.0,BRL,Tap Air Portugal,Tap Air Portugal,TP 72 TP 570,1,LIS 20h25,1225,2000,2027-04-16T22:10,2027-04-18T12:30,desconhecida,https://www.google.com/travel/flights?q=Flights%20to%20FRA%20from%20GIG%20on%202027-04-16%20oneway,99c1c9cd9640,
2026-09-12T23:38:34-03:00,google_flights,GRU,FRA,2027-04-16,3493.0,BRL,Tap Air Portugal,Tap Air Portugal,TP 84 TP 574,1,LIS 3h35,215,995,2027-04-16T00:45,2027-04-16T22:20,desconhecida,https://www.google.com/travel/flights?q=Flights%20to%20FRA%20from%20GRU%20on%202027-04-16%20oneway,e8d758931521,
2026-09-12T23:38:34-03:00,google_flights,GRU,AMS,2027-04-16,3712.0,BRL,Tap Air Portugal,Tap Air Portugal,TP 88 TP 672,1,LIS 4h00,240,1015,2027-04-16T20:45,2027-04-17T18:40,desconhecida,https://www.google.com/travel/flights?q=Flights%20to%20AMS%20from%20GRU%20on%202027-04-16%20oneway,50cb0d455dbd,
2026-09-12T23:38:34-03:00,google_flights,GRU,FRA,2027-04-16,3762.0,BRL,ITA,ITA|Lufthansa,AZ 679 LH 233,1,FCO 1h50,110,925,2027-04-16T18:55,2027-04-17T15:20,desconhecida,https://www.google.com/travel/flights?q=Flights%20to%20FRA%20from%20GRU%20on%202027-04-16%20oneway,4e7411903046,
2026-09-12T23:38:34-03:00,google_flights,GIG,MUC,2027-04-16,3846.0,BRL,ITA,ITA,AZ 673 AZ 432,1,FCO 1h55,115,885,2027-04-16T14:25,2027-04-17T10:10,desconhecida,https://www.google.com/travel/flights?q=Flights%20to%20MUC%20from%20GIG%20on%202027-04-16%20oneway,b4240bda07ea,
2026-09-12T23:38:34-03:00,google_flights,GRU,CPH,2027-04-16,3869.0,BRL,Tap Air Portugal,Tap Air Portugal,TP 88 TP 754,1,LIS 1h35,95,905,2027-04-16T20:45,2027-04-17T16:50,desconhecida,https://www.google.com/travel/flights?q=Flights%20to%20CPH%20from%20GRU%20on%202027-04-16%20oneway,ee68f439a462,
2026-09-13T11:44:33-03:00,google_flights,GRU,MUC,2027-04-17,3304.0,BRL,Air Europa,Air Europa,UX 58 UX 1515,1,MAD 2h05,125,895,2027-04-17T13:50,2027-04-18T09:45,desconhecida,https://www.google.com/travel/flights?q=Flights%20to%20MUC%20from%20GRU%20on%202027-04-17%20oneway,8ba6bf437bb1,
2026-09-13T11:44:33-03:00,google_flights,GRU,FRA,2027-04-17,3304.0,BRL,Air Europa,Air Europa,UX 58 UX 1503,1,MAD 2h00,120,895,2027-04-17T13:50,2027-04-18T09:45,desconhecida,https://www.google.com/travel/flights?q=Flights%20to%20FRA%20from%20GRU%20on%202027-04-17%20oneway,0ec89e82a78d,
2026-09-13T11:44:33-03:00,google_flights,BSB,FRA,2027-04-17,3394.0,BRL,Tap Air Portugal,Tap Air Portugal,TP 58 TP 570,1,LIS 2h00,120,860,2027-04-17T17:10,2027-04-18T12:30,desconhecida,https://www.google.com/travel/flights?q=Flights%20to%20FRA%20from%20BSB%20on%202027-04-17%20oneway,28f22ccb09f2,
2026-09-13T11:44:33-03:00,google_flights,GRU,AMS,2027-04-17,3411.0,BRL,Air Europa,Air Europa,UX 58 UX 1091,1,MAD 2h00,120,890,2027-04-17T13:50,2027-04-18T09:40,desconhecida,https://www.google.com/travel/flights?q=Flights%20to%20AMS%20from%20GRU%20on%202027-04-17%20oneway,d388ebf4e88b,
2026-09-13T11:44:33-03:00,google_flights,BSB,FRA,2027-04-17,3169.0,BRL,Tap Air Portugal,Tap Air Portugal,TP 58 TP 574,1,LIS 11h50,710,1450,2027-04-17T17:10,2027-04-18T22:20,desconhecida,https://www.google.com/travel/flights?q=Flights%20to%20FRA%20from%20BSB%20on%202027-04-17%20oneway,5fbdf399ed80,
2026-09-13T11:44:33-03:00,google_flights,GIG,FRA,2027-04-17,3331.0,BRL,Tap Air Portugal,Tap Air Portugal,TP 67 TP 574,1,LIS 5h25,325,1100,2027-04-17T23:00,2027-04-18T22:20,desconhecida,https://www.google.com/travel/flights?q=Flights%20to%20FRA%20from%20GIG%20on%202027-04-17%20oneway,be52c2706fef,
2026-09-13T11:44:33-03:00,google_flights,GIG,FRA,2027-04-17,3613.0,BRL,Tap Air Portugal,Tap Air Portugal,TP 67 TP 572,1,LIS 1h45,105,880,2027-04-17T23:00,2027-04-18T18:40,desconhecida,https://www.google.com/travel/flights?q=Flights%20to%20FRA%20from%20GIG%20on%202027-04-17%20oneway,343f1f9cba20,
2026-09-13T11:44:33-03:00,google_flights,BSB,FRA,2027-04-17,3641.0,BRL,LATAM,LATAM|Air Europa,LA 3409 UX 84 UX 1509,2,"SSA 4h55, MAD 4h00",240,1325,2027-04-17T14:50,2027-04-18T17:55,desconhecida,https://www.google.com/travel/flights?q=Flights%20to%20FRA%20from%20BSB%20on%202027-04-17%20oneway,290db4605188,
2026-09-13T11:44:33-03:00,google_flights,GRU,CPH,2027-04-17,3869.0,BRL,Tap Air Portugal,Tap Air Portugal,TP 82 TP 752,1,LIS 1h50,110,925,2027-04-17T15:30,2027-04-18T11:55,desconhecida,https://www.google.com/travel/flights?q=Flights%20to%20CPH%20from%20GRU%20on%202027-04-17%20oneway,11d6df5bb6af,
2026-09-13T11:44:38-03:00,google_flights,BSB,FRA,2027-04-18,3154.0,BRL,Tap Air Portugal,Tap Air Portugal,TP 58 TP 570,1,LIS 1h40,100,845,2027-04-18T17:25,2027-04-19T12:30,desconhecida,https://www.google.com/travel/flights?q=Flights%20to%20FRA%20from%20BSB%20on%202027-04-18%20oneway,36d723ede46d,
2026-09-13T11:44:38-03:00,google_flights,GRU,AMS,2027-04-18,3411.0,BRL,Air Europa,Air Europa,UX 58 UX 1091,1,MAD 2h00,120,890,2027-04-18T13:50,2027-04-19T09:40,desconhecida,https://www.google.com/travel/flights?q=Flights%20to%20AMS%20from%20GRU%20on%202027-04-18%20oneway,7c2f7b17fa24,
2026-09-13T11:44:38-03:00,google_flights,GRU,AMS,2027-04-18,4718.0,BRL,KLM,KLM,KL 792,0,,0,695,2027-04-18T21:45,2027-04-19T14:20,desconhecida,https://www.google.com/travel/flights?q=Flights%20to%20AMS%20from%20GRU%20on%202027-04-18%20oneway,12e8ac08b3e9,
2026-09-13T11:44:38-03:00,google_flights,GRU,AMS,2027-04-18,2678.0,BRL,United,United,UA 860 UA 946,1,IAD 11h05,665,1745,2027-04-18T21:30,2027-04-20T07:35,desconhecida,https://www.google.com/travel/flights?q=Flights%20to%20AMS%20from%20GRU%20on%202027-04-18%20oneway,841de97db4b7,
2026-09-13T11:44:38-03:00,google_flights,BSB,FRA,2027-04-18,3149.0,BRL,Tap Air Portugal,Tap Air Portugal,TP 58 TP 574,1,LIS 11h30,690,1435,2027-04-18T17:25,2027-04-19T22:20,desconhecida,https://www.google.com/travel/flights?q=Flights%20to%20FRA%20from%20BSB%20on%202027-04-18%20oneway,a63b18af3b7d,
2026-09-13T11:44:38-03:00,google_flights,GRU,MUC,2027-04-18,3212.0,BRL,United,United,UA 860 UA 108,1,IAD 11h00,660,1755,2027-04-18T21:30,2027-04-20T07:45,desconhecida,https://www.google.com/travel/flights?q=Flights%20to%20MUC%20from%20GRU%20on%202027-04-18%20oneway,800c3a2c3f97,
2026-09-13T11:44:38-03:00,google_flights,GRU,MUC,2027-04-18,3304.0,BRL,Air Europa,Air Europa,UX 58 UX 1515,1,MAD 2h05,125,895,2027-04-18T13:50,2027-04-19T09:45,desconhecida,https://www.google.com/travel/flights?q=Flights%20to%20MUC%20from%20GRU%20on%202027-04-18%20oneway,cac71579581b,
2026-09-13T11:44:38-03:00,google_flights,GRU,FRA,2027-04-18,3304.0,BRL,Air Europa,Air Europa,UX 58 UX 1503,1,MAD 2h00,120,895,2027-04-18T13:50,2027-04-19T09:45,desconhecida,https://www.google.com/travel/flights?q=Flights%20to%20FRA%20from%20GRU%20on%202027-04-18%20oneway,5acefc48a67a,
2026-09-13T11:44:38-03:00,google_flights,GIG,FRA,2027-04-18,3331.0,BRL,Tap Air Portugal,Tap Air Portugal,TP 72 TP 574,1,LIS 6h15,375,1150,2027-04-18T22:10,2027-04-19T22:20,desconhecida,https://www.google.com/travel/flights?q=Flights%20to%20FRA%20from%20GIG%20on%202027-04-18%20oneway,caae135e5a67,
2026-09-13T11:44:38-03:00,google_flights,GRU,AMS,2027-04-18,3712.0,BRL,Tap Air Portugal,Tap Air Portugal,TP 88 TP 672,1,LIS 4h05,245,1020,2027-04-18T20:40,2027-04-19T18:40,desconhecida,https://www.google.com/travel/flights?q=Flights%20to%20AMS%20from%20GRU%20on%202027-04-18%20oneway,5fd4cbfae9ed,
2026-09-13T11:44:38-03:00,google_flights,GIG,AMS,2027-04-18,3765.0,BRL,Tap Air Portugal,Tap Air Portugal,TP 72 TP 672,1,LIS 2h40,160,930,2027-04-18T22:10,2027-04-19T18:40,desconhecida,https://www.google.com/travel/flights?q=Flights%20to%20AMS%20from%20GIG%20on%202027-04-18%20oneway,ebb951d44e88,
2026-09-13T11:44:38-03:00,google_flights,GRU,CPH,2027-04-18,3869.0,BRL,Tap Air Portugal,Tap Air Portugal,TP 82 TP 752,1,LIS 1h50,110,925,2027-04-18T15:30,2027-04-19T11:55,desconhecida,https://www.google.com/travel/flights?q=Flights%20to%20CPH%20from%20GRU%20on%202027-04-18%20oneway,db301dc75e91,
2026-09-13T11:44:38-03:00,google_flights,GIG,CPH,2027-04-18,3927.0,BRL,Tap Air Portugal,Tap Air Portugal,TP 76 TP 752,1,LIS 1h55,115,920,2027-04-18T15:35,2027-04-19T11:55,desconhecida,https://www.google.com/travel/flights?q=Flights%20to%20CPH%20from%20GIG%20on%202027-04-18%20oneway,de47119372d9,
2026-09-13T11:44:44-03:00,google_flights,GRU,MUC,2027-04-19,3304.0,BRL,Air Europa,Air Europa,UX 58 UX 1515,1,MAD 2h05,125,895,2027-04-19T13:50,2027-04-20T09:45,desconhecida,https://www.google.com/travel/flights?q=Flights%20to%20MUC%20from%20GRU%20on%202027-04-19%20oneway,efa495909ca0,
2026-09-13T11:44:44-03:00,google_flights,BSB,BER,2027-04-19,3398.0,BRL,Tap Air Portugal,Tap Air Portugal,TP 58 TP 532,1,LIS 5h25,325,1085,2027-04-19T17:25,2027-04-20T16:30,desconhecida,https://www.google.com/travel/flights?q=Flights%20to%20BER%20from%20BSB%20on%202027-04-19%20oneway,c06362a3ff0a,
2026-09-13T11:44:44-03:00,google_flights,GRU,AMS,2027-04-19,3411.0,BRL,Air Europa,Air Europa,UX 58 UX 1091,1,MAD 2h00,120,890,2027-04-19T13:50,2027-04-20T09:40,desconhecida,https://www.google.com/travel/flights?q=Flights%20to%20AMS%20from%20GRU%20on%202027-04-19%20oneway,96c8dd0da8c7,
2026-09-13T11:44:44-03:00,google_flights,GRU,AMS,2027-04-19,2678.0,BRL,United,United,UA 860 UA 946,1,IAD 11h05,665,1745,2027-04-19T21:30,2027-04-21T07:35,desconhecida,https://www.google.com/travel/flights?q=Flights%20to%20AMS%20from%20GRU%20on%202027-04-19%20oneway,f19b816caf5c,
2026-09-13T11:44:44-03:00,google_flights,GRU,FRA,2027-04-19,3212.0,BRL,United,United,UA 860 UA 989,1,IAD 10h50,650,1730,2027-04-19T21:30,2027-04-21T07:20,desconhecida,https://www.google.com/travel/flights?q=Flights%20to%20FRA%20from%20GRU%20on%202027-04-19%20oneway,4476f0558524,
2026-09-13T11:44:44-03:00,google_flights,GRU,MUC,2027-04-19,3212.0,BRL,United,United,UA 860 UA 108,1,IAD 11h00,660,1755,2027-04-19T21:30,2027-04-21T07:45,desconhecida,https://www.google.com/travel/flights?q=Flights%20to%20MUC%20from%20GRU%20on%202027-04-19%20oneway,6b9d4d44b0f1,
2026-09-13T11:44:44-03:00,google_flights,GRU,AMS,2027-04-19,3212.0,BRL,ITA,ITA,AZ 675 AZ 110,1,FCO 7h45,465,1310,2027-04-19T14:15,2027-04-20T17:05,desconhecida,https://www.google.com/travel/flights?q=Flights%20to%20AMS%20from%20GRU%20on%202027-04-19%20oneway,c8f29bf8ee4c,
2026-09-13T11:44:44-03:00,google_flights,GRU,FRA,2027-04-19,3304.0,BRL,Air Europa,Air Europa,UX 58 UX 1503,1,MAD 2h00,120,895,2027-04-19T13:50,2027-04-20T09:45,desconhecida,https://www.google.com/travel/flights?q=Flights%20to%20FRA%20from%20GRU%20on%202027-04-19%20oneway,2ab0796500a9,
2026-09-13T11:44:44-03:00,google_flights,GIG,FRA,2027-04-19,3331.0,BRL,Tap Air Portugal,Tap Air Portugal,TP 76 TP 570,1,LIS 3h00,180,955,2027-04-19T15:35,2027-04-20T12:30,desconhecida,https://www.google.com/travel/flights?q=Flights%20to%20FRA%20from%20GIG%20on%202027-04-19%20oneway,a14fd11859c0,
2026-09-13T11:44:44-03:00,google_flights,GIG,FRA,2027-04-19,3331.0,BRL,Tap Air Portugal,Tap Air Portugal,TP 72 TP 572,1,LIS 2h35,155,930,2027-04-19T22:10,2027-04-20T18:40,desconhecida,https://www.google.com/travel/flights?q=Flights%20to%20FRA%20from%20GIG%20on%202027-04-19%20oneway,c140b9eebab4,
2026-09-13T11:44:44-03:00,google_flights,GRU,FRA,2027-04-19,3493.0,BRL,Tap Air Portugal,Tap Air Portugal,TP 84 TP 574,1,LIS 3h35,215,995,2027-04-19T00:45,2027-04-19T22:20,desconhecida,https://www.google.com/travel/flights?q=Flights%20to%20FRA%20from%20GRU%20on%202027-04-19%20oneway,08c1eb583b55,
2026-09-13T11:44:44-03:00,google_flights,GIG,BER,2027-04-19,3763.0,BRL,Tap Air Portugal,Tap Air Portugal,TP 76 TP 530,1,LIS 1h40,100,895,2027-04-19T15:35,2027-04-20T11:30,desconhecida,https://www.google.com/travel/flights?q=Flights%20to%20BER%20from%20GIG%20on%202027-04-19%20oneway,a8dc90ff0e6a,
2026-09-13T11:44:44-03:00,google_flights,GRU,CPH,2027-04-19,3869.0,BRL,Tap Air Portugal,Tap Air Portugal,TP 88 TP 754,1,LIS 1h35,95,905,2027-04-19T20:45,2027-04-20T16:50,desconhecida,https://www.google.com/travel/flights?q=Flights%20to%20CPH%20from%20GRU%20on%202027-04-19%20oneway,6dd8cd2c1f51,
2026-09-13T11:44:44-03:00,google_flights,GRU,BER,2027-04-19,3967.0,BRL,Tap Air Portugal,Tap Air Portugal,TP 88 TP 532,1,LIS 1h25,85,885,2027-04-19T20:45,2027-04-20T16:30,desconhecida,https://www.google.com/travel/flights?q=Flights%20to%20BER%20from%20GRU%20on%202027-04-19%20oneway,cbb1abe9b2fb,
2026-09-13T11:44:44-03:00,google_flights,GRU,AMS,2027-04-19,4718.0,BRL,KLM,KLM,KL 792,0,,0,695,2027-04-19T21:45,2027-04-20T14:20,desconhecida,https://www.google.com/travel/flights?q=Flights%20to%20AMS%20from%20GRU%20on%202027-04-19%20oneway,d43e59eb49ba,
2026-09-13T11:44:49-03:00,google_flights,BSB,FRA,2027-04-20,3190.0,BRL,Tap Air Portugal,Tap Air Portugal,TP 58 TP 570,1,LIS 1h45,105,845,2027-04-20T17:25,2027-04-21T12:30,desconhecida,https://www.google.com/travel/flights?q=Flights%20to%20FRA%20from%20BSB%20on%202027-04-20%20oneway,d30f00213e1c,
2026-09-13T11:44:49-03:00,google_flights,GRU,AMS,2027-04-20,3212.0,BRL,ITA,ITA,AZ 679 AZ 110,1,FCO 3h35,215,1030,2027-04-20T18:55,2027-04-21T17:05,desconhecida,https://www.google.com/travel/flights?q=Flights%20to%20AMS%20from%20GRU%20on%202027-04-20%20oneway,954c9331a37b,
2026-09-13T11:44:49-03:00,google_flights,GRU,MUC,2027-04-20,3304.0,BRL,Air Europa,Air Europa,UX 58 UX 1515,1,MAD 2h05,125,895,2027-04-20T13:50,2027-04-21T09:45,desconhecida,https://www.google.com/travel/flights?q=Flights%20to%20MUC%20from%20GRU%20on%202027-04-20%20oneway,ebb631af85ff,
2026-09-13T11:44:49-03:00,google_flights,GRU,FRA,2027-04-20,3212.0,BRL,United,United,UA 860 UA 989,1,IAD 10h50,650,1730,2027-04-20T21:30,2027-04-22T07:20,desconhecida,https://www.google.com/travel/flights?q=Flights%20to%20FRA%20from%20GRU%20on%202027-04-20%20oneway,fb57d58baeeb,
2026-09-13T11:44:49-03:00,google_flights,GRU,MUC,2027-04-20,3212.0,BRL,United,United,UA 860 UA 108,1,IAD 11h00,660,1755,2027-04-20T21:30,2027-04-22T07:45,desconhecida,https://www.google.com/travel/flights?q=Flights%20to%20MUC%20from%20GRU%20on%202027-04-20%20oneway,9293c25421f0,
2026-09-13T11:44:49-03:00,google_flights,GRU,FRA,2027-04-20,3304.0,BRL,Air Europa,Air Europa,UX 58 UX 1503,1,MAD 2h00,120,895,2027-04-20T13:50,2027-04-21T09:45,desconhecida,https://www.google.com/travel/flights?q=Flights%20to%20FRA%20from%20GRU%20on%202027-04-20%20oneway,71f776be3cfe,
2026-09-13T11:44:49-03:00,google_flights,GRU,AMS,2027-04-20,3411.0,BRL,Air Europa,Air Europa,UX 58 UX 1091,1,MAD 2h00,120,890,2027-04-20T13:50,2027-04-21T09:40,desconhecida,https://www.google.com/travel/flights?q=Flights%20to%20AMS%20from%20GRU%20on%202027-04-20%20oneway,449c11bd5a36,
2026-09-13T11:44:49-03:00,google_flights,GIG,MUC,2027-04-20,3421.0,BRL,ITA,ITA|Lufthansa,AZ 673 LH 1867,1,FCO 4h10,250,1020,2027-04-20T14:25,2027-04-21T12:25,desconhecida,https://www.google.com/travel/flights?q=Flights%20to%20MUC%20from%20GIG%20on%202027-04-20%20oneway,6f69ffedf296,
2026-09-13T11:44:49-03:00,google_flights,GIG,MUC,2027-04-20,3477.0,BRL,Tap Air Portugal,Tap Air Portugal,TP 67 TP 554,1,LIS 2h10,130,900,2027-04-20T23:00,2027-04-21T19:00,desconhecida,https://www.google.com/travel/flights?q=Flights%20to%20MUC%20from%20GIG%20on%202027-04-20%20oneway,81f89426a9f0,
2026-09-13T11:44:49-03:00,google_flights,GIG,CPH,2027-04-20,3645.0,BRL,Tap Air Portugal,Tap Air Portugal,TP 76 TP 752,1,LIS 1h55,115,920,2027-04-20T15:35,2027-04-21T11:55,desconhecida,https://www.google.com/travel/flights?q=Flights%20to%20CPH%20from%20GIG%20on%202027-04-20%20oneway,5438d0aa4e2f,
2026-09-13T11:44:49-03:00,google_flights,GRU,BER,2027-04-20,3967.0,BRL,Tap Air Portugal,Tap Air Portugal,TP 88 TP 532,1,LIS 1h25,85,885,2027-04-20T20:45,2027-04-21T16:30,desconhecida,https://www.google.com/travel/flights?q=Flights%20to%20BER%20from%20GRU%20on%202027-04-20%20oneway,f2d3e3ddad41,
2026-09-13T11:44:49-03:00,google_flights,GRU,AMS,2027-04-20,4718.0,BRL,KLM,KLM,KL 792,0,,0,695,2027-04-20T21:45,2027-04-21T14:20,desconhecida,https://www.google.com/travel/flights?q=Flights%20to%20AMS%20from%20GRU%20on%202027-04-20%20oneway,0a6fe5cc738f,
2026-09-13T11:45:02-03:00,google_flights,GRU,MUC,2027-04-18,4823.0,BRL,Air Europa,Air Europa,UX 58 UX 1515,1,MAD 2h05,125,895,2027-04-18T13:50,2027-04-19T09:45,desconhecida,https://www.google.com/travel/flights?q=Flights%20to%20MUC%20from%20GRU%20on%202027-04-18%20oneway,cac71579581b,2027-04-25
2026-09-13T11:45:02-03:00,google_flights,GRU,FRA,2027-04-18,5291.0,BRL,LATAM,LATAM,LA 8070,0,,0,705,2027-04-18T23:40,2027-04-19T16:25,desconhecida,https://www.google.com/travel/flights?q=Flights%20to%20FRA%20from%20GRU%20on%202027-04-18%20oneway,c63339d92f4a,2027-04-25
2026-09-13T11:45:02-03:00,google_flights,GRU,AMS,2027-04-18,6022.0,BRL,KLM,KLM,KL 792,0,,0,695,2027-04-18T21:45,2027-04-19T14:20,desconhecida,https://www.google.com/travel/flights?q=Flights%20to%20AMS%20from%20GRU%20on%202027-04-18%20oneway,12e8ac08b3e9,2027-04-25
2026-09-13T11:45:02-03:00,google_flights,GRU,AMS,2027-04-18,4974.0,BRL,Air Europa,Air Europa,UX 58 UX 1091,1,MAD 2h00,120,890,2027-04-18T13:50,2027-04-19T09:40,desconhecida,https://www.google.com/travel/flights?q=Flights%20to%20AMS%20from%20GRU%20on%202027-04-18%20oneway,7c2f7b17fa24,2027-04-25
2026-09-13T11:45:02-03:00,google_flights,GRU,BER,2027-04-18,5006.0,BRL,LATAM,LATAM|Finnair,LA 8084 AY 1338 AY 1431,2,"LHR 3h05, HEL 8h10",185,1635,2027-04-18T23:50,2027-04-20T08:05,desconhecida,https://www.google.com/travel/flights?q=Flights%20to%20BER%20from%20GRU%20on%202027-04-18%20oneway,6f8ac0d9e973,2027-04-25
2026-09-13T11:45:02-03:00,google_flights,GRU,BER,2027-04-18,5217.0,BRL,British Airways,British Airways,BA 246 BA 996,1,LHR 10h40,640,1440,2027-04-18T15:30,2027-04-19T20:30,desconhecida,https://www.google.com/travel/flights?q=Flights%20to%20BER%20from%20GRU%20on%202027-04-18%20oneway,c13c2ac2da40,2027-04-25
2026-09-13T11:45:02-03:00,google_flights,GRU,BER,2027-04-18,5380.0,BRL,British Airways,British Airways,BA 246 BA 990,1,LHR 4h25,265,1060,2027-04-18T15:30,2027-04-19T14:10,desconhecida,https://www.google.com/travel/flights?q=Flights%20to%20BER%20from%20GRU%20on%202027-04-18%20oneway,43302814a70a,2027-04-25
2026-09-13T11:45:02-03:00,google_flights,GIG,FRA,2027-04-18,5403.0,BRL,LATAM,LATAM,LA 3875 LA 8070,1,GRU 3h25,205,980,2027-04-18T19:05,2027-04-19T16:25,desconhecida,https://www.google.com/travel/flights?q=Flights%20to%20FRA%20from%20GIG%20on%202027-04-18%20oneway,40353665bfd1,2027-04-25
2026-09-13T11:45:02-03:00,google_flights,BSB,FRA,2027-04-18,5932.0,BRL,Tap Air Portugal,Tap Air Portugal,TP 58 TP 570,1,LIS 1h40,100,845,2027-04-18T17:25,2027-04-19T12:30,desconhecida,https://www.google.com/travel/flights?q=Flights%20to%20FRA%20from%20BSB%20on%202027-04-18%20oneway,36d723ede46d,2027-04-25
2026-09-13T11:45:02-03:00,google_flights,GRU,AMS,2027-04-18,6094.0,BRL,LATAM,LATAM,LA 8078,0,,0,710,2027-04-18T18:00,2027-04-19T10:50,desconhecida,https://www.google.com/travel/flights?q=Flights%20to%20AMS%20from%20GRU%20on%202027-04-18%20oneway,c905b06bab26,2027-04-25
2026-09-13T11:45:02-03:00,google_flights,GRU,FRA,2027-04-18,7419.0,BRL,Lufthansa,Lufthansa,LH 507,0,,0,695,2027-04-18T18:10,2027-04-19T10:45,desconhecida,https://www.google.com/travel/flights?q=Flights%20to%20FRA%20from%20GRU%20on%202027-04-18%20oneway,c1f74f26645b,2027-04-25
2026-09-13T16:11:19-03:00,google_flights,GRU,MUC,2027-04-19,3304.0,BRL,Air Europa,Air Europa,UX 58 UX 1515,1,MAD 2h05,125,895,2027-04-19T13:50,2027-04-20T09:45,desconhecida,https://www.google.com/travel/flights?q=Flights%20to%20MUC%20from%20GRU%20on%202027-04-19%20oneway,efa495909ca0,
2026-09-13T16:11:19-03:00,google_flights,GRU,AMS,2027-04-19,3411.0,BRL,Air Europa,Air Europa,UX 58 UX 1091,1,MAD 2h00,120,890,2027-04-19T13:50,2027-04-20T09:40,desconhecida,https://www.google.com/travel/flights?q=Flights%20to%20AMS%20from%20GRU%20on%202027-04-19%20oneway,96c8dd0da8c7,
2026-09-13T16:11:19-03:00,google_flights,GIG,BER,2027-04-19,3763.0,BRL,Tap Air Portugal,Tap Air Portugal,TP 76 TP 530,1,LIS 1h40,100,895,2027-04-19T15:35,2027-04-20T11:30,desconhecida,https://www.google.com/travel/flights?q=Flights%20to%20BER%20from%20GIG%20on%202027-04-19%20oneway,a8dc90ff0e6a,
2026-09-13T16:11:19-03:00,google_flights,GRU,AMS,2027-04-19,2907.0,BRL,United,United,UA 860 UA 946,1,IAD 11h05,665,1745,2027-04-19T21:30,2027-04-21T07:35,desconhecida,https://www.google.com/travel/flights?q=Flights%20to%20AMS%20from%20GRU%20on%202027-04-19%20oneway,f19b816caf5c,
2026-09-13T16:11:19-03:00,google_flights,GRU,AMS,2027-04-19,3212.0,BRL,ITA,ITA,AZ 675 AZ 110,1,FCO 7h45,465,1310,2027-04-19T14:15,2027-04-20T17:05,desconhecida,https://www.google.com/travel/flights?q=Flights%20to%20AMS%20from%20GRU%20on%202027-04-19%20oneway,c8f29bf8ee4c,
2026-09-13T16:11:19-03:00,google_flights,GRU,FRA,2027-04-19,3304.0,BRL,Air Europa,Air Europa,UX 58 UX 1503,1,MAD 2h00,120,895,2027-04-19T13:50,2027-04-20T09:45,desconhecida,https://www.google.com/travel/flights?q=Flights%20to%20FRA%20from%20GRU%20on%202027-04-19%20oneway,2ab0796500a9,
2026-09-13T16:11:19-03:00,google_flights,GIG,FRA,2027-04-19,3331.0,BRL,Tap Air Portugal,Tap Air Portugal,TP 76 TP 570,1,LIS 3h00,180,955,2027-04-19T15:35,2027-04-20T12:30,desconhecida,https://www.google.com/travel/flights?q=Flights%20to%20FRA%20from%20GIG%20on%202027-04-19%20oneway,a14fd11859c0,
2026-09-13T16:11:19-03:00,google_flights,GIG,FRA,2027-04-19,3331.0,BRL,Tap Air Portugal,Tap Air Portugal,TP 72 TP 572,1,LIS 2h35,155,930,2027-04-19T22:10,2027-04-20T18:40,desconhecida,https://www.google.com/travel/flights?q=Flights%20to%20FRA%20from%20GIG%20on%202027-04-19%20oneway,c140b9eebab4,
2026-09-13T16:11:19-03:00,google_flights,BSB,MUC,2027-04-19,3468.0,BRL,Tap Air Portugal,Tap Air Portugal,TP 58 TP 556,1,LIS 12h30,750,1505,2027-04-19T17:25,2027-04-20T23:30,desconhecida,https://www.google.com/travel/flights?q=Flights%20to%20MUC%20from%20BSB%20on%202027-04-19%20oneway,47de263beed1,
2026-09-13T16:11:19-03:00,google_flights,BSB,BER,2027-04-19,3471.0,BRL,Tap Air Portugal,Tap Air Portugal,TP 58 TP 532,1,LIS 5h25,325,1085,2027-04-19T17:25,2027-04-20T16:30,desconhecida,https://www.google.com/travel/flights?q=Flights%20to%20BER%20from%20BSB%20on%202027-04-19%20oneway,c06362a3ff0a,
2026-09-13T16:11:19-03:00,google_flights,GRU,FRA,2027-04-19,3493.0,BRL,Tap Air Portugal,Tap Air Portugal,TP 84 TP 574,1,LIS 3h35,215,995,2027-04-19T00:45,2027-04-19T22:20,desconhecida,https://www.google.com/travel/flights?q=Flights%20to%20FRA%20from%20GRU%20on%202027-04-19%20oneway,08c1eb583b55,
2026-09-13T16:11:19-03:00,google_flights,GRU,AMS,2027-04-19,3637.0,BRL,ITA,ITA,AZ 679 AZ 110,1,FCO 3h35,215,1030,2027-04-19T18:55,2027-04-20T17:05,desconhecida,https://www.google.com/travel/flights?q=Flights%20to%20AMS%20from%20GRU%20on%202027-04-19%20oneway,0a1f7b704f73,
2026-09-13T16:11:19-03:00,google_flights,GRU,CPH,2027-04-19,3869.0,BRL,Tap Air Portugal,Tap Air Portugal,TP 88 TP 754,1,LIS 1h35,95,905,2027-04-19T20:45,2027-04-20T16:50,desconhecida,https://www.google.com/travel/flights?q=Flights%20to%20CPH%20from%20GRU%20on%202027-04-19%20oneway,6dd8cd2c1f51,
2026-09-13T16:11:19-03:00,google_flights,GRU,BER,2027-04-19,3967.0,BRL,Tap Air Portugal,Tap Air Portugal,TP 88 TP 532,1,LIS 1h25,85,885,2027-04-19T20:45,2027-04-20T16:30,desconhecida,https://www.google.com/travel/flights?q=Flights%20to%20BER%20from%20GRU%20on%202027-04-19%20oneway,cbb1abe9b2fb,
2026-09-13T23:56:09-03:00,google_flights,GRU,MUC,2027-04-21,3304.0,BRL,Air Europa,Air Europa,UX 58 UX 1515,1,MAD 2h05,125,895,2027-04-21T13:50,2027-04-22T09:45,desconhecida,https://www.google.com/travel/flights?q=Flights%20to%20MUC%20from%20GRU%20on%202027-04-21%20oneway,304e39efe077,
2026-09-13T23:56:09-03:00,google_flights,BSB,BER,2027-04-21,3466.0,BRL,Tap Air Portugal,Tap Air Portugal,TP 58 TP 532,1,LIS 4h35,275,1035,2027-04-21T18:15,2027-04-22T16:30,desconhecida,https://www.google.com/travel/flights?q=Flights%20to%20BER%20from%20BSB%20on%202027-04-21%20oneway,7edb5ed8cef7,
2026-09-13T23:56:09-03:00,google_flights,BSB,MUC,2027-04-21,3468.0,BRL,Tap Air Portugal,Tap Air Portugal,TP 58 TP 552,1,LIS 1h15,75,810,2027-04-21T18:15,2027-04-22T12:45,desconhecida,https://www.google.com/travel/flights?q=Flights%20to%20MUC%20from%20BSB%20on%202027-04-21%20oneway,ba1615826e8b,
2026-09-13T23:56:09-03:00,google_flights,GRU,AMS,2027-04-21,2678.0,BRL,United,United,UA 860 UA 946,1,IAD 11h05,665,1745,2027-04-21T21:30,2027-04-23T07:35,desconhecida,https://www.google.com/travel/flights?q=Flights%20to%20AMS%20from%20GRU%20on%202027-04-21%20oneway,a5f9b8ad0512,
2026-09-13T23:56:09-03:00,google_flights,GRU,AMS,2027-04-21,2678.0,BRL,United,United,UA 844 UA 909,1,ORD 11h15,675,1810,2027-04-21T22:20,2027-04-23T09:30,desconhecida,https://www.google.com/travel/flights?q=Flights%20to%20AMS%20from%20GRU%20on%202027-04-21%20oneway,83fd411b0929,
2026-09-13T23:56:09-03:00,google_flights,GRU,CPH,2027-04-21,2914.0,BRL,United,United|Lufthansa,UA 844 UA 944 LH 826,2,"ORD 8h15, FRA 1h20",80,1795,2027-04-21T22:20,2027-04-23T09:15,desconhecida,https://www.google.com/travel/flights?q=Flights%20to%20CPH%20from%20GRU%20on%202027-04-21%20oneway,5173dcc928e7,
2026-09-13T23:56:09-03:00,google_flights,GRU,FRA,2027-04-21,3212.0,BRL,United,United,UA 844 UA 944,1,ORD 8h15,495,1630,2027-04-21T22:20,2027-04-23T06:30,desconhecida,https://www.google.com/travel/flights?q=Flights%20to%20FRA%20from%20GRU%20on%202027-04-21%20oneway,e125268cfbdc,
2026-09-13T23:56:09-03:00,google_flights,GRU,MUC,2027-04-21,3212.0,BRL,United,United|Lufthansa,UA 844 LH 437,1,ORD 8h50,530,1665,2027-04-21T22:20,2027-04-23T07:05,desconhecida,https://www.google.com/travel/flights?q=Flights%20to%20MUC%20from%20GRU%20on%202027-04-21%20oneway,31d03b4e110e,
2026-09-13T23:56:09-03:00,google_flights,BSB,FRA,2027-04-21,3243.0,BRL,Tap Air Portugal,Tap Air Portugal,TP 58 TP 574,1,LIS 10h45,645,1385,2027-04-21T18:15,2027-04-22T22:20,desconhecida,https://www.google.com/travel/flights?q=Flights%20to%20FRA%20from%20BSB%20on%202027-04-21%20oneway,8cf24b139c58,
2026-09-13T23:56:09-03:00,google_flights,BSB,FRA,2027-04-21,3248.0,BRL,Tap Air Portugal,Tap Air Portugal,TP 58 TP 572,1,LIS 7h05,425,1165,2027-04-21T18:15,2027-04-22T18:40,desconhecida,https://www.google.com/travel/flights?q=Flights%20to%20FRA%20from%20BSB%20on%202027-04-21%20oneway,1f8045e5e961,
2026-09-13T23:56:09-03:00,google_flights,GRU,FRA,2027-04-21,3304.0,BRL,Air Europa,Air Europa,UX 58 UX 1503,1,MAD 2h00,120,895,2027-04-21T13:50,2027-04-22T09:45,desconhecida,https://www.google.com/travel/flights?q=Flights%20to%20FRA%20from%20GRU%20on%202027-04-21%20oneway,22814f2ca842,
2026-09-13T23:56:09-03:00,google_flights,GIG,AMS,2027-04-21,3350.0,BRL,United,United,UA 128 UA 20,1,IAH 10h40,640,1875,2027-04-21T21:05,2027-04-23T09:20,desconhecida,https://www.google.com/travel/flights?q=Flights%20to%20AMS%20from%20GIG%20on%202027-04-21%20oneway,c3814dc77742,
2026-09-13T23:56:09-03:00,google_flights,GRU,AMS,2027-04-21,3411.0,BRL,Air Europa,Air Europa,UX 58 UX 1091,1,MAD 2h00,120,890,2027-04-21T13:50,2027-04-22T09:40,desconhecida,https://www.google.com/travel/flights?q=Flights%20to%20AMS%20from%20GRU%20on%202027-04-21%20oneway,9c22a2dad831,
2026-09-13T23:56:09-03:00,google_flights,GRU,FRA,2027-04-21,3493.0,BRL,Tap Air Portugal,Tap Air Portugal,TP 82 TP 570,1,LIS 2h55,175,960,2027-04-21T15:30,2027-04-22T12:30,desconhecida,https://www.google.com/travel/flights?q=Flights%20to%20FRA%20from%20GRU%20on%202027-04-21%20oneway,0bac21ee23e8,
2026-09-13T23:56:09-03:00,google_flights,GRU,FRA,2027-04-21,3493.0,BRL,Tap Air Portugal,Tap Air Portugal,TP 88 TP 572,1,LIS 3h55,235,1015,2027-04-21T20:45,2027-04-22T18:40,desconhecida,https://www.google.com/travel/flights?q=Flights%20to%20FRA%20from%20GRU%20on%202027-04-21%20oneway,4d7949f7e1b5,
2026-09-13T23:56:09-03:00,google_flights,GIG,VIE,2027-04-21,3655.0,BRL,Tap Air Portugal,Tap Air Portugal,TP 72 TP 1272,1,LIS 2h00,120,915,2027-04-21T22:10,2027-04-22T18:25,desconhecida,https://www.google.com/travel/flights?q=Flights%20to%20VIE%20from%20GIG%20on%202027-04-21%20oneway,1f1cef33f9a7,
2026-09-13T23:56:09-03:00,google_flights,GRU,AMS,2027-04-21,3741.0,BRL,British Airways,British Airways,BA 246 BA 430,1,LHR 1h30,90,850,2027-04-21T15:30,2027-04-22T10:40,desconhecida,https://www.google.com/travel/flights?q=Flights%20to%20AMS%20from%20GRU%20on%202027-04-21%20oneway,6a59a525fbe7,
2026-09-13T23:56:09-03:00,google_flights,GRU,MUC,2027-04-21,3758.0,BRL,ITA,ITA,AZ 675 AZ 432,1,FCO 1h45,105,895,2027-04-21T14:15,2027-04-22T10:10,desconhecida,https://www.google.com/travel/flights?q=Flights%20to%20MUC%20from%20GRU%20on%202027-04-21%20oneway,1f446cdfb4d1,
2026-09-13T23:56:09-03:00,google_flights,GIG,BER,2027-04-21,3763.0,BRL,Tap Air Portugal,Tap Air Portugal,TP 76 TP 530,1,LIS 1h40,100,895,2027-04-21T15:35,2027-04-22T11:30,desconhecida,https://www.google.com/travel/flights?q=Flights%20to%20BER%20from%20GIG%20on%202027-04-21%20oneway,936221ecd6a3,
2026-09-13T23:56:09-03:00,google_flights,GIG,MUC,2027-04-21,3842.0,BRL,ITA,ITA,AZ 673 AZ 432,1,FCO 1h55,115,885,2027-04-21T14:25,2027-04-22T10:10,desconhecida,https://www.google.com/travel/flights?q=Flights%20to%20MUC%20from%20GIG%20on%202027-04-21%20oneway,d1a88439669e,
2026-09-13T23:56:09-03:00,google_flights,GRU,CPH,2027-04-21,3869.0,BRL,Tap Air Portugal,Tap Air Portugal,TP 88 TP 754,1,LIS 1h35,95,905,2027-04-21T20:45,2027-04-22T16:50,desconhecida,https://www.google.com/travel/flights?q=Flights%20to%20CPH%20from%20GRU%20on%202027-04-21%20oneway,f657efaa9f39,
2026-09-13T23:56:09-03:00,google_flights,GRU,BER,2027-04-21,3967.0,BRL,Tap Air Portugal,Tap Air Portugal,TP 88 TP 532,1,LIS 1h25,85,885,2027-04-21T20:45,2027-04-22T16:30,desconhecida,https://www.google.com/travel/flights?q=Flights%20to%20BER%20from%20GRU%20on%202027-04-21%20oneway,80de513e57af,
2026-09-13T23:56:09-03:00,google_flights,GRU,AMS,2027-04-21,4718.0,BRL,KLM,KLM,KL 792,0,,0,695,2027-04-21T21:45,2027-04-22T14:20,desconhecida,https://www.google.com/travel/flights?q=Flights%20to%20AMS%20from%20GRU%20on%202027-04-21%20oneway,e2a05f53c049,
2026-09-13T23:56:19-03:00,google_flights,GRU,MUC,2027-04-22,3304.0,BRL,Air Europa,Air Europa,UX 58 UX 1515,1,MAD 2h05,125,895,2027-04-22T13:50,2027-04-23T09:45,desconhecida,https://www.google.com/travel/flights?q=Flights%20to%20MUC%20from%20GRU%20on%202027-04-22%20oneway,db7d0116e469,
2026-09-13T23:56:19-03:00,google_flights,GIG,MUC,2027-04-22,3415.0,BRL,ITA,ITA,AZ 673 AZ 432,1,FCO 1h55,115,885,2027-04-22T14:25,2027-04-23T10:10,desconhecida,https://www.google.com/travel/flights?q=Flights%20to%20MUC%20from%20GIG%20on%202027-04-22%20oneway,49bbcd020d85,
2026-09-13T23:56:19-03:00,google_flights,BSB,BER,2027-04-22,3785.0,BRL,Tap Air Portugal,Tap Air Portugal,TP 58 TP 530,1,LIS 1h30,90,850,2027-04-22T17:10,2027-04-23T12:20,desconhecida,https://www.google.com/travel/flights?q=Flights%20to%20BER%20from%20BSB%20on%202027-04-22%20oneway,94330108dea4,
2026-09-13T23:56:19-03:00,google_flights,GRU,AMS,2027-04-22,2678.0,BRL,United,United,UA 860 UA 946,1,IAD 11h05,665,1745,2027-04-22T21:30,2027-04-24T07:35,desconhecida,https://www.google.com/travel/flights?q=Flights%20to%20AMS%20from%20GRU%20on%202027-04-22%20oneway,34e8230fb190,
2026-09-13T23:56:19-03:00,google_flights,GRU,VIE,2027-04-22,2678.0,BRL,United,United|Austrian,UA 844 OS 46,1,ORD 9h35,575,1735,2027-04-22T22:20,2027-04-24T08:15,desconhecida,https://www.google.com/travel/flights?q=Flights%20to%20VIE%20from%20GRU%20on%202027-04-22%20oneway,6b5e221ac497,
2026-09-13T23:56:19-03:00,google_flights,GRU,AMS,2027-04-22,2678.0,BRL,United,United,UA 844 UA 909,1,ORD 11h15,675,1810,2027-04-22T22:20,2027-04-24T09:30,desconhecida,https://www.google.com/travel/flights?q=Flights%20to%20AMS%20from%20GRU%20on%202027-04-22%20oneway,a8336a47ecab,
2026-09-13T23:56:19-03:00,google_flights,GRU,AMS,2027-04-22,2820.0,BRL,United,United,UA 148 UA 70,1,EWR 11h50,710,1755,2027-04-22T21:00,2027-04-24T07:15,desconhecida,https://www.google.com/travel/flights?q=Flights%20to%20AMS%20from%20GRU%20on%202027-04-22%20oneway,0254929b3ccf,
2026-09-13T23:56:19-03:00,google_flights,GIG,AMS,2027-04-22,2836.0,BRL,United,United,UA 128 UA 20,1,IAH 10h40,640,1875,2027-04-22T21:05,2027-04-24T09:20,desconhecida,https://www.google.com/travel/flights?q=Flights%20to%20AMS%20from%20GIG%20on%202027-04-22%20oneway,03f5dad5ff81,
2026-09-13T23:56:19-03:00,google_flights,GRU,CPH,2027-04-22,2914.0,BRL,United,United|Lufthansa,UA 844 UA 944 LH 826,2,"ORD 8h15, FRA 1h20",80,1795,2027-04-22T22:20,2027-04-24T09:15,desconhecida,https://www.google.com/travel/flights?q=Flights%20to%20CPH%20from%20GRU%20on%202027-04-22%20oneway,3aa2790a61ad,
2026-09-13T23:56:19-03:00,google_flights,BSB,FRA,2027-04-22,3248.0,BRL,Tap Air Portugal,Tap Air Portugal,TP 58 TP 574,1,LIS 11h50,710,1450,2027-04-22T17:10,2027-04-23T22:20,desconhecida,https://www.google.com/travel/flights?q=Flights%20to%20FRA%20from%20BSB%20on%202027-04-22%20oneway,ce93dc6fdaa8,
2026-09-13T23:56:19-03:00,google_flights,GRU,FRA,2027-04-22,3304.0,BRL,Air Europa,Air Europa,UX 58 UX 1503,1,MAD 2h00,120,895,2027-04-22T13:50,2027-04-23T09:45,desconhecida,https://www.google.com/travel/flights?q=Flights%20to%20FRA%20from%20GRU%20on%202027-04-22%20oneway,f1969eb69575,
2026-09-13T23:56:19-03:00,google_flights,GIG,FRA,2027-04-22,3331.0,BRL,Tap Air Portugal,Tap Air Portugal,TP 67 TP 574,1,LIS 5h25,325,1100,2027-04-22T23:00,2027-04-23T22:20,desconhecida,https://www.google.com/travel/flights?q=Flights%20to%20FRA%20from%20GIG%20on%202027-04-22%20oneway,fbceafe70fd3,
2026-09-13T23:56:19-03:00,google_flights,GRU,AMS,2027-04-22,3411.0,BRL,Air Europa,Air Europa,UX 58 UX 1091,1,MAD 2h00,120,890,2027-04-22T13:50,2027-04-23T09:40,desconhecida,https://www.google.com/travel/flights?q=Flights%20to%20AMS%20from%20GRU%20on%202027-04-22%20oneway,9290da6ef6b0,
2026-09-13T23:56:19-03:00,google_flights,GIG,MUC,2027-04-22,3415.0,BRL,ITA,ITA|Lufthansa,AZ 673 LH 1873,1,FCO 1h20,80,850,2027-04-22T14:25,2027-04-23T09:35,desconhecida,https://www.google.com/travel/flights?q=Flights%20to%20MUC%20from%20GIG%20on%202027-04-22%20oneway,299780399e00,
2026-09-13T23:56:19-03:00,google_flights,BSB,FRA,2027-04-22,3468.0,BRL,Tap Air Portugal,Tap Air Portugal,TP 58 TP 570,1,LIS 2h00,120,860,2027-04-22T17:10,2027-04-23T12:30,desconhecida,https://www.google.com/travel/flights?q=Flights%20to%20FRA%20from%20BSB%20on%202027-04-22%20oneway,09fd94a52530,
2026-09-13T23:56:19-03:00,google_flights,GRU,FRA,2027-04-22,3493.0,BRL,Tap Air Portugal,Tap Air Portugal,TP 84 TP 574,1,LIS 3h35,215,995,2027-04-22T00:45,2027-04-22T22:20,desconhecida,https://www.google.com/travel/flights?q=Flights%20to%20FRA%20from%20GRU%20on%202027-04-22%20oneway,4966bd0c910b,
2026-09-13T23:56:19-03:00,google_flights,GRU,FRA,2027-04-22,3493.0,BRL,Tap Air Portugal,Tap Air Portugal,TP 88 TP 572,1,LIS 3h55,235,1015,2027-04-22T20:45,2027-04-23T18:40,desconhecida,https://www.google.com/travel/flights?q=Flights%20to%20FRA%20from%20GRU%20on%202027-04-22%20oneway,574f3b63b9d5,
2026-09-13T23:56:19-03:00,google_flights,GRU,AMS,2027-04-22,3632.0,BRL,ITA,ITA,AZ 679 AZ 110,1,FCO 3h05,185,1030,2027-04-22T18:55,2027-04-23T17:05,desconhecida,https://www.google.com/travel/flights?q=Flights%20to%20AMS%20from%20GRU%20on%202027-04-22%20oneway,403ab4a3feb2,
2026-09-13T23:56:19-03:00,google_flights,GIG,AMS,2027-04-22,3765.0,BRL,Tap Air Portugal,Tap Air Portugal,TP 67 TP 672,1,LIS 1h50,110,880,2027-04-22T23:00,2027-04-23T18:40,desconhecida,https://www.google.com/travel/flights?q=Flights%20to%20AMS%20from%20GIG%20on%202027-04-22%20oneway,10eb1445559d,
2026-09-13T23:56:19-03:00,google_flights,GRU,CPH,2027-04-22,3869.0,BRL,Tap Air Portugal,Tap Air Portugal,TP 82 TP 752,1,LIS 1h30,90,905,2027-04-22T15:30,2027-04-23T11:35,desconhecida,https://www.google.com/travel/flights?q=Flights%20to%20CPH%20from%20GRU%20on%202027-04-22%20oneway,6d1b89cee302,
2026-09-13T23:56:24-03:00,google_flights,GRU,MUC,2027-04-23,3304.0,BRL,Air Europa,Air Europa,UX 58 UX 1515,1,MAD 2h05,125,895,2027-04-23T13:50,2027-04-24T09:45,desconhecida,https://www.google.com/travel/flights?q=Flights%20to%20MUC%20from%20GRU%20on%202027-04-23%20oneway,97342844ea27,
2026-09-13T23:56:24-03:00,google_flights,GRU,AMS,2027-04-23,3411.0,BRL,Air Europa,Air Europa,UX 58 UX 1091,1,MAD 2h00,120,890,2027-04-23T13:50,2027-04-24T09:40,desconhecida,https://www.google.com/travel/flights?q=Flights%20to%20AMS%20from%20GRU%20on%202027-04-23%20oneway,0765540ef092,
2026-09-13T23:56:24-03:00,google_flights,BSB,BER,2027-04-23,3429.0,BRL,Tap Air Portugal,Tap Air Portugal,TP 58 TP 532,1,LIS 4h35,275,1035,2027-04-23T18:15,2027-04-24T16:30,desconhecida,https://www.google.com/travel/flights?q=Flights%20to%20BER%20from%20BSB%20on%202027-04-23%20oneway,cbd5482b9cc1,
2026-09-13T23:56:24-03:00,google_flights,BSB,MUC,2027-04-23,3468.0,BRL,Tap Air Portugal,Tap Air Portugal,TP 58 TP 552,1,LIS 1h15,75,810,2027-04-23T18:15,2027-04-24T12:45,desconhecida,https://www.google.com/travel/flights?q=Flights%20to%20MUC%20from%20BSB%20on%202027-04-23%20oneway,13c063c3b460,
2026-09-13T23:56:24-03:00,google_flights,BSB,FRA,2027-04-23,3190.0,BRL,Tap Air Portugal,Tap Air Portugal,TP 58 TP 574,1,LIS 10h45,645,1385,2027-04-23T18:15,2027-04-24T22:20,desconhecida,https://www.google.com/travel/flights?q=Flights%20to%20FRA%20from%20BSB%20on%202027-04-23%20oneway,2f3ad3ae5c31,
2026-09-13T23:56:24-03:00,google_flights,GRU,VIE,2027-04-23,3212.0,BRL,United,United|Austrian,UA 860 OS 42,1,IAD 11h20,680,1780,2027-04-23T21:30,2027-04-25T08:10,desconhecida,https://www.google.com/travel/flights?q=Flights%20to%20VIE%20from%20GRU%20on%202027-04-23%20oneway,66420256744c,
2026-09-13T23:56:24-03:00,google_flights,GRU,FRA,2027-04-23,3212.0,BRL,United,United,UA 844 UA 944,1,ORD 8h15,495,1630,2027-04-23T22:20,2027-04-25T06:30,desconhecida,https://www.google.com/travel/flights?q=Flights%20to%20FRA%20from%20GRU%20on%202027-04-23%20oneway,2227cb013b5e,
2026-09-13T23:56:24-03:00,google_flights,GRU,MUC,2027-04-23,3212.0,BRL,United,United|Lufthansa,UA 844 LH 437,1,ORD 8h50,530,1665,2027-04-23T22:20,2027-04-25T07:05,desconhecida,https://www.google.com/travel/flights?q=Flights%20to%20MUC%20from%20GRU%20on%202027-04-23%20oneway,78800f9ccdf9,
2026-09-13T23:56:24-03:00,google_flights,GRU,FRA,2027-04-23,3304.0,BRL,Air Europa,Air Europa,UX 58 UX 1503,1,MAD 2h00,120,895,2027-04-23T13:50,2027-04-24T09:45,desconhecida,https://www.google.com/travel/flights?q=Flights%20to%20FRA%20from%20GRU%20on%202027-04-23%20oneway,018a145e3f8c,
2026-09-13T23:56:24-03:00,google_flights,GIG,FRA,2027-04-23,3352.0,BRL,Tap Air Portugal,Tap Air Portugal,TP 72 TP 570,1,LIS 20h25,1225,2000,2027-04-23T22:10,2027-04-25T12:30,desconhecida,https://www.google.com/travel/flights?q=Flights%20to%20FRA%20from%20GIG%20on%202027-04-23%20oneway,732db51c57c7,
2026-09-13T23:56:24-03:00,google_flights,GRU,FRA,2027-04-23,3493.0,BRL,Tap Air Portugal,Tap Air Portugal,TP 84 TP 574,1,LIS 3h35,215,995,2027-04-23T00:45,2027-04-23T22:20,desconhecida,https://www.google.com/travel/flights?q=Flights%20to%20FRA%20from%20GRU%20on%202027-04-23%20oneway,811518dae145,
2026-09-13T23:56:24-03:00,google_flights,GRU,FRA,2027-04-23,3493.0,BRL,Tap Air Portugal,Tap Air Portugal,TP 88 TP 572,1,LIS 3h55,235,1015,2027-04-23T20:45,2027-04-24T18:40,desconhecida,https://www.google.com/travel/flights?q=Flights%20to%20FRA%20from%20GRU%20on%202027-04-23%20oneway,42d6f851e8ff,
2026-09-13T23:56:24-03:00,google_flights,GIG,AMS,2027-04-23,3765.0,BRL,Tap Air Portugal,Tap Air Portugal,TP 72 TP 672,1,LIS 2h40,160,930,2027-04-23T22:10,2027-04-24T18:40,desconhecida,https://www.google.com/travel/flights?q=Flights%20to%20AMS%20from%20GIG%20on%202027-04-23%20oneway,f38b0c66d6d3,
2026-09-13T23:56:24-03:00,google_flights,GIG,MUC,2027-04-23,3842.0,BRL,ITA,ITA,AZ 673 AZ 432,1,FCO 1h55,115,885,2027-04-23T14:25,2027-04-24T10:10,desconhecida,https://www.google.com/travel/flights?q=Flights%20to%20MUC%20from%20GIG%20on%202027-04-23%20oneway,10c1d26917ae,
2026-09-13T23:56:24-03:00,google_flights,GRU,CPH,2027-04-23,3869.0,BRL,Tap Air Portugal,Tap Air Portugal,TP 88 TP 754,1,LIS 1h35,95,905,2027-04-23T20:45,2027-04-24T16:50,desconhecida,https://www.google.com/travel/flights?q=Flights%20to%20CPH%20from%20GRU%20on%202027-04-23%20oneway,eb0d045f9774,
2026-09-14T13:42:40-03:00,google_flights,BSB,FRA,2027-04-13,3190.0,BRL,Tap Air Portugal,Tap Air Portugal,TP 58 TP 570,1,LIS 1h45,105,845,2027-04-13T17:25,2027-04-14T12:30,desconhecida,https://www.google.com/travel/flights?q=Flights%20to%20FRA%20from%20BSB%20on%202027-04-13%20oneway,32c4d3959239,
2026-09-14T13:42:40-03:00,google_flights,GRU,MUC,2027-04-13,3304.0,BRL,Air Europa,Air Europa,UX 58 UX 1515,1,MAD 2h05,125,895,2027-04-13T13:50,2027-04-14T09:45,desconhecida,https://www.google.com/travel/flights?q=Flights%20to%20MUC%20from%20GRU%20on%202027-04-13%20oneway,89dde1e4fb72,
2026-09-14T13:42:40-03:00,google_flights,GRU,AMS,2027-04-13,3411.0,BRL,Air Europa,Air Europa,UX 58 UX 1091,1,MAD 2h00,120,890,2027-04-13T13:50,2027-04-14T09:40,desconhecida,https://www.google.com/travel/flights?q=Flights%20to%20AMS%20from%20GRU%20on%202027-04-13%20oneway,3db0f4651e45,
2026-09-14T13:42:40-03:00,google_flights,GIG,AMS,2027-04-13,3704.0,BRL,ITA,ITA,AZ 673 AZ 108,1,FCO 1h50,110,935,2027-04-13T14:25,2027-04-14T11:00,desconhecida,https://www.google.com/travel/flights?q=Flights%20to%20AMS%20from%20GIG%20on%202027-04-13%20oneway,ea462792e723,
2026-09-14T13:42:40-03:00,google_flights,GRU,AMS,2027-04-13,2678.0,BRL,United,United,UA 860 UA 946,1,IAD 11h05,665,1745,2027-04-13T21:30,2027-04-15T07:35,desconhecida,https://www.google.com/travel/flights?q=Flights%20to%20AMS%20from%20GRU%20on%202027-04-13%20oneway,993cb09a255b,
2026-09-14T13:42:40-03:00,google_flights,BSB,FRA,2027-04-13,3185.0,BRL,Tap Air Portugal,Tap Air Portugal,TP 58 TP 574,1,LIS 11h35,695,1435,2027-04-13T17:25,2027-04-14T22:20,desconhecida,https://www.google.com/travel/flights?q=Flights%20to%20FRA%20from%20BSB%20on%202027-04-13%20oneway,f9a60dc2a6e7,
2026-09-14T13:42:40-03:00,google_flights,GRU,FRA,2027-04-13,3304.0,BRL,Air Europa,Air Europa,UX 58 UX 1503,1,MAD 2h00,120,895,2027-04-13T13:50,2027-04-14T09:45,desconhecida,https://www.google.com/travel/flights?q=Flights%20to%20FRA%20from%20GRU%20on%202027-04-13%20oneway,7216aeb19bc4,
2026-09-14T13:42:40-03:00,google_flights,GIG,FRA,2027-04-13,3352.0,BRL,Tap Air Portugal,Tap Air Portugal,TP 67 TP 570,1,LIS 19h35,1175,1950,2027-04-13T23:00,2027-04-15T12:30,desconhecida,https://www.google.com/travel/flights?q=Flights%20to%20FRA%20from%20GIG%20on%202027-04-13%20oneway,4b191a535f77,
2026-09-14T13:42:40-03:00,google_flights,GIG,MUC,2027-04-13,3477.0,BRL,Tap Air Portugal,Tap Air Portugal,TP 67 TP 554,1,LIS 2h10,130,900,2027-04-13T23:00,2027-04-14T19:00,desconhecida,https://www.google.com/travel/flights?q=Flights%20to%20MUC%20from%20GIG%20on%202027-04-13%20oneway,1480baeeffd6,
2026-09-14T13:42:40-03:00,google_flights,GIG,FRA,2027-04-13,3613.0,BRL,Tap Air Portugal,Tap Air Portugal,TP 67 TP 572,1,LIS 1h45,105,880,2027-04-13T23:00,2027-04-14T18:40,desconhecida,https://www.google.com/travel/flights?q=Flights%20to%20FRA%20from%20GIG%20on%202027-04-13%20oneway,1a6e34bfcfe3,
2026-09-14T13:42:40-03:00,google_flights,GRU,BER,2027-04-13,3967.0,BRL,Tap Air Portugal,Tap Air Portugal,TP 88 TP 532,1,LIS 1h25,85,885,2027-04-13T20:45,2027-04-14T16:30,desconhecida,https://www.google.com/travel/flights?q=Flights%20to%20BER%20from%20GRU%20on%202027-04-13%20oneway,221c7cfe14ca,
2026-09-14T13:42:40-03:00,google_flights,GRU,AMS,2027-04-13,4718.0,BRL,KLM,KLM,KL 792,0,,0,695,2027-04-13T21:45,2027-04-14T14:20,desconhecida,https://www.google.com/travel/flights?q=Flights%20to%20AMS%20from%20GRU%20on%202027-04-13%20oneway,eec57785371c,
2026-09-14T13:42:48-03:00,google_flights,GRU,MUC,2027-04-14,3304.0,BRL,Air Europa,Air Europa,UX 58 UX 1515,1,MAD 2h05,125,895,2027-04-14T13:50,2027-04-15T09:45,desconhecida,https://www.google.com/travel/flights?q=Flights%20to%20MUC%20from%20GRU%20on%202027-04-14%20oneway,7624e028df3b,
2026-09-14T13:42:48-03:00,google_flights,BSB,BER,2027-04-14,3361.0,BRL,Tap Air Portugal,Tap Air Portugal,TP 58 TP 532,1,LIS 4h35,275,1035,2027-04-14T18:15,2027-04-15T16:30,desconhecida,https://www.google.com/travel/flights?q=Flights%20to%20BER%20from%20BSB%20on%202027-04-14%20oneway,499644a01337,
2026-09-14T13:42:48-03:00,google_flights,BSB,MUC,2027-04-14,3468.0,BRL,Tap Air Portugal,Tap Air Portugal,TP 58 TP 552,1,LIS 1h15,75,810,2027-04-14T18:15,2027-04-15T12:45,desconhecida,https://www.google.com/travel/flights?q=Flights%20to%20MUC%20from%20BSB%20on%202027-04-14%20oneway,7ec990e98150,
2026-09-14T13:42:48-03:00,google_flights,BSB,FRA,2027-04-14,3164.0,BRL,Tap Air Portugal,Tap Air Portugal,TP 58 TP 574,1,LIS 10h45,645,1385,2027-04-14T18:15,2027-04-15T22:20,desconhecida,https://www.google.com/travel/flights?q=Flights%20to%20FRA%20from%20BSB%20on%202027-04-14%20oneway,393ae2ea61ce,
2026-09-14T13:42:48-03:00,google_flights,BSB,FRA,2027-04-14,3190.0,BRL,Tap Air Portugal,Tap Air Portugal,TP 58 TP 572,1,LIS 7h05,425,1165,2027-04-14T18:15,2027-04-15T18:40,desconhecida,https://www.google.com/travel/flights?q=Flights%20to%20FRA%20from%20BSB%20on%202027-04-14%20oneway,1bd221e05782,
2026-09-14T13:42:48-03:00,google_flights,GRU,FRA,2027-04-14,3304.0,BRL,Air Europa,Air Europa,UX 58 UX 1503,1,MAD 2h00,120,895,2027-04-14T13:50,2027-04-15T09:45,desconhecida,https://www.google.com/travel/flights?q=Flights%20to%20FRA%20from%20GRU%20on%202027-04-14%20oneway,42af1b8d0b20,
2026-09-14T13:42:48-03:00,google_flights,BSB,BER,2027-04-14,3330.0,BRL,Tap Air Portugal,Tap Air Portugal,TP 58 TP 534,1,LIS 10h25,625,1385,2027-04-14T18:15,2027-04-15T22:20,desconhecida,https://www.google.com/travel/flights?q=Flights%20to%20BER%20from%20BSB%20on%202027-04-14%20oneway,5212971878a7,
2026-09-14T13:42:48-03:00,google_flights,GIG,FRA,2027-04-14,3352.0,BRL,Tap Air Portugal,Tap Air Portugal,TP 72 TP 570,1,LIS 20h25,1225,2000,2027-04-14T22:10,2027-04-16T12:30,desconhecida,https://www.google.com/travel/flights?q=Flights%20to%20FRA%20from%20GIG%20on%202027-04-14%20oneway,f34be8da2fc8,
2026-09-14T13:42:48-03:00,google_flights,GRU,AMS,2027-04-14,3411.0,BRL,Air Europa,Air Europa,UX 58 UX 1091,1,MAD 2h00,120,890,2027-04-14T13:50,2027-04-15T09:40,desconhecida,https://www.google.com/travel/flights?q=Flights%20to%20AMS%20from%20GRU%20on%202027-04-14%20oneway,2e7619170711,
2026-09-14T13:42:48-03:00,google_flights,GIG,MUC,2027-04-14,3477.0,BRL,Tap Air Portugal,Tap Air Portugal,TP 72 TP 554,1,LIS 3h00,180,950,2027-04-14T22:10,2027-04-15T19:00,desconhecida,https://www.google.com/travel/flights?q=Flights%20to%20MUC%20from%20GIG%20on%202027-04-14%20oneway,7e6f39c22e9c,
2026-09-14T13:42:48-03:00,google_flights,GRU,FRA,2027-04-14,3493.0,BRL,Tap Air Portugal,Tap Air Portugal,TP 82 TP 570,1,LIS 2h55,175,960,2027-04-14T15:30,2027-04-15T12:30,desconhecida,https://www.google.com/travel/flights?q=Flights%20to%20FRA%20from%20GRU%20on%202027-04-14%20oneway,4dd555cdaeaa,
2026-09-14T13:42:48-03:00,google_flights,GRU,FRA,2027-04-14,3493.0,BRL,Tap Air Portugal,Tap Air Portugal,TP 88 TP 572,1,LIS 3h55,235,1015,2027-04-14T20:45,2027-04-15T18:40,desconhecida,https://www.google.com/travel/flights?q=Flights%20to%20FRA%20from%20GRU%20on%202027-04-14%20oneway,034fcc90f438,
2026-09-14T13:42:48-03:00,google_flights,GIG,VIE,2027-04-14,3655.0,BRL,Tap Air Portugal,Tap Air Portugal,TP 72 TP 1272,1,LIS 2h00,120,915,2027-04-14T22:10,2027-04-15T18:25,desconhecida,https://www.google.com/travel/flights?q=Flights%20to%20VIE%20from%20GIG%20on%202027-04-14%20oneway,786d6ccbbfb7,
2026-09-14T13:42:48-03:00,google_flights,GIG,BER,2027-04-14,3763.0,BRL,Tap Air Portugal,Tap Air Portugal,TP 76 TP 530,1,LIS 1h40,100,895,2027-04-14T15:35,2027-04-15T11:30,desconhecida,https://www.google.com/travel/flights?q=Flights%20to%20BER%20from%20GIG%20on%202027-04-14%20oneway,ea2decc1901e,
2026-09-14T13:42:48-03:00,google_flights,GRU,MUC,2027-04-14,3763.0,BRL,ITA,ITA,AZ 675 AZ 432,1,FCO 1h45,105,895,2027-04-14T14:15,2027-04-15T10:10,desconhecida,https://www.google.com/travel/flights?q=Flights%20to%20MUC%20from%20GRU%20on%202027-04-14%20oneway,fff3b24f5f35,
2026-09-14T13:42:48-03:00,google_flights,GIG,MUC,2027-04-14,3847.0,BRL,ITA,ITA,AZ 673 AZ 432,1,FCO 1h55,115,885,2027-04-14T14:25,2027-04-15T10:10,desconhecida,https://www.google.com/travel/flights?q=Flights%20to%20MUC%20from%20GIG%20on%202027-04-14%20oneway,9aa28d0b8710,
2026-09-14T13:42:48-03:00,google_flights,GRU,CPH,2027-04-14,3869.0,BRL,Tap Air Portugal,Tap Air Portugal,TP 88 TP 754,1,LIS 1h35,95,905,2027-04-14T20:45,2027-04-15T16:50,desconhecida,https://www.google.com/travel/flights?q=Flights%20to%20CPH%20from%20GRU%20on%202027-04-14%20oneway,8236d2e27cb0,
2026-09-14T13:42:48-03:00,google_flights,GRU,BER,2027-04-14,3967.0,BRL,Tap Air Portugal,Tap Air Portugal,TP 88 TP 532,1,LIS 1h25,85,885,2027-04-14T20:45,2027-04-15T16:30,desconhecida,https://www.google.com/travel/flights?q=Flights%20to%20BER%20from%20GRU%20on%202027-04-14%20oneway,fa9d9bfa6b27,
2026-09-14T13:42:48-03:00,google_flights,GRU,AMS,2027-04-14,4718.0,BRL,KLM,KLM,KL 792,0,,0,695,2027-04-14T21:45,2027-04-15T14:20,desconhecida,https://www.google.com/travel/flights?q=Flights%20to%20AMS%20from%20GRU%20on%202027-04-14%20oneway,a227768e07f8,
2026-09-14T13:42:48-03:00,google_flights,GRU,MUC,2027-04-14,5090.0,BRL,Lufthansa,Lufthansa,LH 505,0,,0,685,2027-04-14T20:50,2027-04-15T13:15,desconhecida,https://www.google.com/travel/flights?q=Flights%20to%20MUC%20from%20GRU%20on%202027-04-14%20oneway,5e6cf92fcf91,
2026-09-14T13:42:56-03:00,google_flights,BSB,FRA,2027-04-15,3164.0,BRL,Tap Air Portugal,Tap Air Portugal,TP 58 TP 570,1,LIS 2h00,120,860,2027-04-15T17:10,2027-04-16T12:30,desconhecida,https://www.google.com/travel/flights?q=Flights%20to%20FRA%20from%20BSB%20on%202027-04-15%20oneway,1bac683938cf,
2026-09-14T13:42:56-03:00,google_flights,GRU,MUC,2027-04-15,3304.0,BRL,Air Europa,Air Europa,UX 58 UX 1515,1,MAD 2h05,125,895,2027-04-15T13:50,2027-04-16T09:45,desconhecida,https://www.google.com/travel/flights?q=Flights%20to%20MUC%20from%20GRU%20on%202027-04-15%20oneway,ea70709f8ca6,
2026-09-14T13:42:56-03:00,google_flights,GIG,MUC,2027-04-15,3419.0,BRL,ITA,ITA|Lufthansa,AZ 673 LH 1873,1,FCO 1h20,80,850,2027-04-15T14:25,2027-04-16T09:35,desconhecida,https://www.google.com/travel/flights?q=Flights%20to%20MUC%20from%20GIG%20on%202027-04-15%20oneway,f788a825e4c4,
2026-09-14T13:42:56-03:00,google_flights,BSB,BER,2027-04-15,3471.0,BRL,Tap Air Portugal,Tap Air Portugal,TP 58 TP 530,1,LIS 1h30,90,850,2027-04-15T17:10,2027-04-16T12:20,desconhecida,https://www.google.com/travel/flights?q=Flights%20to%20BER%20from%20BSB%20on%202027-04-15%20oneway,10e5ea50537b,
2026-09-14T13:42:56-03:00,google_flights,GRU,FRA,2027-04-15,3304.0,BRL,Air Europa,Air Europa,UX 58 UX 1503,1,MAD 2h00,120,895,2027-04-15T13:50,2027-04-16T09:45,desconhecida,https://www.google.com/travel/flights?q=Flights%20to%20FRA%20from%20GRU%20on%202027-04-15%20oneway,e4e7a045f348,
2026-09-14T13:42:56-03:00,google_flights,GIG,FRA,2027-04-15,3331.0,BRL,Tap Air Portugal,Tap Air Portugal,TP 67 TP 574,1,LIS 5h25,325,1100,2027-04-15T23:00,2027-04-16T22:20,desconhecida,https://www.google.com/travel/flights?q=Flights%20to%20FRA%20from%20GIG%20on%202027-04-15%20oneway,0c58dea3cd97,
2026-09-14T13:42:56-03:00,google_flights,GRU,FRA,2027-04-15,3335.0,BRL,ITA,ITA|Lufthansa,AZ 675 LH 237,1,FCO 11h45,705,1520,2027-04-15T14:15,2027-04-16T20:35,desconhecida,https://www.google.com/travel/flights?q=Flights%20to%20FRA%20from%20GRU%20on%202027-04-15%20oneway,908fcf422bf8,
2026-09-14T13:42:56-03:00,google_flights,GRU,AMS,2027-04-15,3411.0,BRL,Air Europa,Air Europa,UX 58 UX 1091,1,MAD 2h00,120,890,2027-04-15T13:50,2027-04-16T09:40,desconhecida,https://www.google.com/travel/flights?q=Flights%20to%20AMS%20from%20GRU%20on%202027-04-15%20oneway,103601d11364,
2026-09-14T13:42:56-03:00,google_flights,GRU,AMS,2027-04-15,3638.0,BRL,ITA,ITA,AZ 675 AZ 108,1,FCO 1h40,100,945,2027-04-15T14:15,2027-04-16T11:00,desconhecida,https://www.google.com/travel/flights?q=Flights%20to%20AMS%20from%20GRU%20on%202027-04-15%20oneway,5edd2c3e0a42,
2026-09-14T13:42:56-03:00,google_flights,GIG,AMS,2027-04-15,3765.0,BRL,Tap Air Portugal,Tap Air Portugal,TP 67 TP 672,1,LIS 1h50,110,880,2027-04-15T23:00,2027-04-16T18:40,desconhecida,https://www.google.com/travel/flights?q=Flights%20to%20AMS%20from%20GIG%20on%202027-04-15%20oneway,ff715c6fc969,
2026-09-14T13:42:56-03:00,google_flights,GRU,CPH,2027-04-15,3869.0,BRL,Tap Air Portugal,Tap Air Portugal,TP 82 TP 752,1,LIS 1h30,90,905,2027-04-15T15:30,2027-04-16T11:35,desconhecida,https://www.google.com/travel/flights?q=Flights%20to%20CPH%20from%20GRU%20on%202027-04-15%20oneway,45c78dcfb0ca,
2026-09-14T13:42:56-03:00,google_flights,GIG,CPH,2027-04-15,3927.0,BRL,Tap Air Portugal,Tap Air Portugal,TP 76 TP 752,1,LIS 1h35,95,900,2027-04-15T15:35,2027-04-16T11:35,desconhecida,https://www.google.com/travel/flights?q=Flights%20to%20CPH%20from%20GIG%20on%202027-04-15%20oneway,a9403f45d45d,
2026-09-14T13:42:56-03:00,google_flights,GRU,AMS,2027-04-15,4718.0,BRL,KLM,KLM,KL 792,0,,0,695,2027-04-15T21:45,2027-04-16T14:20,desconhecida,https://www.google.com/travel/flights?q=Flights%20to%20AMS%20from%20GRU%20on%202027-04-15%20oneway,fded42f851d2,
2026-09-14T13:43:03-03:00,google_flights,GRU,MUC,2027-04-16,3304.0,BRL,Air Europa,Air Europa,UX 58 UX 1515,1,MAD 2h05,125,895,2027-04-16T13:50,2027-04-17T09:45,desconhecida,https://www.google.com/travel/flights?q=Flights%20to%20MUC%20from%20GRU%20on%202027-04-16%20oneway,2d2a5d201e53,
2026-09-14T13:43:03-03:00,google_flights,BSB,BER,2027-04-16,3403.0,BRL,Tap Air Portugal,Tap Air Portugal,TP 58 TP 532,1,LIS 4h35,275,1035,2027-04-16T18:15,2027-04-17T16:30,desconhecida,https://www.google.com/travel/flights?q=Flights%20to%20BER%20from%20BSB%20on%202027-04-16%20oneway,810284bd19b5,
2026-09-14T13:43:03-03:00,google_flights,GRU,AMS,2027-04-16,3411.0,BRL,Air Europa,Air Europa,UX 58 UX 1091,1,MAD 2h00,120,890,2027-04-16T13:50,2027-04-17T09:40,desconhecida,https://www.google.com/travel/flights?q=Flights%20to%20AMS%20from%20GRU%20on%202027-04-16%20oneway,144b19177258,
2026-09-14T13:43:03-03:00,google_flights,BSB,MUC,2027-04-16,3468.0,BRL,Tap Air Portugal,Tap Air Portugal,TP 58 TP 552,1,LIS 1h15,75,810,2027-04-16T18:15,2027-04-17T12:45,desconhecida,https://www.google.com/travel/flights?q=Flights%20to%20MUC%20from%20BSB%20on%202027-04-16%20oneway,01ba35474d69,
2026-09-14T13:43:03-03:00,google_flights,BSB,FRA,2027-04-16,3190.0,BRL,Tap Air Portugal,Tap Air Portugal,TP 58 TP 574,1,LIS 10h45,645,1385,2027-04-16T18:15,2027-04-17T22:20,desconhecida,https://www.google.com/travel/flights?q=Flights%20to%20FRA%20from%20BSB%20on%202027-04-16%20oneway,7ecaccc5d2bb,
2026-09-14T13:43:03-03:00,google_flights,GRU,FRA,2027-04-16,3304.0,BRL,Air Europa,Air Europa,UX 58 UX 1503,1,MAD 2h00,120,895,2027-04-16T13:50,2027-04-17T09:45,desconhecida,https://www.google.com/travel/flights?q=Flights%20to%20FRA%20from%20GRU%20on%202027-04-16%20oneway,831a52a03c94,
2026-09-14T13:43:03-03:00,google_flights,GIG,FRA,2027-04-16,3352.0,BRL,Tap Air Portugal,Tap Air Portugal,TP 72 TP 570,1,LIS 20h25,1225,2000,2027-04-16T22:10,2027-04-18T12:30,desconhecida,https://www.google.com/travel/flights?q=Flights%20to%20FRA%20from%20GIG%20on%202027-04-16%20oneway,99c1c9cd9640,
2026-09-14T13:43:03-03:00,google_flights,GRU,FRA,2027-04-16,3493.0,BRL,Tap Air Portugal,Tap Air Portugal,TP 84 TP 574,1,LIS 3h35,215,995,2027-04-16T00:45,2027-04-16T22:20,desconhecida,https://www.google.com/travel/flights?q=Flights%20to%20FRA%20from%20GRU%20on%202027-04-16%20oneway,e8d758931521,
2026-09-14T13:43:03-03:00,google_flights,BSB,FRA,2027-04-16,3641.0,BRL,Gol,Gol|Air Europa,G3 1720 UX 84 UX 1509,2,"SSA 22h35, MAD 4h00",240,2390,2027-04-16T21:05,2027-04-18T17:55,desconhecida,https://www.google.com/travel/flights?q=Flights%20to%20FRA%20from%20BSB%20on%202027-04-16%20oneway,faabac07bd55,
2026-09-14T13:43:03-03:00,google_flights,GRU,AMS,2027-04-16,3712.0,BRL,Tap Air Portugal,Tap Air Portugal,TP 88 TP 672,1,LIS 4h00,240,1015,2027-04-16T20:45,2027-04-17T18:40,desconhecida,https://www.google.com/travel/flights?q=Flights%20to%20AMS%20from%20GRU%20on%202027-04-16%20oneway,50cb0d455dbd,
2026-09-14T13:43:03-03:00,google_flights,GRU,CPH,2027-04-16,3869.0,BRL,Tap Air Portugal,Tap Air Portugal,TP 88 TP 754,1,LIS 1h35,95,905,2027-04-16T20:45,2027-04-17T16:50,desconhecida,https://www.google.com/travel/flights?q=Flights%20to%20CPH%20from%20GRU%20on%202027-04-16%20oneway,ee68f439a462,
2026-09-14T13:43:03-03:00,google_flights,GRU,AMS,2027-04-16,4718.0,BRL,KLM,KLM,KL 792,0,,0,695,2027-04-16T21:45,2027-04-17T14:20,desconhecida,https://www.google.com/travel/flights?q=Flights%20to%20AMS%20from%20GRU%20on%202027-04-16%20oneway,cd6d849d0be5,
2026-09-14T13:43:03-03:00,google_flights,GIG,AMS,2027-04-16,5309.0,BRL,KLM,KLM,KL 706,0,,0,690,2027-04-16T21:55,2027-04-17T14:25,desconhecida,https://www.google.com/travel/flights?q=Flights%20to%20AMS%20from%20GIG%20on%202027-04-16%20oneway,3e96cbde9cdf,
2026-09-14T13:43:24-03:00,google_flights,GRU,AMS,2027-04-18,4974.0,BRL,Air Europa,Air Europa,UX 58 UX 1091,1,MAD 2h00,120,890,2027-04-18T13:50,2027-04-19T09:40,desconhecida,https://www.google.com/travel/flights?q=Flights%20to%20AMS%20from%20GRU%20on%202027-04-18%20oneway,7c2f7b17fa24,2027-04-25
2026-09-14T13:43:24-03:00,google_flights,GRU,FRA,2027-04-18,5494.0,BRL,LATAM,LATAM,LA 8070,0,,0,705,2027-04-18T23:40,2027-04-19T16:25,desconhecida,https://www.google.com/travel/flights?q=Flights%20to%20FRA%20from%20GRU%20on%202027-04-18%20oneway,c63339d92f4a,2027-04-25
2026-09-14T13:43:24-03:00,google_flights,GRU,AMS,2027-04-18,6327.0,BRL,KLM,KLM,KL 792,0,,0,695,2027-04-18T21:45,2027-04-19T14:20,desconhecida,https://www.google.com/travel/flights?q=Flights%20to%20AMS%20from%20GRU%20on%202027-04-18%20oneway,12e8ac08b3e9,2027-04-25
2026-09-14T13:43:24-03:00,google_flights,GRU,FRA,2027-04-18,4878.0,BRL,Air Europa,Air Europa,UX 58 UX 1503,1,MAD 2h00,120,895,2027-04-18T13:50,2027-04-19T09:45,desconhecida,https://www.google.com/travel/flights?q=Flights%20to%20FRA%20from%20GRU%20on%202027-04-18%20oneway,5acefc48a67a,2027-04-25
2026-09-14T13:43:24-03:00,google_flights,GRU,MUC,2027-04-18,4976.0,BRL,Air Europa,Air Europa,UX 58 UX 1515,1,MAD 2h05,125,895,2027-04-18T13:50,2027-04-19T09:45,desconhecida,https://www.google.com/travel/flights?q=Flights%20to%20MUC%20from%20GRU%20on%202027-04-18%20oneway,cac71579581b,2027-04-25
2026-09-14T13:43:24-03:00,google_flights,GRU,BER,2027-04-18,5002.0,BRL,LATAM,LATAM|Finnair,LA 8084 AY 1338 AY 1431,2,"LHR 3h05, HEL 8h10",185,1635,2027-04-18T23:50,2027-04-20T08:05,desconhecida,https://www.google.com/travel/flights?q=Flights%20to%20BER%20from%20GRU%20on%202027-04-18%20oneway,6f8ac0d9e973,2027-04-25
2026-09-14T13:43:24-03:00,google_flights,GRU,MUC,2027-04-18,5231.0,BRL,ITA,ITA|Lufthansa,AZ 675 LH 1867,1,FCO 4h00,240,1030,2027-04-18T14:15,2027-04-19T12:25,desconhecida,https://www.google.com/travel/flights?q=Flights%20to%20MUC%20from%20GRU%20on%202027-04-18%20oneway,486571543f51,2027-04-25
2026-09-14T13:43:24-03:00,google_flights,GIG,VIE,2027-04-18,5485.0,BRL,Iberia,Iberia,IB 270 IB 793,1,MAD 2h05,125,885,2027-04-18T19:15,2027-04-19T15:00,desconhecida,https://www.google.com/travel/flights?q=Flights%20to%20VIE%20from%20GIG%20on%202027-04-18%20oneway,eb71289e3d93,2027-04-25
2026-09-14T13:43:24-03:00,google_flights,BSB,FRA,2027-04-18,5932.0,BRL,Tap Air Portugal,Tap Air Portugal,TP 58 TP 570,1,LIS 1h40,100,845,2027-04-18T17:25,2027-04-19T12:30,desconhecida,https://www.google.com/travel/flights?q=Flights%20to%20FRA%20from%20BSB%20on%202027-04-18%20oneway,36d723ede46d,2027-04-25
2026-09-14T13:43:24-03:00,google_flights,GRU,AMS,2027-04-18,6094.0,BRL,LATAM,LATAM,LA 8078,0,,0,710,2027-04-18T18:00,2027-04-19T10:50,desconhecida,https://www.google.com/travel/flights?q=Flights%20to%20AMS%20from%20GRU%20on%202027-04-18%20oneway,c905b06bab26,2027-04-25
2026-09-14T13:43:24-03:00,google_flights,GIG,AMS,2027-04-18,7371.0,BRL,KLM,KLM,KL 706,0,,0,690,2027-04-18T21:55,2027-04-19T14:25,desconhecida,https://www.google.com/travel/flights?q=Flights%20to%20AMS%20from%20GIG%20on%202027-04-18%20oneway,fd75353eff9a,2027-04-25
2026-09-14T13:43:24-03:00,google_flights,GRU,FRA,2027-04-18,7419.0,BRL,Lufthansa,Lufthansa,LH 507,0,,0,695,2027-04-18T18:10,2027-04-19T10:45,desconhecida,https://www.google.com/travel/flights?q=Flights%20to%20FRA%20from%20GRU%20on%202027-04-18%20oneway,c1f74f26645b,2027-04-25
2026-09-14T17:44:22-03:00,google_flights,GRU,MUC,2027-04-22,3304.0,BRL,Air Europa,Air Europa,UX 58 UX 1515,1,MAD 2h05,125,895,2027-04-22T13:50,2027-04-23T09:45,desconhecida,https://www.google.com/travel/flights?q=Flights%20to%20MUC%20from%20GRU%20on%202027-04-22%20oneway,db7d0116e469,
2026-09-14T17:44:22-03:00,google_flights,GIG,MUC,2027-04-22,3417.0,BRL,ITA,ITA,AZ 673 AZ 432,1,FCO 1h55,115,885,2027-04-22T14:25,2027-04-23T10:10,desconhecida,https://www.google.com/travel/flights?q=Flights%20to%20MUC%20from%20GIG%20on%202027-04-22%20oneway,49bbcd020d85,
2026-09-14T17:44:22-03:00,google_flights,BSB,BER,2027-04-22,3743.0,BRL,Tap Air Portugal,Tap Air Portugal,TP 58 TP 530,1,LIS 1h30,90,850,2027-04-22T17:10,2027-04-23T12:20,desconhecida,https://www.google.com/travel/flights?q=Flights%20to%20BER%20from%20BSB%20on%202027-04-22%20oneway,94330108dea4,
2026-09-14T17:44:22-03:00,google_flights,GRU,AMS,2027-04-22,2678.0,BRL,United,United,UA 860 UA 946,1,IAD 11h05,665,1745,2027-04-22T21:30,2027-04-24T07:35,desconhecida,https://www.google.com/travel/flights?q=Flights%20to%20AMS%20from%20GRU%20on%202027-04-22%20oneway,34e8230fb190,
2026-09-14T17:44:22-03:00,google_flights,GRU,VIE,2027-04-22,2678.0,BRL,United,United|Austrian,UA 844 OS 46,1,ORD 9h35,575,1735,2027-04-22T22:20,2027-04-24T08:15,desconhecida,https://www.google.com/travel/flights?q=Flights%20to%20VIE%20from%20GRU%20on%202027-04-22%20oneway,6b5e221ac497,
2026-09-14T17:44:22-03:00,google_flights,GRU,AMS,2027-04-22,2678.0,BRL,United,United,UA 844 UA 909,1,ORD 11h15,675,1810,2027-04-22T22:20,2027-04-24T09:30,desconhecida,https://www.google.com/travel/flights?q=Flights%20to%20AMS%20from%20GRU%20on%202027-04-22%20oneway,a8336a47ecab,
2026-09-14T17:44:22-03:00,google_flights,GIG,AMS,2027-04-22,2836.0,BRL,United,United,UA 128 UA 20,1,IAH 10h40,640,1875,2027-04-22T21:05,2027-04-24T09:20,desconhecida,https://www.google.com/travel/flights?q=Flights%20to%20AMS%20from%20GIG%20on%202027-04-22%20oneway,03f5dad5ff81,
2026-09-14T17:44:22-03:00,google_flights,GRU,CPH,2027-04-22,2914.0,BRL,United,United|Lufthansa,UA 844 UA 944 LH 826,2,"ORD 8h15, FRA 1h20",80,1795,2027-04-22T22:20,2027-04-24T09:15,desconhecida,https://www.google.com/travel/flights?q=Flights%20to%20CPH%20from%20GRU%20on%202027-04-22%20oneway,3aa2790a61ad,
2026-09-14T17:44:22-03:00,google_flights,BSB,FRA,2027-04-22,3185.0,BRL,Tap Air Portugal,Tap Air Portugal,TP 58 TP 574,1,LIS 11h50,710,1450,2027-04-22T17:10,2027-04-23T22:20,desconhecida,https://www.google.com/travel/flights?q=Flights%20to%20FRA%20from%20BSB%20on%202027-04-22%20oneway,ce93dc6fdaa8,
2026-09-14T17:44:22-03:00,google_flights,GRU,FRA,2027-04-22,3304.0,BRL,Air Europa,Air Europa,UX 58 UX 1503,1,MAD 2h00,120,895,2027-04-22T13:50,2027-04-23T09:45,desconhecida,https://www.google.com/travel/flights?q=Flights%20to%20FRA%20from%20GRU%20on%202027-04-22%20oneway,f1969eb69575,
2026-09-14T17:44:22-03:00,google_flights,GIG,FRA,2027-04-22,3331.0,BRL,Tap Air Portugal,Tap Air Portugal,TP 67 TP 574,1,LIS 5h25,325,1100,2027-04-22T23:00,2027-04-23T22:20,desconhecida,https://www.google.com/travel/flights?q=Flights%20to%20FRA%20from%20GIG%20on%202027-04-22%20oneway,fbceafe70fd3,
2026-09-14T17:44:22-03:00,google_flights,GRU,AMS,2027-04-22,3411.0,BRL,Air Europa,Air Europa,UX 58 UX 1091,1,MAD 2h00,120,890,2027-04-22T13:50,2027-04-23T09:40,desconhecida,https://www.google.com/travel/flights?q=Flights%20to%20AMS%20from%20GRU%20on%202027-04-22%20oneway,9290da6ef6b0,
2026-09-14T17:44:22-03:00,google_flights,GIG,MUC,2027-04-22,3417.0,BRL,ITA,ITA|Lufthansa,AZ 673 LH 1873,1,FCO 1h20,80,850,2027-04-22T14:25,2027-04-23T09:35,desconhecida,https://www.google.com/travel/flights?q=Flights%20to%20MUC%20from%20GIG%20on%202027-04-22%20oneway,299780399e00,
2026-09-14T17:44:22-03:00,google_flights,BSB,FRA,2027-04-22,3462.0,BRL,Tap Air Portugal,Tap Air Portugal,TP 58 TP 570,1,LIS 2h00,120,860,2027-04-22T17:10,2027-04-23T12:30,desconhecida,https://www.google.com/travel/flights?q=Flights%20to%20FRA%20from%20BSB%20on%202027-04-22%20oneway,09fd94a52530,
2026-09-14T17:44:22-03:00,google_flights,GRU,FRA,2027-04-22,3493.0,BRL,Tap Air Portugal,Tap Air Portugal,TP 88 TP 572,1,LIS 3h55,235,1015,2027-04-22T20:45,2027-04-23T18:40,desconhecida,https://www.google.com/travel/flights?q=Flights%20to%20FRA%20from%20GRU%20on%202027-04-22%20oneway,574f3b63b9d5,
2026-09-14T17:44:22-03:00,google_flights,GIG,AMS,2027-04-22,3765.0,BRL,Tap Air Portugal,Tap Air Portugal,TP 67 TP 672,1,LIS 1h50,110,880,2027-04-22T23:00,2027-04-23T18:40,desconhecida,https://www.google.com/travel/flights?q=Flights%20to%20AMS%20from%20GIG%20on%202027-04-22%20oneway,10eb1445559d,
2026-09-14T17:44:22-03:00,google_flights,GRU,CPH,2027-04-22,3869.0,BRL,Tap Air Portugal,Tap Air Portugal,TP 82 TP 752,1,LIS 1h30,90,905,2027-04-22T15:30,2027-04-23T11:35,desconhecida,https://www.google.com/travel/flights?q=Flights%20to%20CPH%20from%20GRU%20on%202027-04-22%20oneway,6d1b89cee302,
2026-09-14T17:44:22-03:00,google_flights,GRU,AMS,2027-04-22,4718.0,BRL,KLM,KLM,KL 792,0,,0,695,2027-04-22T21:45,2027-04-23T14:20,desconhecida,https://www.google.com/travel/flights?q=Flights%20to%20AMS%20from%20GRU%20on%202027-04-22%20oneway,06b0b0165473,
2026-09-14T23:56:28-03:00,google_flights,BSB,FRA,2027-04-17,3248.0,BRL,Tap Air Portugal,Tap Air Portugal,TP 58 TP 570,1,LIS 2h00,120,860,2027-04-17T17:10,2027-04-18T12:30,desconhecida,https://www.google.com/travel/flights?q=Flights%20to%20FRA%20from%20BSB%20on%202027-04-17%20oneway,28f22ccb09f2,
2026-09-14T23:56:28-03:00,google_flights,GRU,MUC,2027-04-17,3304.0,BRL,Air Europa,Air Europa,UX 58 UX 1515,1,MAD 2h05,125,895,2027-04-17T13:50,2027-04-18T09:45,desconhecida,https://www.google.com/travel/flights?q=Flights%20to%20MUC%20from%20GRU%20on%202027-04-17%20oneway,8ba6bf437bb1,
2026-09-14T23:56:28-03:00,google_flights,GRU,FRA,2027-04-17,3304.0,BRL,Air Europa,Air Europa,UX 58 UX 1503,1,MAD 2h00,120,895,2027-04-17T13:50,2027-04-18T09:45,desconhecida,https://www.google.com/travel/flights?q=Flights%20to%20FRA%20from%20GRU%20on%202027-04-17%20oneway,0ec89e82a78d,
2026-09-14T23:56:28-03:00,google_flights,GRU,AMS,2027-04-17,3411.0,BRL,Air Europa,Air Europa,UX 58 UX 1091,1,MAD 2h00,120,890,2027-04-17T13:50,2027-04-18T09:40,desconhecida,https://www.google.com/travel/flights?q=Flights%20to%20AMS%20from%20GRU%20on%202027-04-17%20oneway,d388ebf4e88b,
2026-09-14T23:56:28-03:00,google_flights,BSB,FRA,2027-04-17,3169.0,BRL,Tap Air Portugal,Tap Air Portugal,TP 58 TP 574,1,LIS 11h50,710,1450,2027-04-17T17:10,2027-04-18T22:20,desconhecida,https://www.google.com/travel/flights?q=Flights%20to%20FRA%20from%20BSB%20on%202027-04-17%20oneway,5fbdf399ed80,
2026-09-14T23:56:28-03:00,google_flights,GIG,FRA,2027-04-17,3331.0,BRL,Tap Air Portugal,Tap Air Portugal,TP 67 TP 574,1,LIS 5h25,325,1100,2027-04-17T23:00,2027-04-18T22:20,desconhecida,https://www.google.com/travel/flights?q=Flights%20to%20FRA%20from%20GIG%20on%202027-04-17%20oneway,be52c2706fef,
2026-09-14T23:56:28-03:00,google_flights,GIG,FRA,2027-04-17,3613.0,BRL,Tap Air Portugal,Tap Air Portugal,TP 67 TP 572,1,LIS 1h45,105,880,2027-04-17T23:00,2027-04-18T18:40,desconhecida,https://www.google.com/travel/flights?q=Flights%20to%20FRA%20from%20GIG%20on%202027-04-17%20oneway,343f1f9cba20,
2026-09-14T23:56:28-03:00,google_flights,BSB,FRA,2027-04-17,3641.0,BRL,LATAM,LATAM|Air Europa,LA 3409 UX 84 UX 1509,2,"SSA 4h55, MAD 4h00",240,1325,2027-04-17T14:50,2027-04-18T17:55,desconhecida,https://www.google.com/travel/flights?q=Flights%20to%20FRA%20from%20BSB%20on%202027-04-17%20oneway,290db4605188,
2026-09-14T23:56:28-03:00,google_flights,GRU,CPH,2027-04-17,3869.0,BRL,Tap Air Portugal,Tap Air Portugal,TP 82 TP 752,1,LIS 1h50,110,925,2027-04-17T15:30,2027-04-18T11:55,desconhecida,https://www.google.com/travel/flights?q=Flights%20to%20CPH%20from%20GRU%20on%202027-04-17%20oneway,11d6df5bb6af,
2026-09-14T23:56:34-03:00,google_flights,BSB,FRA,2027-04-18,3154.0,BRL,Tap Air Portugal,Tap Air Portugal,TP 58 TP 570,1,LIS 1h40,100,845,2027-04-18T17:25,2027-04-19T12:30,desconhecida,https://www.google.com/travel/flights?q=Flights%20to%20FRA%20from%20BSB%20on%202027-04-18%20oneway,36d723ede46d,
2026-09-14T23:56:34-03:00,google_flights,GRU,AMS,2027-04-18,3411.0,BRL,Air Europa,Air Europa,UX 58 UX 1091,1,MAD 2h00,120,890,2027-04-18T13:50,2027-04-19T09:40,desconhecida,https://www.google.com/travel/flights?q=Flights%20to%20AMS%20from%20GRU%20on%202027-04-18%20oneway,7c2f7b17fa24,
2026-09-14T23:56:34-03:00,google_flights,GRU,AMS,2027-04-18,4718.0,BRL,KLM,KLM,KL 792,0,,0,695,2027-04-18T21:45,2027-04-19T14:20,desconhecida,https://www.google.com/travel/flights?q=Flights%20to%20AMS%20from%20GRU%20on%202027-04-18%20oneway,12e8ac08b3e9,
2026-09-14T23:56:34-03:00,google_flights,BSB,FRA,2027-04-18,3149.0,BRL,Tap Air Portugal,Tap Air Portugal,TP 58 TP 574,1,LIS 11h30,690,1435,2027-04-18T17:25,2027-04-19T22:20,desconhecida,https://www.google.com/travel/flights?q=Flights%20to%20FRA%20from%20BSB%20on%202027-04-18%20oneway,a63b18af3b7d,
2026-09-14T23:56:34-03:00,google_flights,GRU,MUC,2027-04-18,3304.0,BRL,Air Europa,Air Europa,UX 58 UX 1515,1,MAD 2h05,125,895,2027-04-18T13:50,2027-04-19T09:45,desconhecida,https://www.google.com/travel/flights?q=Flights%20to%20MUC%20from%20GRU%20on%202027-04-18%20oneway,cac71579581b,
2026-09-14T23:56:34-03:00,google_flights,GRU,FRA,2027-04-18,3304.0,BRL,Air Europa,Air Europa,UX 58 UX 1503,1,MAD 2h00,120,895,2027-04-18T13:50,2027-04-19T09:45,desconhecida,https://www.google.com/travel/flights?q=Flights%20to%20FRA%20from%20GRU%20on%202027-04-18%20oneway,5acefc48a67a,
2026-09-14T23:56:34-03:00,google_flights,GIG,FRA,2027-04-18,3331.0,BRL,Tap Air Portugal,Tap Air Portugal,TP 72 TP 574,1,LIS 6h15,375,1150,2027-04-18T22:10,2027-04-19T22:20,desconhecida,https://www.google.com/travel/flights?q=Flights%20to%20FRA%20from%20GIG%20on%202027-04-18%20oneway,caae135e5a67,
2026-09-14T23:56:34-03:00,google_flights,GRU,AMS,2027-04-18,3365.0,BRL,United,United,UA 860 UA 946,1,IAD 11h05,665,1745,2027-04-18T21:30,2027-04-20T07:35,desconhecida,https://www.google.com/travel/flights?q=Flights%20to%20AMS%20from%20GRU%20on%202027-04-18%20oneway,841de97db4b7,
2026-09-14T23:56:34-03:00,google_flights,GRU,AMS,2027-04-18,3712.0,BRL,Tap Air Portugal,Tap Air Portugal,TP 88 TP 672,1,LIS 4h05,245,1020,2027-04-18T20:40,2027-04-19T18:40,desconhecida,https://www.google.com/travel/flights?q=Flights%20to%20AMS%20from%20GRU%20on%202027-04-18%20oneway,5fd4cbfae9ed,
2026-09-14T23:56:34-03:00,google_flights,GIG,AMS,2027-04-18,3765.0,BRL,Tap Air Portugal,Tap Air Portugal,TP 72 TP 672,1,LIS 2h40,160,930,2027-04-18T22:10,2027-04-19T18:40,desconhecida,https://www.google.com/travel/flights?q=Flights%20to%20AMS%20from%20GIG%20on%202027-04-18%20oneway,ebb951d44e88,
2026-09-14T23:56:34-03:00,google_flights,GRU,CPH,2027-04-18,3869.0,BRL,Tap Air Portugal,Tap Air Portugal,TP 82 TP 752,1,LIS 1h50,110,925,2027-04-18T15:30,2027-04-19T11:55,desconhecida,https://www.google.com/travel/flights?q=Flights%20to%20CPH%20from%20GRU%20on%202027-04-18%20oneway,db301dc75e91,
2026-09-14T23:56:34-03:00,google_flights,GIG,CPH,2027-04-18,3927.0,BRL,Tap Air Portugal,Tap Air Portugal,TP 76 TP 752,1,LIS 1h55,115,920,2027-04-18T15:35,2027-04-19T11:55,desconhecida,https://www.google.com/travel/flights?q=Flights%20to%20CPH%20from%20GIG%20on%202027-04-18%20oneway,de47119372d9,
2026-09-14T23:56:40-03:00,google_flights,GRU,MUC,2027-04-19,3304.0,BRL,Air Europa,Air Europa,UX 58 UX 1515,1,MAD 2h05,125,895,2027-04-19T13:50,2027-04-20T09:45,desconhecida,https://www.google.com/travel/flights?q=Flights%20to%20MUC%20from%20GRU%20on%202027-04-19%20oneway,efa495909ca0,
2026-09-14T23:56:40-03:00,google_flights,BSB,BER,2027-04-19,3398.0,BRL,Tap Air Portugal,Tap Air Portugal,TP 58 TP 532,1,LIS 5h25,325,1085,2027-04-19T17:25,2027-04-20T16:30,desconhecida,https://www.google.com/travel/flights?q=Flights%20to%20BER%20from%20BSB%20on%202027-04-19%20oneway,c06362a3ff0a,
2026-09-14T23:56:40-03:00,google_flights,GRU,AMS,2027-04-19,3411.0,BRL,Air Europa,Air Europa,UX 58 UX 1091,1,MAD 2h00,120,890,2027-04-19T13:50,2027-04-20T09:40,desconhecida,https://www.google.com/travel/flights?q=Flights%20to%20AMS%20from%20GRU%20on%202027-04-19%20oneway,96c8dd0da8c7,
2026-09-14T23:56:40-03:00,google_flights,GRU,AMS,2027-04-19,2907.0,BRL,United,United,UA 860 UA 946,1,IAD 11h05,665,1745,2027-04-19T21:30,2027-04-21T07:35,desconhecida,https://www.google.com/travel/flights?q=Flights%20to%20AMS%20from%20GRU%20on%202027-04-19%20oneway,f19b816caf5c,
2026-09-14T23:56:40-03:00,google_flights,GRU,FRA,2027-04-19,3304.0,BRL,Air Europa,Air Europa,UX 58 UX 1503,1,MAD 2h00,120,895,2027-04-19T13:50,2027-04-20T09:45,desconhecida,https://www.google.com/travel/flights?q=Flights%20to%20FRA%20from%20GRU%20on%202027-04-19%20oneway,2ab0796500a9,
2026-09-14T23:56:40-03:00,google_flights,GIG,FRA,2027-04-19,3331.0,BRL,Tap Air Portugal,Tap Air Portugal,TP 76 TP 570,1,LIS 3h00,180,955,2027-04-19T15:35,2027-04-20T12:30,desconhecida,https://www.google.com/travel/flights?q=Flights%20to%20FRA%20from%20GIG%20on%202027-04-19%20oneway,a14fd11859c0,
2026-09-14T23:56:40-03:00,google_flights,GIG,FRA,2027-04-19,3331.0,BRL,Tap Air Portugal,Tap Air Portugal,TP 72 TP 572,1,LIS 2h35,155,930,2027-04-19T22:10,2027-04-20T18:40,desconhecida,https://www.google.com/travel/flights?q=Flights%20to%20FRA%20from%20GIG%20on%202027-04-19%20oneway,c140b9eebab4,
2026-09-14T23:56:40-03:00,google_flights,GRU,FRA,2027-04-19,3493.0,BRL,Tap Air Portugal,Tap Air Portugal,TP 84 TP 574,1,LIS 3h35,215,995,2027-04-19T00:45,2027-04-19T22:20,desconhecida,https://www.google.com/travel/flights?q=Flights%20to%20FRA%20from%20GRU%20on%202027-04-19%20oneway,08c1eb583b55,
2026-09-14T23:56:40-03:00,google_flights,GIG,BER,2027-04-19,3763.0,BRL,Tap Air Portugal,Tap Air Portugal,TP 76 TP 530,1,LIS 1h40,100,895,2027-04-19T15:35,2027-04-20T11:30,desconhecida,https://www.google.com/travel/flights?q=Flights%20to%20BER%20from%20GIG%20on%202027-04-19%20oneway,a8dc90ff0e6a,
2026-09-14T23:56:40-03:00,google_flights,GRU,CPH,2027-04-19,3869.0,BRL,Tap Air Portugal,Tap Air Portugal,TP 88 TP 754,1,LIS 1h35,95,905,2027-04-19T20:45,2027-04-20T16:50,desconhecida,https://www.google.com/travel/flights?q=Flights%20to%20CPH%20from%20GRU%20on%202027-04-19%20oneway,6dd8cd2c1f51,
2026-09-14T23:56:40-03:00,google_flights,GRU,BER,2027-04-19,3967.0,BRL,Tap Air Portugal,Tap Air Portugal,TP 88 TP 532,1,LIS 1h25,85,885,2027-04-19T20:45,2027-04-20T16:30,desconhecida,https://www.google.com/travel/flights?q=Flights%20to%20BER%20from%20GRU%20on%202027-04-19%20oneway,cbb1abe9b2fb,
2026-09-14T23:56:40-03:00,google_flights,GRU,AMS,2027-04-19,4718.0,BRL,KLM,KLM,KL 792,0,,0,695,2027-04-19T21:45,2027-04-20T14:20,desconhecida,https://www.google.com/travel/flights?q=Flights%20to%20AMS%20from%20GRU%20on%202027-04-19%20oneway,d43e59eb49ba,
2026-09-15T12:20:57-03:00,google_flights,BSB,FRA,2027-04-20,3235.0,BRL,Tap Air Portugal,Tap Air Portugal,TP 58 TP 570,1,LIS 1h45,105,845,2027-04-20T17:25,2027-04-21T12:30,desconhecida,https://www.google.com/travel/flights?q=Flights%20to%20FRA%20from%20BSB%20on%202027-04-20%20oneway,d30f00213e1c,
2026-09-15T12:20:57-03:00,google_flights,GRU,MUC,2027-04-20,3352.0,BRL,Air Europa,Air Europa,UX 58 UX 1515,1,MAD 2h05,125,895,2027-04-20T13:50,2027-04-21T09:45,desconhecida,https://www.google.com/travel/flights?q=Flights%20to%20MUC%20from%20GRU%20on%202027-04-20%20oneway,ebb631af85ff,
2026-09-15T12:20:57-03:00,google_flights,BSB,BER,2027-04-20,3430.0,BRL,Tap Air Portugal,Tap Air Portugal,TP 58 TP 530,1,LIS 1h25,85,845,2027-04-20T17:25,2027-04-21T12:30,desconhecida,https://www.google.com/travel/flights?q=Flights%20to%20BER%20from%20BSB%20on%202027-04-20%20oneway,a955879f6eae,
2026-09-15T12:20:57-03:00,google_flights,GRU,FRA,2027-04-20,3260.0,BRL,United,United,UA 860 UA 989,1,IAD 10h50,650,1730,2027-04-20T21:30,2027-04-22T07:20,desconhecida,https://www.google.com/travel/flights?q=Flights%20to%20FRA%20from%20GRU%20on%202027-04-20%20oneway,fb57d58baeeb,
2026-09-15T12:20:57-03:00,google_flights,GRU,MUC,2027-04-20,3260.0,BRL,United,United,UA 860 UA 108,1,IAD 11h00,660,1755,2027-04-20T21:30,2027-04-22T07:45,desconhecida,https://www.google.com/travel/flights?q=Flights%20to%20MUC%20from%20GRU%20on%202027-04-20%20oneway,9293c25421f0,
2026-09-15T12:20:57-03:00,google_flights,GRU,FRA,2027-04-20,3340.0,BRL,ITA,ITA,AZ 679 AZ 404,1,FCO 4h35,275,1065,2027-04-20T18:55,2027-04-21T17:40,desconhecida,https://www.google.com/travel/flights?q=Flights%20to%20FRA%20from%20GRU%20on%202027-04-20%20oneway,ea92c851ebaa,
2026-09-15T12:20:57-03:00,google_flights,GRU,FRA,2027-04-20,3352.0,BRL,Air Europa,Air Europa,UX 58 UX 1503,1,MAD 2h00,120,895,2027-04-20T13:50,2027-04-21T09:45,desconhecida,https://www.google.com/travel/flights?q=Flights%20to%20FRA%20from%20GRU%20on%202027-04-20%20oneway,71f776be3cfe,
2026-09-15T12:20:57-03:00,google_flights,GIG,FRA,2027-04-20,3399.0,BRL,Tap Air Portugal,Tap Air Portugal,TP 67 TP 570,1,LIS 19h35,1175,1950,2027-04-20T23:00,2027-04-22T12:30,desconhecida,https://www.google.com/travel/flights?q=Flights%20to%20FRA%20from%20GIG%20on%202027-04-20%20oneway,a2583bc01463,
2026-09-15T12:20:57-03:00,google_flights,GRU,AMS,2027-04-20,3461.0,BRL,Air Europa,Air Europa,UX 58 UX 1091,1,MAD 2h00,120,890,2027-04-20T13:50,2027-04-21T09:40,desconhecida,https://www.google.com/travel/flights?q=Flights%20to%20AMS%20from%20GRU%20on%202027-04-20%20oneway,449c11bd5a36,
2026-09-15T12:20:57-03:00,google_flights,GIG,MUC,2027-04-20,3527.0,BRL,Tap Air Portugal,Tap Air Portugal,TP 67 TP 554,1,LIS 2h10,130,900,2027-04-20T23:00,2027-04-21T19:00,desconhecida,https://www.google.com/travel/flights?q=Flights%20to%20MUC%20from%20GIG%20on%202027-04-20%20oneway,81f89426a9f0,
2026-09-15T12:20:57-03:00,google_flights,GIG,CPH,2027-04-20,3697.0,BRL,Tap Air Portugal,Tap Air Portugal,TP 76 TP 752,1,LIS 1h55,115,920,2027-04-20T15:35,2027-04-21T11:55,desconhecida,https://www.google.com/travel/flights?q=Flights%20to%20CPH%20from%20GIG%20on%202027-04-20%20oneway,5438d0aa4e2f,
2026-09-15T12:20:57-03:00,google_flights,GIG,AMS,2027-04-20,3819.0,BRL,Tap Air Portugal,Tap Air Portugal,TP 67 TP 672,1,LIS 1h50,110,880,2027-04-20T23:00,2027-04-21T18:40,desconhecida,https://www.google.com/travel/flights?q=Flights%20to%20AMS%20from%20GIG%20on%202027-04-20%20oneway,b90c2318d5fc,
2026-09-15T12:20:57-03:00,google_flights,GRU,BER,2027-04-20,4024.0,BRL,Tap Air Portugal,Tap Air Portugal,TP 88 TP 532,1,LIS 1h25,85,885,2027-04-20T20:45,2027-04-21T16:30,desconhecida,https://www.google.com/travel/flights?q=Flights%20to%20BER%20from%20GRU%20on%202027-04-20%20oneway,f2d3e3ddad41,
2026-09-15T12:20:57-03:00,google_flights,GRU,AMS,2027-04-20,4789.0,BRL,KLM,KLM,KL 792,0,,0,695,2027-04-20T21:45,2027-04-21T14:20,desconhecida,https://www.google.com/travel/flights?q=Flights%20to%20AMS%20from%20GRU%20on%202027-04-20%20oneway,0a6fe5cc738f,
2026-09-15T12:21:04-03:00,google_flights,GRU,MUC,2027-04-21,3352.0,BRL,Air Europa,Air Europa,UX 58 UX 1515,1,MAD 2h05,125,895,2027-04-21T13:50,2027-04-22T09:45,desconhecida,https://www.google.com/travel/flights?q=Flights%20to%20MUC%20from%20GRU%20on%202027-04-21%20oneway,304e39efe077,
2026-09-15T12:21:04-03:00,google_flights,GIG,MUC,2027-04-21,3424.0,BRL,ITA,ITA,AZ 673 AZ 432,1,FCO 1h55,115,885,2027-04-21T14:25,2027-04-22T10:10,desconhecida,https://www.google.com/travel/flights?q=Flights%20to%20MUC%20from%20GIG%20on%202027-04-21%20oneway,d1a88439669e,
2026-09-15T12:21:04-03:00,google_flights,BSB,MUC,2027-04-21,3517.0,BRL,Tap Air Portugal,Tap Air Portugal,TP 58 TP 552,1,LIS 1h15,75,810,2027-04-21T18:15,2027-04-22T12:45,desconhecida,https://www.google.com/travel/flights?q=Flights%20to%20MUC%20from%20BSB%20on%202027-04-21%20oneway,ba1615826e8b,
2026-09-15T12:21:04-03:00,google_flights,GRU,AMS,2027-04-21,2718.0,BRL,United,United,UA 860 UA 946,1,IAD 11h05,665,1745,2027-04-21T21:30,2027-04-23T07:35,desconhecida,https://www.google.com/travel/flights?q=Flights%20to%20AMS%20from%20GRU%20on%202027-04-21%20oneway,a5f9b8ad0512,
2026-09-15T12:21:04-03:00,google_flights,GRU,AMS,2027-04-21,2718.0,BRL,United,United,UA 844 UA 909,1,ORD 11h15,675,1810,2027-04-21T22:20,2027-04-23T09:30,desconhecida,https://www.google.com/travel/flights?q=Flights%20to%20AMS%20from%20GRU%20on%202027-04-21%20oneway,83fd411b0929,
2026-09-15T12:21:04-03:00,google_flights,GRU,FRA,2027-04-21,3260.0,BRL,United,United,UA 844 UA 944,1,ORD 8h15,495,1630,2027-04-21T22:20,2027-04-23T06:30,desconhecida,https://www.google.com/travel/flights?q=Flights%20to%20FRA%20from%20GRU%20on%202027-04-21%20oneway,e125268cfbdc,
2026-09-15T12:21:04-03:00,google_flights,GRU,MUC,2027-04-21,3260.0,BRL,United,United|Lufthansa,UA 844 LH 437,1,ORD 8h50,530,1665,2027-04-21T22:20,2027-04-23T07:05,desconhecida,https://www.google.com/travel/flights?q=Flights%20to%20MUC%20from%20GRU%20on%202027-04-21%20oneway,31d03b4e110e,
2026-09-15T12:21:04-03:00,google_flights,BSB,FRA,2027-04-21,3283.0,BRL,Tap Air Portugal,Tap Air Portugal,TP 58 TP 574,1,LIS 10h45,645,1385,2027-04-21T18:15,2027-04-22T22:20,desconhecida,https://www.google.com/travel/flights?q=Flights%20to%20FRA%20from%20BSB%20on%202027-04-21%20oneway,8cf24b139c58,
2026-09-15T12:21:04-03:00,google_flights,BSB,FRA,2027-04-21,3294.0,BRL,Tap Air Portugal,Tap Air Portugal,TP 58 TP 572,1,LIS 7h05,425,1165,2027-04-21T18:15,2027-04-22T18:40,desconhecida,https://www.google.com/travel/flights?q=Flights%20to%20FRA%20from%20BSB%20on%202027-04-21%20oneway,1f8045e5e961,
2026-09-15T12:21:04-03:00,google_flights,GRU,MUC,2027-04-21,3340.0,BRL,ITA,ITA|Lufthansa,AZ 675 LH 1869,1,FCO 9h05,545,1335,2027-04-21T14:15,2027-04-22T17:30,desconhecida,https://www.google.com/travel/flights?q=Flights%20to%20MUC%20from%20GRU%20on%202027-04-21%20oneway,4c265e9b9c54,
2026-09-15T12:21:04-03:00,google_flights,GRU,FRA,2027-04-21,3352.0,BRL,Air Europa,Air Europa,UX 58 UX 1503,1,MAD 2h00,120,895,2027-04-21T13:50,2027-04-22T09:45,desconhecida,https://www.google.com/travel/flights?q=Flights%20to%20FRA%20from%20GRU%20on%202027-04-21%20oneway,22814f2ca842,
2026-09-15T12:21:04-03:00,google_flights,GIG,FRA,2027-04-21,3399.0,BRL,Tap Air Portugal,Tap Air Portugal,TP 72 TP 570,1,LIS 20h25,1225,2000,2027-04-21T22:10,2027-04-23T12:30,desconhecida,https://www.google.com/travel/flights?q=Flights%20to%20FRA%20from%20GIG%20on%202027-04-21%20oneway,37d3898c79a3,
2026-09-15T12:21:04-03:00,google_flights,GRU,AMS,2027-04-21,3461.0,BRL,Air Europa,Air Europa,UX 58 UX 1091,1,MAD 2h00,120,890,2027-04-21T13:50,2027-04-22T09:40,desconhecida,https://www.google.com/travel/flights?q=Flights%20to%20AMS%20from%20GRU%20on%202027-04-21%20oneway,9c22a2dad831,
2026-09-15T12:21:04-03:00,google_flights,BSB,BER,2027-04-21,3515.0,BRL,Tap Air Portugal,Tap Air Portugal,TP 58 TP 532,1,LIS 4h35,275,1035,2027-04-21T18:15,2027-04-22T16:30,desconhecida,https://www.google.com/travel/flights?q=Flights%20to%20BER%20from%20BSB%20on%202027-04-21%20oneway,7edb5ed8cef7,
2026-09-15T12:21:04-03:00,google_flights,GRU,FRA,2027-04-21,3543.0,BRL,Tap Air Portugal,Tap Air Portugal,TP 82 TP 570,1,LIS 2h55,175,960,2027-04-21T15:30,2027-04-22T12:30,desconhecida,https://www.google.com/travel/flights?q=Flights%20to%20FRA%20from%20GRU%20on%202027-04-21%20oneway,0bac21ee23e8,
2026-09-15T12:21:04-03:00,google_flights,GRU,FRA,2027-04-21,3543.0,BRL,Tap Air Portugal,Tap Air Portugal,TP 88 TP 572,1,LIS 3h55,235,1015,2027-04-21T20:45,2027-04-22T18:40,desconhecida,https://www.google.com/travel/flights?q=Flights%20to%20FRA%20from%20GRU%20on%202027-04-21%20oneway,4d7949f7e1b5,
2026-09-15T12:21:04-03:00,google_flights,GIG,VIE,2027-04-21,3707.0,BRL,Tap Air Portugal,Tap Air Portugal,TP 72 TP 1272,1,LIS 2h00,120,915,2027-04-21T22:10,2027-04-22T18:25,desconhecida,https://www.google.com/travel/flights?q=Flights%20to%20VIE%20from%20GIG%20on%202027-04-21%20oneway,1f1cef33f9a7,
2026-09-15T12:21:04-03:00,google_flights,GIG,BER,2027-04-21,3817.0,BRL,Tap Air Portugal,Tap Air Portugal,TP 76 TP 530,1,LIS 1h40,100,895,2027-04-21T15:35,2027-04-22T11:30,desconhecida,https://www.google.com/travel/flights?q=Flights%20to%20BER%20from%20GIG%20on%202027-04-21%20oneway,936221ecd6a3,
2026-09-15T12:21:04-03:00,google_flights,GRU,AMS,2027-04-21,3852.0,BRL,British Airways,British Airways,BA 246 BA 430,1,LHR 1h30,90,850,2027-04-21T15:30,2027-04-22T10:40,desconhecida,https://www.google.com/travel/flights?q=Flights%20to%20AMS%20from%20GRU%20on%202027-04-21%20oneway,6a59a525fbe7,
2026-09-15T12:21:04-03:00,google_flights,GRU,CPH,2027-04-21,3925.0,BRL,Tap Air Portugal,Tap Air Portugal,TP 88 TP 754,1,LIS 1h35,95,905,2027-04-21T20:45,2027-04-22T16:50,desconhecida,https://www.google.com/travel/flights?q=Flights%20to%20CPH%20from%20GRU%20on%202027-04-21%20oneway,f657efaa9f39,
2026-09-15T12:21:04-03:00,google_flights,GRU,BER,2027-04-21,4024.0,BRL,Tap Air Portugal,Tap Air Portugal,TP 88 TP 532,1,LIS 1h25,85,885,2027-04-21T20:45,2027-04-22T16:30,desconhecida,https://www.google.com/travel/flights?q=Flights%20to%20BER%20from%20GRU%20on%202027-04-21%20oneway,80de513e57af,
2026-09-15T12:21:04-03:00,google_flights,GRU,AMS,2027-04-21,4789.0,BRL,KLM,KLM,KL 792,0,,0,695,2027-04-21T21:45,2027-04-22T14:20,desconhecida,https://www.google.com/travel/flights?q=Flights%20to%20AMS%20from%20GRU%20on%202027-04-21%20oneway,e2a05f53c049,
2026-09-15T12:21:11-03:00,google_flights,GRU,MUC,2027-04-22,3352.0,BRL,Air Europa,Air Europa,UX 58 UX 1515,1,MAD 2h05,125,895,2027-04-22T13:50,2027-04-23T09:45,desconhecida,https://www.google.com/travel/flights?q=Flights%20to%20MUC%20from%20GRU%20on%202027-04-22%20oneway,db7d0116e469,
2026-09-15T12:21:11-03:00,google_flights,GIG,MUC,2027-04-22,3424.0,BRL,ITA,ITA,AZ 673 AZ 432,1,FCO 1h55,115,885,2027-04-22T14:25,2027-04-23T10:10,desconhecida,https://www.google.com/travel/flights?q=Flights%20to%20MUC%20from%20GIG%20on%202027-04-22%20oneway,49bbcd020d85,
2026-09-15T12:21:11-03:00,google_flights,BSB,BER,2027-04-22,3796.0,BRL,Tap Air Portugal,Tap Air Portugal,TP 58 TP 530,1,LIS 1h30,90,850,2027-04-22T17:10,2027-04-23T12:20,desconhecida,https://www.google.com/travel/flights?q=Flights%20to%20BER%20from%20BSB%20on%202027-04-22%20oneway,94330108dea4,
2026-09-15T12:21:11-03:00,google_flights,GRU,AMS,2027-04-22,2718.0,BRL,United,United,UA 860 UA 946,1,IAD 11h05,665,1745,2027-04-22T21:30,2027-04-24T07:35,desconhecida,https://www.google.com/travel/flights?q=Flights%20to%20AMS%20from%20GRU%20on%202027-04-22%20oneway,34e8230fb190,
2026-09-15T12:21:11-03:00,google_flights,GRU,VIE,2027-04-22,2718.0,BRL,United,United|Austrian,UA 844 OS 46,1,ORD 9h35,575,1735,2027-04-22T22:20,2027-04-24T08:15,desconhecida,https://www.google.com/travel/flights?q=Flights%20to%20VIE%20from%20GRU%20on%202027-04-22%20oneway,6b5e221ac497,
2026-09-15T12:21:11-03:00,google_flights,GRU,AMS,2027-04-22,2718.0,BRL,United,United,UA 844 UA 909,1,ORD 11h15,675,1810,2027-04-22T22:20,2027-04-24T09:30,desconhecida,https://www.google.com/travel/flights?q=Flights%20to%20AMS%20from%20GRU%20on%202027-04-22%20oneway,a8336a47ecab,
2026-09-15T12:21:11-03:00,google_flights,GIG,AMS,2027-04-22,2878.0,BRL,United,United,UA 128 UA 20,1,IAH 10h40,640,1875,2027-04-22T21:05,2027-04-24T09:20,desconhecida,https://www.google.com/travel/flights?q=Flights%20to%20AMS%20from%20GIG%20on%202027-04-22%20oneway,03f5dad5ff81,
2026-09-15T12:21:11-03:00,google_flights,GRU,CPH,2027-04-22,2952.0,BRL,United,United|Lufthansa,UA 844 UA 944 LH 826,2,"ORD 8h15, FRA 1h20",80,1795,2027-04-22T22:20,2027-04-24T09:15,desconhecida,https://www.google.com/travel/flights?q=Flights%20to%20CPH%20from%20GRU%20on%202027-04-22%20oneway,3aa2790a61ad,
2026-09-15T12:21:11-03:00,google_flights,BSB,FRA,2027-04-22,3230.0,BRL,Tap Air Portugal,Tap Air Portugal,TP 58 TP 574,1,LIS 11h50,710,1450,2027-04-22T17:10,2027-04-23T22:20,desconhecida,https://www.google.com/travel/flights?q=Flights%20to%20FRA%20from%20BSB%20on%202027-04-22%20oneway,ce93dc6fdaa8,
2026-09-15T12:21:11-03:00,google_flights,GRU,FRA,2027-04-22,3352.0,BRL,Air Europa,Air Europa,UX 58 UX 1503,1,MAD 2h00,120,895,2027-04-22T13:50,2027-04-23T09:45,desconhecida,https://www.google.com/travel/flights?q=Flights%20to%20FRA%20from%20GRU%20on%202027-04-22%20oneway,f1969eb69575,
2026-09-15T12:21:11-03:00,google_flights,GIG,FRA,2027-04-22,3378.0,BRL,Tap Air Portugal,Tap Air Portugal,TP 67 TP 574,1,LIS 5h25,325,1100,2027-04-22T23:00,2027-04-23T22:20,desconhecida,https://www.google.com/travel/flights?q=Flights%20to%20FRA%20from%20GIG%20on%202027-04-22%20oneway,fbceafe70fd3,
2026-09-15T12:21:11-03:00,google_flights,GIG,MUC,2027-04-22,3424.0,BRL,ITA,ITA|Lufthansa,AZ 673 LH 1873,1,FCO 1h20,80,850,2027-04-22T14:25,2027-04-23T09:35,desconhecida,https://www.google.com/travel/flights?q=Flights%20to%20MUC%20from%20GIG%20on%202027-04-22%20oneway,299780399e00,
2026-09-15T12:21:11-03:00,google_flights,GRU,AMS,2027-04-22,3461.0,BRL,Air Europa,Air Europa,UX 58 UX 1091,1,MAD 2h00,120,890,2027-04-22T13:50,2027-04-23T09:40,desconhecida,https://www.google.com/travel/flights?q=Flights%20to%20AMS%20from%20GRU%20on%202027-04-22%20oneway,9290da6ef6b0,
2026-09-15T12:21:11-03:00,google_flights,BSB,FRA,2027-04-22,3512.0,BRL,Tap Air Portugal,Tap Air Portugal,TP 58 TP 570,1,LIS 2h00,120,860,2027-04-22T17:10,2027-04-23T12:30,desconhecida,https://www.google.com/travel/flights?q=Flights%20to%20FRA%20from%20BSB%20on%202027-04-22%20oneway,09fd94a52530,
2026-09-15T12:21:11-03:00,google_flights,GRU,FRA,2027-04-22,3543.0,BRL,Tap Air Portugal,Tap Air Portugal,TP 88 TP 572,1,LIS 3h55,235,1015,2027-04-22T20:45,2027-04-23T18:40,desconhecida,https://www.google.com/travel/flights?q=Flights%20to%20FRA%20from%20GRU%20on%202027-04-22%20oneway,574f3b63b9d5,
2026-09-15T12:21:11-03:00,google_flights,GIG,AMS,2027-04-22,3819.0,BRL,Tap Air Portugal,Tap Air Portugal,TP 67 TP 672,1,LIS 1h50,110,880,2027-04-22T23:00,2027-04-23T18:40,desconhecida,https://www.google.com/travel/flights?q=Flights%20to%20AMS%20from%20GIG%20on%202027-04-22%20oneway,10eb1445559d,
2026-09-15T12:21:11-03:00,google_flights,GRU,CPH,2027-04-22,3925.0,BRL,Tap Air Portugal,Tap Air Portugal,TP 82 TP 752,1,LIS 1h30,90,905,2027-04-22T15:30,2027-04-23T11:35,desconhecida,https://www.google.com/travel/flights?q=Flights%20to%20CPH%20from%20GRU%20on%202027-04-22%20oneway,6d1b89cee302,
2026-09-15T12:21:11-03:00,google_flights,GRU,AMS,2027-04-22,4789.0,BRL,KLM,KLM,KL 792,0,,0,695,2027-04-22T21:45,2027-04-23T14:20,desconhecida,https://www.google.com/travel/flights?q=Flights%20to%20AMS%20from%20GRU%20on%202027-04-22%20oneway,06b0b0165473,
2026-09-15T12:21:16-03:00,google_flights,GRU,MUC,2027-04-23,3352.0,BRL,Air Europa,Air Europa,UX 58 UX 1515,1,MAD 2h05,125,895,2027-04-23T13:50,2027-04-24T09:45,desconhecida,https://www.google.com/travel/flights?q=Flights%20to%20MUC%20from%20GRU%20on%202027-04-23%20oneway,97342844ea27,
2026-09-15T12:21:16-03:00,google_flights,GRU,FRA,2027-04-23,3352.0,BRL,Air Europa,Air Europa,UX 58 UX 1503,1,MAD 2h00,120,895,2027-04-23T13:50,2027-04-24T09:45,desconhecida,https://www.google.com/travel/flights?q=Flights%20to%20FRA%20from%20GRU%20on%202027-04-23%20oneway,018a145e3f8c,
2026-09-15T12:21:16-03:00,google_flights,GRU,AMS,2027-04-23,3461.0,BRL,Air Europa,Air Europa,UX 58 UX 1091,1,MAD 2h00,120,890,2027-04-23T13:50,2027-04-24T09:40,desconhecida,https://www.google.com/travel/flights?q=Flights%20to%20AMS%20from%20GRU%20on%202027-04-23%20oneway,0765540ef092,
2026-09-15T12:21:16-03:00,google_flights,BSB,MUC,2027-04-23,3517.0,BRL,Tap Air Portugal,Tap Air Portugal,TP 58 TP 552,1,LIS 1h15,75,810,2027-04-23T18:15,2027-04-24T12:45,desconhecida,https://www.google.com/travel/flights?q=Flights%20to%20MUC%20from%20BSB%20on%202027-04-23%20oneway,13c063c3b460,
2026-09-15T12:21:16-03:00,google_flights,GIG,MUC,2027-04-23,3858.0,BRL,ITA,ITA,AZ 673 AZ 432,1,FCO 1h55,115,885,2027-04-23T14:25,2027-04-24T10:10,desconhecida,https://www.google.com/travel/flights?q=Flights%20to%20MUC%20from%20GIG%20on%202027-04-23%20oneway,10c1d26917ae,
2026-09-15T12:21:16-03:00,google_flights,GRU,AMS,2027-04-23,2862.0,BRL,United,United,UA 844 UA 909,1,ORD 11h15,675,1810,2027-04-23T22:20,2027-04-25T09:30,desconhecida,https://www.google.com/travel/flights?q=Flights%20to%20AMS%20from%20GRU%20on%202027-04-23%20oneway,db6f8521cb22,
2026-09-15T12:21:16-03:00,google_flights,BSB,FRA,2027-04-23,3235.0,BRL,Tap Air Portugal,Tap Air Portugal,TP 58 TP 574,1,LIS 10h45,645,1385,2027-04-23T18:15,2027-04-24T22:20,desconhecida,https://www.google.com/travel/flights?q=Flights%20to%20FRA%20from%20BSB%20on%202027-04-23%20oneway,2f3ad3ae5c31,
2026-09-15T12:21:16-03:00,google_flights,GRU,MUC,2027-04-23,3260.0,BRL,United,United|Lufthansa,UA 844 LH 437,1,ORD 8h50,530,1665,2027-04-23T22:20,2027-04-25T07:05,desconhecida,https://www.google.com/travel/flights?q=Flights%20to%20MUC%20from%20GRU%20on%202027-04-23%20oneway,78800f9ccdf9,
2026-09-15T12:21:16-03:00,google_flights,GRU,VIE,2027-04-23,3260.0,BRL,United,United|Austrian,UA 844 OS 46,1,ORD 9h35,575,1735,2027-04-23T22:20,2027-04-25T08:15,desconhecida,https://www.google.com/travel/flights?q=Flights%20to%20VIE%20from%20GRU%20on%202027-04-23%20oneway,3bd91e6d9805,
2026-09-15T12:21:16-03:00,google_flights,GIG,FRA,2027-04-23,3399.0,BRL,Tap Air Portugal,Tap Air Portugal,TP 72 TP 570,1,LIS 20h25,1225,2000,2027-04-23T22:10,2027-04-25T12:30,desconhecida,https://www.google.com/travel/flights?q=Flights%20to%20FRA%20from%20GIG%20on%202027-04-23%20oneway,732db51c57c7,
2026-09-15T12:21:16-03:00,google_flights,GRU,FRA,2027-04-23,3543.0,BRL,Tap Air Portugal,Tap Air Portugal,TP 84 TP 574,1,LIS 3h35,215,995,2027-04-23T00:45,2027-04-23T22:20,desconhecida,https://www.google.com/travel/flights?q=Flights%20to%20FRA%20from%20GRU%20on%202027-04-23%20oneway,811518dae145,
2026-09-15T12:21:16-03:00,google_flights,GRU,FRA,2027-04-23,3543.0,BRL,Tap Air Portugal,Tap Air Portugal,TP 88 TP 572,1,LIS 3h55,235,1015,2027-04-23T20:45,2027-04-24T18:40,desconhecida,https://www.google.com/travel/flights?q=Flights%20to%20FRA%20from%20GRU%20on%202027-04-23%20oneway,42d6f851e8ff,
2026-09-15T12:21:16-03:00,google_flights,GIG,AMS,2027-04-23,3819.0,BRL,Tap Air Portugal,Tap Air Portugal,TP 72 TP 672,1,LIS 2h40,160,930,2027-04-23T22:10,2027-04-24T18:40,desconhecida,https://www.google.com/travel/flights?q=Flights%20to%20AMS%20from%20GIG%20on%202027-04-23%20oneway,f38b0c66d6d3,
2026-09-15T12:21:16-03:00,google_flights,GRU,CPH,2027-04-23,3925.0,BRL,Tap Air Portugal,Tap Air Portugal,TP 88 TP 754,1,LIS 1h35,95,905,2027-04-23T20:45,2027-04-24T16:50,desconhecida,https://www.google.com/travel/flights?q=Flights%20to%20CPH%20from%20GRU%20on%202027-04-23%20oneway,eb0d045f9774,
2026-09-15T12:21:25-03:00,google_flights,GRU,MUC,2027-04-18,4879.0,BRL,Air Europa,Air Europa,UX 58 UX 1515,1,MAD 2h05,125,895,2027-04-18T13:50,2027-04-19T09:45,desconhecida,https://www.google.com/travel/flights?q=Flights%20to%20MUC%20from%20GRU%20on%202027-04-18%20oneway,cac71579581b,2027-04-25
2026-09-15T12:21:25-03:00,google_flights,GRU,FRA,2027-04-18,5562.0,BRL,LATAM,LATAM,LA 8070,0,,0,705,2027-04-18T23:40,2027-04-19T16:25,desconhecida,https://www.google.com/travel/flights?q=Flights%20to%20FRA%20from%20GRU%20on%202027-04-18%20oneway,c63339d92f4a,2027-04-25
2026-09-15T12:21:25-03:00,google_flights,GRU,AMS,2027-04-18,6402.0,BRL,KLM,KLM,KL 792,0,,0,695,2027-04-18T21:45,2027-04-19T14:20,desconhecida,https://www.google.com/travel/flights?q=Flights%20to%20AMS%20from%20GRU%20on%202027-04-18%20oneway,12e8ac08b3e9,2027-04-25
2026-09-15T12:21:25-03:00,google_flights,GRU,BER,2027-04-18,4758.0,BRL,LATAM,LATAM|Finnair,LA 8084 AY 1338 AY 1431,2,"LHR 3h05, HEL 8h10",185,1635,2027-04-18T23:50,2027-04-20T08:05,desconhecida,https://www.google.com/travel/flights?q=Flights%20to%20BER%20from%20GRU%20on%202027-04-18%20oneway,6f8ac0d9e973,2027-04-25
2026-09-15T12:21:25-03:00,google_flights,GRU,VIE,2027-04-18,4932.0,BRL,Iberia,Iberia,IB 268 IB 793,1,MAD 6h25,385,1190,2027-04-18T14:10,2027-04-19T15:00,desconhecida,https://www.google.com/travel/flights?q=Flights%20to%20VIE%20from%20GRU%20on%202027-04-18%20oneway,e29bb7f184dd,2027-04-25
2026-09-15T12:21:25-03:00,google_flights,GRU,AMS,2027-04-18,5029.0,BRL,Air Europa,Air Europa,UX 58 UX 1091,1,MAD 2h00,120,890,2027-04-18T13:50,2027-04-19T09:40,desconhecida,https://www.google.com/travel/flights?q=Flights%20to%20AMS%20from%20GRU%20on%202027-04-18%20oneway,7c2f7b17fa24,2027-04-25
2026-09-15T12:21:25-03:00,google_flights,GRU,BER,2027-04-18,5380.0,BRL,Iberia,Iberia,IB 268 IB 781,1,MAD 1h55,115,925,2027-04-18T14:10,2027-04-19T10:35,desconhecida,https://www.google.com/travel/flights?q=Flights%20to%20BER%20from%20GRU%20on%202027-04-18%20oneway,df6b9b6d398f,2027-04-25
2026-09-15T12:21:25-03:00,google_flights,GIG,VIE,2027-04-18,5554.0,BRL,Iberia,Iberia,IB 270 IB 797,1,MAD 10h00,600,1360,2027-04-18T19:15,2027-04-19T22:55,desconhecida,https://www.google.com/travel/flights?q=Flights%20to%20VIE%20from%20GIG%20on%202027-04-18%20oneway,0f10dfe7d2c3,2027-04-25
2026-09-15T12:21:25-03:00,google_flights,GIG,MUC,2027-04-18,5896.0,BRL,ITA,ITA,AZ 673 AZ 432,1,FCO 1h55,115,885,2027-04-18T14:25,2027-04-19T10:10,desconhecida,https://www.google.com/travel/flights?q=Flights%20to%20MUC%20from%20GIG%20on%202027-04-18%20oneway,0e6000bb0e0b,2027-04-25
2026-09-15T12:21:25-03:00,google_flights,BSB,FRA,2027-04-18,6001.0,BRL,Tap Air Portugal,Tap Air Portugal,TP 58 TP 570,1,LIS 1h40,100,845,2027-04-18T17:25,2027-04-19T12:30,desconhecida,https://www.google.com/travel/flights?q=Flights%20to%20FRA%20from%20BSB%20on%202027-04-18%20oneway,36d723ede46d,2027-04-25
2026-09-15T12:21:25-03:00,google_flights,GRU,AMS,2027-04-18,6227.0,BRL,LATAM,LATAM,LA 8078,0,,0,710,2027-04-18T18:00,2027-04-19T10:50,desconhecida,https://www.google.com/travel/flights?q=Flights%20to%20AMS%20from%20GRU%20on%202027-04-18%20oneway,c905b06bab26,2027-04-25
2026-09-15T16:58:39-03:00,google_flights,GRU,MUC,2027-04-22,3352.0,BRL,Air Europa,Air Europa,UX 58 UX 1515,1,MAD 2h05,125,895,2027-04-22T13:50,2027-04-23T09:45,desconhecida,https://www.google.com/travel/flights?q=Flights%20to%20MUC%20from%20GRU%20on%202027-04-22%20oneway,db7d0116e469,
2026-09-15T16:58:39-03:00,google_flights,GIG,MUC,2027-04-22,3424.0,BRL,ITA,ITA|Lufthansa,AZ 673 LH 1873,1,FCO 1h20,80,850,2027-04-22T14:25,2027-04-23T09:35,desconhecida,https://www.google.com/travel/flights?q=Flights%20to%20MUC%20from%20GIG%20on%202027-04-22%20oneway,299780399e00,
2026-09-15T16:58:39-03:00,google_flights,BSB,BER,2027-04-22,3796.0,BRL,Tap Air Portugal,Tap Air Portugal,TP 58 TP 530,1,LIS 1h30,90,850,2027-04-22T17:10,2027-04-23T12:20,desconhecida,https://www.google.com/travel/flights?q=Flights%20to%20BER%20from%20BSB%20on%202027-04-22%20oneway,94330108dea4,
2026-09-15T16:58:39-03:00,google_flights,GRU,AMS,2027-04-22,2718.0,BRL,United,United,UA 860 UA 946,1,IAD 11h05,665,1745,2027-04-22T21:30,2027-04-24T07:35,desconhecida,https://www.google.com/travel/flights?q=Flights%20to%20AMS%20from%20GRU%20on%202027-04-22%20oneway,34e8230fb190,
2026-09-15T16:58:39-03:00,google_flights,GRU,VIE,2027-04-22,2718.0,BRL,United,United|Austrian,UA 844 OS 46,1,ORD 9h35,575,1735,2027-04-22T22:20,2027-04-24T08:15,desconhecida,https://www.google.com/travel/flights?q=Flights%20to%20VIE%20from%20GRU%20on%202027-04-22%20oneway,6b5e221ac497,
2026-09-15T16:58:39-03:00,google_flights,GRU,AMS,2027-04-22,2718.0,BRL,United,United,UA 844 UA 909,1,ORD 11h15,675,1810,2027-04-22T22:20,2027-04-24T09:30,desconhecida,https://www.google.com/travel/flights?q=Flights%20to%20AMS%20from%20GRU%20on%202027-04-22%20oneway,a8336a47ecab,
2026-09-15T16:58:39-03:00,google_flights,GIG,AMS,2027-04-22,2878.0,BRL,United,United,UA 128 UA 20,1,IAH 10h40,640,1875,2027-04-22T21:05,2027-04-24T09:20,desconhecida,https://www.google.com/travel/flights?q=Flights%20to%20AMS%20from%20GIG%20on%202027-04-22%20oneway,03f5dad5ff81,
2026-09-15T16:58:39-03:00,google_flights,GRU,CPH,2027-04-22,2952.0,BRL,United,United|Lufthansa,UA 844 UA 944 LH 826,2,"ORD 8h15, FRA 1h20",80,1795,2027-04-22T22:20,2027-04-24T09:15,desconhecida,https://www.google.com/travel/flights?q=Flights%20to%20CPH%20from%20GRU%20on%202027-04-22%20oneway,3aa2790a61ad,
2026-09-15T16:58:39-03:00,google_flights,BSB,FRA,2027-04-22,3230.0,BRL,Tap Air Portugal,Tap Air Portugal,TP 58 TP 574,1,LIS 11h50,710,1450,2027-04-22T17:10,2027-04-23T22:20,desconhecida,https://www.google.com/travel/flights?q=Flights%20to%20FRA%20from%20BSB%20on%202027-04-22%20oneway,ce93dc6fdaa8,
2026-09-15T16:58:39-03:00,google_flights,GRU,FRA,2027-04-22,3340.0,BRL,ITA,ITA|Lufthansa,AZ 675 LH 233,1,FCO 6h30,390,1205,2027-04-22T14:15,2027-04-23T15:20,desconhecida,https://www.google.com/travel/flights?q=Flights%20to%20FRA%20from%20GRU%20on%202027-04-22%20oneway,48699bbc280f,
2026-09-15T16:58:39-03:00,google_flights,GRU,FRA,2027-04-22,3352.0,BRL,Air Europa,Air Europa,UX 58 UX 1503,1,MAD 2h00,120,895,2027-04-22T13:50,2027-04-23T09:45,desconhecida,https://www.google.com/travel/flights?q=Flights%20to%20FRA%20from%20GRU%20on%202027-04-22%20oneway,f1969eb69575,
2026-09-15T16:58:39-03:00,google_flights,GIG,FRA,2027-04-22,3378.0,BRL,Tap Air Portugal,Tap Air Portugal,TP 67 TP 574,1,LIS 5h25,325,1100,2027-04-22T23:00,2027-04-23T22:20,desconhecida,https://www.google.com/travel/flights?q=Flights%20to%20FRA%20from%20GIG%20on%202027-04-22%20oneway,fbceafe70fd3,
2026-09-15T16:58:39-03:00,google_flights,GIG,FRA,2027-04-22,3424.0,BRL,ITA,ITA,AZ 673 AZ 400,1,FCO 2h05,125,925,2027-04-22T14:25,2027-04-23T10:50,desconhecida,https://www.google.com/travel/flights?q=Flights%20to%20FRA%20from%20GIG%20on%202027-04-22%20oneway,7a0eae9b7f9d,
2026-09-15T16:58:39-03:00,google_flights,GRU,AMS,2027-04-22,3461.0,BRL,Air Europa,Air Europa,UX 58 UX 1091,1,MAD 2h00,120,890,2027-04-22T13:50,2027-04-23T09:40,desconhecida,https://www.google.com/travel/flights?q=Flights%20to%20AMS%20from%20GRU%20on%202027-04-22%20oneway,9290da6ef6b0,
2026-09-15T16:58:39-03:00,google_flights,BSB,FRA,2027-04-22,3512.0,BRL,Tap Air Portugal,Tap Air Portugal,TP 58 TP 570,1,LIS 2h00,120,860,2027-04-22T17:10,2027-04-23T12:30,desconhecida,https://www.google.com/travel/flights?q=Flights%20to%20FRA%20from%20BSB%20on%202027-04-22%20oneway,09fd94a52530,
2026-09-15T16:58:39-03:00,google_flights,GRU,FRA,2027-04-22,3543.0,BRL,Tap Air Portugal,Tap Air Portugal,TP 88 TP 572,1,LIS 3h55,235,1015,2027-04-22T20:45,2027-04-23T18:40,desconhecida,https://www.google.com/travel/flights?q=Flights%20to%20FRA%20from%20GRU%20on%202027-04-22%20oneway,574f3b63b9d5,
2026-09-15T16:58:39-03:00,google_flights,GIG,AMS,2027-04-22,3819.0,BRL,Tap Air Portugal,Tap Air Portugal,TP 67 TP 672,1,LIS 1h50,110,880,2027-04-22T23:00,2027-04-23T18:40,desconhecida,https://www.google.com/travel/flights?q=Flights%20to%20AMS%20from%20GIG%20on%202027-04-22%20oneway,10eb1445559d,
2026-09-15T16:58:39-03:00,google_flights,GIG,MUC,2027-04-22,3857.0,BRL,ITA,ITA,AZ 673 AZ 432,1,FCO 1h55,115,885,2027-04-22T14:25,2027-04-23T10:10,desconhecida,https://www.google.com/travel/flights?q=Flights%20to%20MUC%20from%20GIG%20on%202027-04-22%20oneway,49bbcd020d85,
2026-09-15T16:58:39-03:00,google_flights,GRU,CPH,2027-04-22,3925.0,BRL,Tap Air Portugal,Tap Air Portugal,TP 82 TP 752,1,LIS 1h30,90,905,2027-04-22T15:30,2027-04-23T11:35,desconhecida,https://www.google.com/travel/flights?q=Flights%20to%20CPH%20from%20GRU%20on%202027-04-22%20oneway,6d1b89cee302,
2026-09-15T16:58:39-03:00,google_flights,GRU,AMS,2027-04-22,4789.0,BRL,KLM,KLM,KL 792,0,,0,695,2027-04-22T21:45,2027-04-23T14:20,desconhecida,https://www.google.com/travel/flights?q=Flights%20to%20AMS%20from%20GRU%20on%202027-04-22%20oneway,06b0b0165473,
2026-09-15T23:51:59-03:00,google_flights,BSB,FRA,2027-04-13,3235.0,BRL,Tap Air Portugal,Tap Air Portugal,TP 58 TP 570,1,LIS 1h45,105,845,2027-04-13T17:25,2027-04-14T12:30,desconhecida,https://www.google.com/travel/flights?q=Flights%20to%20FRA%20from%20BSB%20on%202027-04-13%20oneway,32c4d3959239,
2026-09-15T23:51:59-03:00,google_flights,GRU,MUC,2027-04-13,3352.0,BRL,Air Europa,Air Europa,UX 58 UX 1515,1,MAD 2h05,125,895,2027-04-13T13:50,2027-04-14T09:45,desconhecida,https://www.google.com/travel/flights?q=Flights%20to%20MUC%20from%20GRU%20on%202027-04-13%20oneway,89dde1e4fb72,
2026-09-15T23:51:59-03:00,google_flights,GIG,AMS,2027-04-13,3707.0,BRL,ITA,ITA,AZ 673 AZ 108,1,FCO 1h50,110,935,2027-04-13T14:25,2027-04-14T11:00,desconhecida,https://www.google.com/travel/flights?q=Flights%20to%20AMS%20from%20GIG%20on%202027-04-13%20oneway,ea462792e723,
2026-09-15T23:51:59-03:00,google_flights,GRU,AMS,2027-04-13,2718.0,BRL,United,United,UA 860 UA 946,1,IAD 11h05,665,1745,2027-04-13T21:30,2027-04-15T07:35,desconhecida,https://www.google.com/travel/flights?q=Flights%20to%20AMS%20from%20GRU%20on%202027-04-13%20oneway,993cb09a255b,
2026-09-15T23:51:59-03:00,google_flights,GRU,FRA,2027-04-13,3352.0,BRL,Air Europa,Air Europa,UX 58 UX 1503,1,MAD 2h00,120,895,2027-04-13T13:50,2027-04-14T09:45,desconhecida,https://www.google.com/travel/flights?q=Flights%20to%20FRA%20from%20GRU%20on%202027-04-13%20oneway,7216aeb19bc4,
2026-09-15T23:51:59-03:00,google_flights,GIG,FRA,2027-04-13,3399.0,BRL,Tap Air Portugal,Tap Air Portugal,TP 67 TP 570,1,LIS 19h35,1175,1950,2027-04-13T23:00,2027-04-15T12:30,desconhecida,https://www.google.com/travel/flights?q=Flights%20to%20FRA%20from%20GIG%20on%202027-04-13%20oneway,4b191a535f77,
2026-09-15T23:51:59-03:00,google_flights,GRU,AMS,2027-04-13,3461.0,BRL,Air Europa,Air Europa,UX 58 UX 1091,1,MAD 2h00,120,890,2027-04-13T13:50,2027-04-14T09:40,desconhecida,https://www.google.com/travel/flights?q=Flights%20to%20AMS%20from%20GRU%20on%202027-04-13%20oneway,3db0f4651e45,
2026-09-15T23:51:59-03:00,google_flights,GIG,MUC,2027-04-13,3527.0,BRL,Tap Air Portugal,Tap Air Portugal,TP 67 TP 554,1,LIS 2h10,130,900,2027-04-13T23:00,2027-04-14T19:00,desconhecida,https://www.google.com/travel/flights?q=Flights%20to%20MUC%20from%20GIG%20on%202027-04-13%20oneway,1480baeeffd6,
2026-09-15T23:51:59-03:00,google_flights,GIG,FRA,2027-04-13,3665.0,BRL,Tap Air Portugal,Tap Air Portugal,TP 67 TP 572,1,LIS 1h45,105,880,2027-04-13T23:00,2027-04-14T18:40,desconhecida,https://www.google.com/travel/flights?q=Flights%20to%20FRA%20from%20GIG%20on%202027-04-13%20oneway,1a6e34bfcfe3,
2026-09-15T23:51:59-03:00,google_flights,GRU,BER,2027-04-13,4024.0,BRL,Tap Air Portugal,Tap Air Portugal,TP 88 TP 532,1,LIS 1h25,85,885,2027-04-13T20:45,2027-04-14T16:30,desconhecida,https://www.google.com/travel/flights?q=Flights%20to%20BER%20from%20GRU%20on%202027-04-13%20oneway,221c7cfe14ca,
2026-09-15T23:51:59-03:00,google_flights,GRU,AMS,2027-04-13,4789.0,BRL,KLM,KLM,KL 792,0,,0,695,2027-04-13T21:45,2027-04-14T14:20,desconhecida,https://www.google.com/travel/flights?q=Flights%20to%20AMS%20from%20GRU%20on%202027-04-13%20oneway,eec57785371c,
2026-09-15T23:52:04-03:00,google_flights,GRU,MUC,2027-04-14,3352.0,BRL,Air Europa,Air Europa,UX 58 UX 1515,1,MAD 2h05,125,895,2027-04-14T13:50,2027-04-15T09:45,desconhecida,https://www.google.com/travel/flights?q=Flights%20to%20MUC%20from%20GRU%20on%202027-04-14%20oneway,7624e028df3b,
2026-09-15T23:52:04-03:00,google_flights,BSB,BER,2027-04-14,3409.0,BRL,Tap Air Portugal,Tap Air Portugal,TP 58 TP 532,1,LIS 4h35,275,1035,2027-04-14T18:15,2027-04-15T16:30,desconhecida,https://www.google.com/travel/flights?q=Flights%20to%20BER%20from%20BSB%20on%202027-04-14%20oneway,499644a01337,
2026-09-15T23:52:04-03:00,google_flights,BSB,MUC,2027-04-14,3517.0,BRL,Tap Air Portugal,Tap Air Portugal,TP 58 TP 552,1,LIS 1h15,75,810,2027-04-14T18:15,2027-04-15T12:45,desconhecida,https://www.google.com/travel/flights?q=Flights%20to%20MUC%20from%20BSB%20on%202027-04-14%20oneway,7ec990e98150,
2026-09-15T23:52:04-03:00,google_flights,BSB,FRA,2027-04-14,3209.0,BRL,Tap Air Portugal,Tap Air Portugal,TP 58 TP 574,1,LIS 10h45,645,1385,2027-04-14T18:15,2027-04-15T22:20,desconhecida,https://www.google.com/travel/flights?q=Flights%20to%20FRA%20from%20BSB%20on%202027-04-14%20oneway,393ae2ea61ce,
2026-09-15T23:52:04-03:00,google_flights,BSB,FRA,2027-04-14,3235.0,BRL,Tap Air Portugal,Tap Air Portugal,TP 58 TP 572,1,LIS 7h05,425,1165,2027-04-14T18:15,2027-04-15T18:40,desconhecida,https://www.google.com/travel/flights?q=Flights%20to%20FRA%20from%20BSB%20on%202027-04-14%20oneway,1bd221e05782,
2026-09-15T23:52:04-03:00,google_flights,GRU,FRA,2027-04-14,3352.0,BRL,Air Europa,Air Europa,UX 58 UX 1503,1,MAD 2h00,120,895,2027-04-14T13:50,2027-04-15T09:45,desconhecida,https://www.google.com/travel/flights?q=Flights%20to%20FRA%20from%20GRU%20on%202027-04-14%20oneway,42af1b8d0b20,
2026-09-15T23:52:04-03:00,google_flights,BSB,BER,2027-04-14,3377.0,BRL,Tap Air Portugal,Tap Air Portugal,TP 58 TP 534,1,LIS 10h25,625,1385,2027-04-14T18:15,2027-04-15T22:20,desconhecida,https://www.google.com/travel/flights?q=Flights%20to%20BER%20from%20BSB%20on%202027-04-14%20oneway,5212971878a7,
2026-09-15T23:52:04-03:00,google_flights,GIG,FRA,2027-04-14,3399.0,BRL,Tap Air Portugal,Tap Air Portugal,TP 72 TP 570,1,LIS 20h25,1225,2000,2027-04-14T22:10,2027-04-16T12:30,desconhecida,https://www.google.com/travel/flights?q=Flights%20to%20FRA%20from%20GIG%20on%202027-04-14%20oneway,f34be8da2fc8,
2026-09-15T23:52:04-03:00,google_flights,GRU,AMS,2027-04-14,3461.0,BRL,Air Europa,Air Europa,UX 58 UX 1091,1,MAD 2h00,120,890,2027-04-14T13:50,2027-04-15T09:40,desconhecida,https://www.google.com/travel/flights?q=Flights%20to%20AMS%20from%20GRU%20on%202027-04-14%20oneway,2e7619170711,
2026-09-15T23:52:04-03:00,google_flights,GIG,MUC,2027-04-14,3527.0,BRL,Tap Air Portugal,Tap Air Portugal,TP 72 TP 554,1,LIS 3h00,180,950,2027-04-14T22:10,2027-04-15T19:00,desconhecida,https://www.google.com/travel/flights?q=Flights%20to%20MUC%20from%20GIG%20on%202027-04-14%20oneway,7e6f39c22e9c,
2026-09-15T23:52:04-03:00,google_flights,GRU,FRA,2027-04-14,3543.0,BRL,Tap Air Portugal,Tap Air Portugal,TP 82 TP 570,1,LIS 2h55,175,960,2027-04-14T15:30,2027-04-15T12:30,desconhecida,https://www.google.com/travel/flights?q=Flights%20to%20FRA%20from%20GRU%20on%202027-04-14%20oneway,4dd555cdaeaa,
2026-09-15T23:52:04-03:00,google_flights,GRU,FRA,2027-04-14,3543.0,BRL,Tap Air Portugal,Tap Air Portugal,TP 88 TP 572,1,LIS 3h55,235,1015,2027-04-14T20:45,2027-04-15T18:40,desconhecida,https://www.google.com/travel/flights?q=Flights%20to%20FRA%20from%20GRU%20on%202027-04-14%20oneway,034fcc90f438,
2026-09-15T23:52:04-03:00,google_flights,GRU,AMS,2027-04-14,3641.0,BRL,ITA,ITA,AZ 679 AZ 110,1,FCO 3h05,185,1030,2027-04-14T18:55,2027-04-15T17:05,desconhecida,https://www.google.com/travel/flights?q=Flights%20to%20AMS%20from%20GRU%20on%202027-04-14%20oneway,fd6ff2b73f65,
2026-09-15T23:52:04-03:00,google_flights,GIG,VIE,2027-04-14,3707.0,BRL,Tap Air Portugal,Tap Air Portugal,TP 72 TP 1272,1,LIS 2h00,120,915,2027-04-14T22:10,2027-04-15T18:25,desconhecida,https://www.google.com/travel/flights?q=Flights%20to%20VIE%20from%20GIG%20on%202027-04-14%20oneway,786d6ccbbfb7,
2026-09-15T23:52:04-03:00,google_flights,GRU,MUC,2027-04-14,3772.0,BRL,ITA,ITA|Lufthansa,AZ 675 LH 1873,1,FCO 1h10,70,860,2027-04-14T14:15,2027-04-15T09:35,desconhecida,https://www.google.com/travel/flights?q=Flights%20to%20MUC%20from%20GRU%20on%202027-04-14%20oneway,2207ff819d4b,
2026-09-15T23:52:04-03:00,google_flights,GRU,MUC,2027-04-14,3772.0,BRL,ITA,ITA,AZ 675 AZ 432,1,FCO 1h45,105,895,2027-04-14T14:15,2027-04-15T10:10,desconhecida,https://www.google.com/travel/flights?q=Flights%20to%20MUC%20from%20GRU%20on%202027-04-14%20oneway,fff3b24f5f35,
2026-09-15T23:52:04-03:00,google_flights,GIG,BER,2027-04-14,3817.0,BRL,Tap Air Portugal,Tap Air Portugal,TP 76 TP 530,1,LIS 1h40,100,895,2027-04-14T15:35,2027-04-15T11:30,desconhecida,https://www.google.com/travel/flights?q=Flights%20to%20BER%20from%20GIG%20on%202027-04-14%20oneway,ea2decc1901e,
2026-09-15T23:52:04-03:00,google_flights,GIG,MUC,2027-04-14,3856.0,BRL,ITA,ITA,AZ 673 AZ 432,1,FCO 1h55,115,885,2027-04-14T14:25,2027-04-15T10:10,desconhecida,https://www.google.com/travel/flights?q=Flights%20to%20MUC%20from%20GIG%20on%202027-04-14%20oneway,9aa28d0b8710,
2026-09-15T23:52:04-03:00,google_flights,GRU,CPH,2027-04-14,3925.0,BRL,Tap Air Portugal,Tap Air Portugal,TP 88 TP 754,1,LIS 1h35,95,905,2027-04-14T20:45,2027-04-15T16:50,desconhecida,https://www.google.com/travel/flights?q=Flights%20to%20CPH%20from%20GRU%20on%202027-04-14%20oneway,8236d2e27cb0,
2026-09-15T23:52:04-03:00,google_flights,GRU,BER,2027-04-14,4024.0,BRL,Tap Air Portugal,Tap Air Portugal,TP 88 TP 532,1,LIS 1h25,85,885,2027-04-14T20:45,2027-04-15T16:30,desconhecida,https://www.google.com/travel/flights?q=Flights%20to%20BER%20from%20GRU%20on%202027-04-14%20oneway,fa9d9bfa6b27,
2026-09-15T23:52:04-03:00,google_flights,GRU,AMS,2027-04-14,4789.0,BRL,KLM,KLM,KL 792,0,,0,695,2027-04-14T21:45,2027-04-15T14:20,desconhecida,https://www.google.com/travel/flights?q=Flights%20to%20AMS%20from%20GRU%20on%202027-04-14%20oneway,a227768e07f8,
2026-09-15T23:52:11-03:00,google_flights,GRU,MUC,2027-04-15,3352.0,BRL,Air Europa,Air Europa,UX 58 UX 1515,1,MAD 2h05,125,895,2027-04-15T13:50,2027-04-16T09:45,desconhecida,https://www.google.com/travel/flights?q=Flights%20to%20MUC%20from%20GRU%20on%202027-04-15%20oneway,ea70709f8ca6,
2026-09-15T23:52:11-03:00,google_flights,GIG,MUC,2027-04-15,3422.0,BRL,ITA,ITA,AZ 673 AZ 432,1,FCO 1h55,115,885,2027-04-15T14:25,2027-04-16T10:10,desconhecida,https://www.google.com/travel/flights?q=Flights%20to%20MUC%20from%20GIG%20on%202027-04-15%20oneway,c3facf584890,
2026-09-15T23:52:11-03:00,google_flights,BSB,BER,2027-04-15,3520.0,BRL,Tap Air Portugal,Tap Air Portugal,TP 58 TP 530,1,LIS 1h30,90,850,2027-04-15T17:10,2027-04-16T12:20,desconhecida,https://www.google.com/travel/flights?q=Flights%20to%20BER%20from%20BSB%20on%202027-04-15%20oneway,10e5ea50537b,
2026-09-15T23:52:11-03:00,google_flights,BSB,FRA,2027-04-15,3209.0,BRL,Tap Air Portugal,Tap Air Portugal,TP 58 TP 570,1,LIS 2h00,120,860,2027-04-15T17:10,2027-04-16T12:30,desconhecida,https://www.google.com/travel/flights?q=Flights%20to%20FRA%20from%20BSB%20on%202027-04-15%20oneway,1bac683938cf,
2026-09-15T23:52:11-03:00,google_flights,GRU,FRA,2027-04-15,3352.0,BRL,Air Europa,Air Europa,UX 58 UX 1503,1,MAD 2h00,120,895,2027-04-15T13:50,2027-04-16T09:45,desconhecida,https://www.google.com/travel/flights?q=Flights%20to%20FRA%20from%20GRU%20on%202027-04-15%20oneway,e4e7a045f348,
2026-09-15T23:52:11-03:00,google_flights,GIG,FRA,2027-04-15,3378.0,BRL,Tap Air Portugal,Tap Air Portugal,TP 67 TP 574,1,LIS 5h25,325,1100,2027-04-15T23:00,2027-04-16T22:20,desconhecida,https://www.google.com/travel/flights?q=Flights%20to%20FRA%20from%20GIG%20on%202027-04-15%20oneway,0c58dea3cd97,
2026-09-15T23:52:11-03:00,google_flights,GRU,AMS,2027-04-15,3461.0,BRL,Air Europa,Air Europa,UX 58 UX 1091,1,MAD 2h00,120,890,2027-04-15T13:50,2027-04-16T09:40,desconhecida,https://www.google.com/travel/flights?q=Flights%20to%20AMS%20from%20GRU%20on%202027-04-15%20oneway,103601d11364,
2026-09-15T23:52:11-03:00,google_flights,GIG,AMS,2027-04-15,3819.0,BRL,Tap Air Portugal,Tap Air Portugal,TP 67 TP 672,1,LIS 1h50,110,880,2027-04-15T23:00,2027-04-16T18:40,desconhecida,https://www.google.com/travel/flights?q=Flights%20to%20AMS%20from%20GIG%20on%202027-04-15%20oneway,ff715c6fc969,
2026-09-15T23:52:11-03:00,google_flights,GRU,CPH,2027-04-15,3925.0,BRL,Tap Air Portugal,Tap Air Portugal,TP 82 TP 752,1,LIS 1h30,90,905,2027-04-15T15:30,2027-04-16T11:35,desconhecida,https://www.google.com/travel/flights?q=Flights%20to%20CPH%20from%20GRU%20on%202027-04-15%20oneway,45c78dcfb0ca,
2026-09-15T23:52:11-03:00,google_flights,GIG,CPH,2027-04-15,3983.0,BRL,Tap Air Portugal,Tap Air Portugal,TP 76 TP 752,1,LIS 1h35,95,900,2027-04-15T15:35,2027-04-16T11:35,desconhecida,https://www.google.com/travel/flights?q=Flights%20to%20CPH%20from%20GIG%20on%202027-04-15%20oneway,a9403f45d45d,
2026-09-15T23:52:11-03:00,google_flights,GRU,AMS,2027-04-15,4789.0,BRL,KLM,KLM,KL 792,0,,0,695,2027-04-15T21:45,2027-04-16T14:20,desconhecida,https://www.google.com/travel/flights?q=Flights%20to%20AMS%20from%20GRU%20on%202027-04-15%20oneway,fded42f851d2,
2026-09-16T12:13:09-03:00,google_flights,GRU,MUC,2027-04-16,3340.0,BRL,Air Europa,Air Europa,UX 58 UX 1515,1,MAD 2h05,125,895,2027-04-16T13:50,2027-04-17T09:45,desconhecida,https://www.google.com/travel/flights?q=Flights%20to%20MUC%20from%20GRU%20on%202027-04-16%20oneway,2d2a5d201e53,
2026-09-16T12:13:09-03:00,google_flights,BSB,BER,2027-04-16,3439.0,BRL,Tap Air Portugal,Tap Air Portugal,TP 58 TP 532,1,LIS 4h35,275,1035,2027-04-16T18:15,2027-04-17T16:30,desconhecida,https://www.google.com/travel/flights?q=Flights%20to%20BER%20from%20BSB%20on%202027-04-16%20oneway,810284bd19b5,
2026-09-16T12:13:09-03:00,google_flights,BSB,MUC,2027-04-16,3505.0,BRL,Tap Air Portugal,Tap Air Portugal,TP 58 TP 552,1,LIS 1h15,75,810,2027-04-16T18:15,2027-04-17T12:45,desconhecida,https://www.google.com/travel/flights?q=Flights%20to%20MUC%20from%20BSB%20on%202027-04-16%20oneway,01ba35474d69,
2026-09-16T12:13:09-03:00,google_flights,BSB,FRA,2027-04-16,3225.0,BRL,Tap Air Portugal,Tap Air Portugal,TP 58 TP 574,1,LIS 10h45,645,1385,2027-04-16T18:15,2027-04-17T22:20,desconhecida,https://www.google.com/travel/flights?q=Flights%20to%20FRA%20from%20BSB%20on%202027-04-16%20oneway,7ecaccc5d2bb,
2026-09-16T12:13:09-03:00,google_flights,GRU,FRA,2027-04-16,3340.0,BRL,Air Europa,Air Europa,UX 58 UX 1503,1,MAD 2h00,120,895,2027-04-16T13:50,2027-04-17T09:45,desconhecida,https://www.google.com/travel/flights?q=Flights%20to%20FRA%20from%20GRU%20on%202027-04-16%20oneway,831a52a03c94,
2026-09-16T12:13:09-03:00,google_flights,GIG,FRA,2027-04-16,3388.0,BRL,Tap Air Portugal,Tap Air Portugal,TP 72 TP 570,1,LIS 20h25,1225,2000,2027-04-16T22:10,2027-04-18T12:30,desconhecida,https://www.google.com/travel/flights?q=Flights%20to%20FRA%20from%20GIG%20on%202027-04-16%20oneway,99c1c9cd9640,
2026-09-16T12:13:09-03:00,google_flights,GRU,AMS,2027-04-16,3448.0,BRL,Air Europa,Air Europa,UX 58 UX 1091,1,MAD 2h00,120,890,2027-04-16T13:50,2027-04-17T09:40,desconhecida,https://www.google.com/travel/flights?q=Flights%20to%20AMS%20from%20GRU%20on%202027-04-16%20oneway,144b19177258,
2026-09-16T12:13:09-03:00,google_flights,GRU,FRA,2027-04-16,3530.0,BRL,Tap Air Portugal,Tap Air Portugal,TP 84 TP 574,1,LIS 3h35,215,995,2027-04-16T00:45,2027-04-16T22:20,desconhecida,https://www.google.com/travel/flights?q=Flights%20to%20FRA%20from%20GRU%20on%202027-04-16%20oneway,e8d758931521,
2026-09-16T12:13:09-03:00,google_flights,BSB,FRA,2027-04-16,3680.0,BRL,Gol,Gol|Air Europa,G3 1720 UX 84 UX 1509,2,"SSA 22h35, MAD 4h00",240,2390,2027-04-16T21:05,2027-04-18T17:55,desconhecida,https://www.google.com/travel/flights?q=Flights%20to%20FRA%20from%20BSB%20on%202027-04-16%20oneway,faabac07bd55,
2026-09-16T12:13:09-03:00,google_flights,GRU,AMS,2027-04-16,3753.0,BRL,Tap Air Portugal,Tap Air Portugal,TP 88 TP 672,1,LIS 4h00,240,1015,2027-04-16T20:45,2027-04-17T18:40,desconhecida,https://www.google.com/travel/flights?q=Flights%20to%20AMS%20from%20GRU%20on%202027-04-16%20oneway,50cb0d455dbd,
2026-09-16T12:13:09-03:00,google_flights,GRU,CPH,2027-04-16,3911.0,BRL,Tap Air Portugal,Tap Air Portugal,TP 88 TP 754,1,LIS 1h35,95,905,2027-04-16T20:45,2027-04-17T16:50,desconhecida,https://www.google.com/travel/flights?q=Flights%20to%20CPH%20from%20GRU%20on%202027-04-16%20oneway,ee68f439a462,
2026-09-16T12:13:09-03:00,google_flights,GRU,AMS,2027-04-16,4770.0,BRL,KLM,KLM,KL 792,0,,0,695,2027-04-16T21:45,2027-04-17T14:20,desconhecida,https://www.google.com/travel/flights?q=Flights%20to%20AMS%20from%20GRU%20on%202027-04-16%20oneway,cd6d849d0be5,
2026-09-16T12:13:09-03:00,google_flights,GIG,AMS,2027-04-16,5368.0,BRL,KLM,KLM,KL 706,0,,0,690,2027-04-16T21:55,2027-04-17T14:25,desconhecida,https://www.google.com/travel/flights?q=Flights%20to%20AMS%20from%20GIG%20on%202027-04-16%20oneway,3e96cbde9cdf,
2026-09-16T12:13:15-03:00,google_flights,GRU,MUC,2027-04-17,3340.0,BRL,Air Europa,Air Europa,UX 58 UX 1515,1,MAD 2h05,125,895,2027-04-17T13:50,2027-04-18T09:45,desconhecida,https://www.google.com/travel/flights?q=Flights%20to%20MUC%20from%20GRU%20on%202027-04-17%20oneway,8ba6bf437bb1,
2026-09-16T12:13:15-03:00,google_flights,GRU,FRA,2027-04-17,3340.0,BRL,Air Europa,Air Europa,UX 58 UX 1503,1,MAD 2h00,120,895,2027-04-17T13:50,2027-04-18T09:45,desconhecida,https://www.google.com/travel/flights?q=Flights%20to%20FRA%20from%20GRU%20on%202027-04-17%20oneway,0ec89e82a78d,
2026-09-16T12:13:15-03:00,google_flights,BSB,FRA,2027-04-17,3441.0,BRL,Tap Air Portugal,Tap Air Portugal,TP 58 TP 570,1,LIS 2h00,120,860,2027-04-17T17:10,2027-04-18T12:30,desconhecida,https://www.google.com/travel/flights?q=Flights%20to%20FRA%20from%20BSB%20on%202027-04-17%20oneway,28f22ccb09f2,
2026-09-16T12:13:15-03:00,google_flights,GRU,AMS,2027-04-17,3448.0,BRL,Air Europa,Air Europa,UX 58 UX 1091,1,MAD 2h00,120,890,2027-04-17T13:50,2027-04-18T09:40,desconhecida,https://www.google.com/travel/flights?q=Flights%20to%20AMS%20from%20GRU%20on%202027-04-17%20oneway,d388ebf4e88b,
2026-09-16T12:13:15-03:00,google_flights,BSB,FRA,2027-04-17,3203.0,BRL,Tap Air Portugal,Tap Air Portugal,TP 58 TP 574,1,LIS 11h50,710,1450,2027-04-17T17:10,2027-04-18T22:20,desconhecida,https://www.google.com/travel/flights?q=Flights%20to%20FRA%20from%20BSB%20on%202027-04-17%20oneway,5fbdf399ed80,
2026-09-16T12:13:15-03:00,google_flights,GIG,FRA,2027-04-17,3367.0,BRL,Tap Air Portugal,Tap Air Portugal,TP 67 TP 574,1,LIS 5h25,325,1100,2027-04-17T23:00,2027-04-18T22:20,desconhecida,https://www.google.com/travel/flights?q=Flights%20to%20FRA%20from%20GIG%20on%202027-04-17%20oneway,be52c2706fef,
2026-09-16T12:13:15-03:00,google_flights,GIG,FRA,2027-04-17,3652.0,BRL,Tap Air Portugal,Tap Air Portugal,TP 67 TP 572,1,LIS 1h45,105,880,2027-04-17T23:00,2027-04-18T18:40,desconhecida,https://www.google.com/travel/flights?q=Flights%20to%20FRA%20from%20GIG%20on%202027-04-17%20oneway,343f1f9cba20,
2026-09-16T12:13:15-03:00,google_flights,BSB,FRA,2027-04-17,3680.0,BRL,LATAM,LATAM|Air Europa,LA 3409 UX 84 UX 1509,2,"SSA 4h55, MAD 4h00",240,1325,2027-04-17T14:50,2027-04-18T17:55,desconhecida,https://www.google.com/travel/flights?q=Flights%20to%20FRA%20from%20BSB%20on%202027-04-17%20oneway,290db4605188,
2026-09-16T12:13:15-03:00,google_flights,GRU,CPH,2027-04-17,3911.0,BRL,Tap Air Portugal,Tap Air Portugal,TP 82 TP 752,1,LIS 1h50,110,925,2027-04-17T15:30,2027-04-18T11:55,desconhecida,https://www.google.com/travel/flights?q=Flights%20to%20CPH%20from%20GRU%20on%202027-04-17%20oneway,11d6df5bb6af,
2026-09-16T12:13:22-03:00,google_flights,BSB,FRA,2027-04-18,3188.0,BRL,Tap Air Portugal,Tap Air Portugal,TP 58 TP 570,1,LIS 1h40,100,845,2027-04-18T17:25,2027-04-19T12:30,desconhecida,https://www.google.com/travel/flights?q=Flights%20to%20FRA%20from%20BSB%20on%202027-04-18%20oneway,36d723ede46d,
2026-09-16T12:13:22-03:00,google_flights,GRU,MUC,2027-04-18,3340.0,BRL,Air Europa,Air Europa,UX 58 UX 1515,1,MAD 2h05,125,895,2027-04-18T13:50,2027-04-19T09:45,desconhecida,https://www.google.com/travel/flights?q=Flights%20to%20MUC%20from%20GRU%20on%202027-04-18%20oneway,cac71579581b,
2026-09-16T12:13:22-03:00,google_flights,GRU,FRA,2027-04-18,3340.0,BRL,Air Europa,Air Europa,UX 58 UX 1503,1,MAD 2h00,120,895,2027-04-18T13:50,2027-04-19T09:45,desconhecida,https://www.google.com/travel/flights?q=Flights%20to%20FRA%20from%20GRU%20on%202027-04-18%20oneway,5acefc48a67a,
2026-09-16T12:13:22-03:00,google_flights,GRU,AMS,2027-04-18,3448.0,BRL,Air Europa,Air Europa,UX 58 UX 1091,1,MAD 2h00,120,890,2027-04-18T13:50,2027-04-19T09:40,desconhecida,https://www.google.com/travel/flights?q=Flights%20to%20AMS%20from%20GRU%20on%202027-04-18%20oneway,7c2f7b17fa24,
2026-09-16T12:13:22-03:00,google_flights,GRU,AMS,2027-04-18,5007.0,BRL,KLM,KLM,KL 792,0,,0,695,2027-04-18T21:45,2027-04-19T14:20,desconhecida,https://www.google.com/travel/flights?q=Flights%20to%20AMS%20from%20GRU%20on%202027-04-18%20oneway,12e8ac08b3e9,
2026-09-16T12:13:22-03:00,google_flights,GRU,AMS,2027-04-18,2707.0,BRL,United,United,UA 860 UA 946,1,IAD 11h05,665,1745,2027-04-18T21:30,2027-04-20T07:35,desconhecida,https://www.google.com/travel/flights?q=Flights%20to%20AMS%20from%20GRU%20on%202027-04-18%20oneway,841de97db4b7,
2026-09-16T12:13:22-03:00,google_flights,BSB,FRA,2027-04-18,3182.0,BRL,Tap Air Portugal,Tap Air Portugal,TP 58 TP 574,1,LIS 11h30,690,1435,2027-04-18T17:25,2027-04-19T22:20,desconhecida,https://www.google.com/travel/flights?q=Flights%20to%20FRA%20from%20BSB%20on%202027-04-18%20oneway,a63b18af3b7d,
2026-09-16T12:13:22-03:00,google_flights,GRU,MUC,2027-04-18,3248.0,BRL,United,United,UA 860 UA 108,1,IAD 11h00,660,1755,2027-04-18T21:30,2027-04-20T07:45,desconhecida,https://www.google.com/travel/flights?q=Flights%20to%20MUC%20from%20GRU%20on%202027-04-18%20oneway,800c3a2c3f97,
2026-09-16T12:13:22-03:00,google_flights,GIG,FRA,2027-04-18,3367.0,BRL,Tap Air Portugal,Tap Air Portugal,TP 72 TP 574,1,LIS 6h15,375,1150,2027-04-18T22:10,2027-04-19T22:20,desconhecida,https://www.google.com/travel/flights?q=Flights%20to%20FRA%20from%20GIG%20on%202027-04-18%20oneway,caae135e5a67,
2026-09-16T12:13:22-03:00,google_flights,GRU,AMS,2027-04-18,3753.0,BRL,Tap Air Portugal,Tap Air Portugal,TP 88 TP 672,1,LIS 4h05,245,1020,2027-04-18T20:40,2027-04-19T18:40,desconhecida,https://www.google.com/travel/flights?q=Flights%20to%20AMS%20from%20GRU%20on%202027-04-18%20oneway,5fd4cbfae9ed,
2026-09-16T12:13:22-03:00,google_flights,GIG,AMS,2027-04-18,3806.0,BRL,Tap Air Portugal,Tap Air Portugal,TP 72 TP 672,1,LIS 2h40,160,930,2027-04-18T22:10,2027-04-19T18:40,desconhecida,https://www.google.com/travel/flights?q=Flights%20to%20AMS%20from%20GIG%20on%202027-04-18%20oneway,ebb951d44e88,
2026-09-16T12:13:22-03:00,google_flights,GRU,CPH,2027-04-18,3911.0,BRL,Tap Air Portugal,Tap Air Portugal,TP 82 TP 752,1,LIS 1h50,110,925,2027-04-18T15:30,2027-04-19T11:55,desconhecida,https://www.google.com/travel/flights?q=Flights%20to%20CPH%20from%20GRU%20on%202027-04-18%20oneway,db301dc75e91,
2026-09-16T12:13:22-03:00,google_flights,GIG,CPH,2027-04-18,3970.0,BRL,Tap Air Portugal,Tap Air Portugal,TP 76 TP 752,1,LIS 1h55,115,920,2027-04-18T15:35,2027-04-19T11:55,desconhecida,https://www.google.com/travel/flights?q=Flights%20to%20CPH%20from%20GIG%20on%202027-04-18%20oneway,de47119372d9,
2026-09-16T12:13:28-03:00,google_flights,GRU,MUC,2027-04-19,3340.0,BRL,Air Europa,Air Europa,UX 58 UX 1515,1,MAD 2h05,125,895,2027-04-19T13:50,2027-04-20T09:45,desconhecida,https://www.google.com/travel/flights?q=Flights%20to%20MUC%20from%20GRU%20on%202027-04-19%20oneway,efa495909ca0,
2026-09-16T12:13:28-03:00,google_flights,BSB,BER,2027-04-19,3434.0,BRL,Tap Air Portugal,Tap Air Portugal,TP 58 TP 532,1,LIS 5h25,325,1085,2027-04-19T17:25,2027-04-20T16:30,desconhecida,https://www.google.com/travel/flights?q=Flights%20to%20BER%20from%20BSB%20on%202027-04-19%20oneway,c06362a3ff0a,
2026-09-16T12:13:28-03:00,google_flights,GRU,AMS,2027-04-19,3448.0,BRL,Air Europa,Air Europa,UX 58 UX 1091,1,MAD 2h00,120,890,2027-04-19T13:50,2027-04-20T09:40,desconhecida,https://www.google.com/travel/flights?q=Flights%20to%20AMS%20from%20GRU%20on%202027-04-19%20oneway,96c8dd0da8c7,
2026-09-16T12:13:28-03:00,google_flights,GRU,AMS,2027-04-19,2707.0,BRL,United,United,UA 860 UA 946,1,IAD 11h05,665,1745,2027-04-19T21:30,2027-04-21T07:35,desconhecida,https://www.google.com/travel/flights?q=Flights%20to%20AMS%20from%20GRU%20on%202027-04-19%20oneway,f19b816caf5c,
2026-09-16T12:13:28-03:00,google_flights,GRU,MUC,2027-04-19,3248.0,BRL,United,United,UA 860 UA 108,1,IAD 11h00,660,1755,2027-04-19T21:30,2027-04-21T07:45,desconhecida,https://www.google.com/travel/flights?q=Flights%20to%20MUC%20from%20GRU%20on%202027-04-19%20oneway,6b9d4d44b0f1,
2026-09-16T12:13:28-03:00,google_flights,GRU,FRA,2027-04-19,3340.0,BRL,Air Europa,Air Europa,UX 58 UX 1503,1,MAD 2h00,120,895,2027-04-19T13:50,2027-04-20T09:45,desconhecida,https://www.google.com/travel/flights?q=Flights%20to%20FRA%20from%20GRU%20on%202027-04-19%20oneway,2ab0796500a9,
2026-09-16T12:13:28-03:00,google_flights,GRU,MUC,2027-04-19,3350.0,BRL,ITA,ITA|Lufthansa,AZ 675 LH 1867,1,FCO 4h00,240,1030,2027-04-19T14:15,2027-04-20T12:25,desconhecida,https://www.google.com/travel/flights?q=Flights%20to%20MUC%20from%20GRU%20on%202027-04-19%20oneway,be2b2f7183a9,
2026-09-16T12:13:28-03:00,google_flights,GIG,FRA,2027-04-19,3367.0,BRL,Tap Air Portugal,Tap Air Portugal,TP 76 TP 570,1,LIS 3h00,180,955,2027-04-19T15:35,2027-04-20T12:30,desconhecida,https://www.google.com/travel/flights?q=Flights%20to%20FRA%20from%20GIG%20on%202027-04-19%20oneway,a14fd11859c0,
2026-09-16T12:13:28-03:00,google_flights,GIG,FRA,2027-04-19,3367.0,BRL,Tap Air Portugal,Tap Air Portugal,TP 72 TP 572,1,LIS 2h35,155,930,2027-04-19T22:10,2027-04-20T18:40,desconhecida,https://www.google.com/travel/flights?q=Flights%20to%20FRA%20from%20GIG%20on%202027-04-19%20oneway,c140b9eebab4,
2026-09-16T12:13:28-03:00,google_flights,GRU,FRA,2027-04-19,3530.0,BRL,Tap Air Portugal,Tap Air Portugal,TP 84 TP 574,1,LIS 3h35,215,995,2027-04-19T00:45,2027-04-19T22:20,desconhecida,https://www.google.com/travel/flights?q=Flights%20to%20FRA%20from%20GRU%20on%202027-04-19%20oneway,08c1eb583b55,
2026-09-16T12:13:28-03:00,google_flights,GIG,BER,2027-04-19,3804.0,BRL,Tap Air Portugal,Tap Air Portugal,TP 76 TP 530,1,LIS 1h40,100,895,2027-04-19T15:35,2027-04-20T11:30,desconhecida,https://www.google.com/travel/flights?q=Flights%20to%20BER%20from%20GIG%20on%202027-04-19%20oneway,a8dc90ff0e6a,
2026-09-16T12:13:28-03:00,google_flights,GRU,CPH,2027-04-19,3911.0,BRL,Tap Air Portugal,Tap Air Portugal,TP 88 TP 754,1,LIS 1h35,95,905,2027-04-19T20:45,2027-04-20T16:50,desconhecida,https://www.google.com/travel/flights?q=Flights%20to%20CPH%20from%20GRU%20on%202027-04-19%20oneway,6dd8cd2c1f51,
2026-09-16T12:13:28-03:00,google_flights,GRU,BER,2027-04-19,4010.0,BRL,Tap Air Portugal,Tap Air Portugal,TP 88 TP 532,1,LIS 1h25,85,885,2027-04-19T20:45,2027-04-20T16:30,desconhecida,https://www.google.com/travel/flights?q=Flights%20to%20BER%20from%20GRU%20on%202027-04-19%20oneway,cbb1abe9b2fb,
2026-09-16T12:13:28-03:00,google_flights,GRU,AMS,2027-04-19,4770.0,BRL,KLM,KLM,KL 792,0,,0,695,2027-04-19T21:45,2027-04-20T14:20,desconhecida,https://www.google.com/travel/flights?q=Flights%20to%20AMS%20from%20GRU%20on%202027-04-19%20oneway,d43e59eb49ba,
2026-09-16T12:13:38-03:00,google_flights,GRU,MUC,2027-04-18,4871.0,BRL,Air Europa,Air Europa,UX 58 UX 1515,1,MAD 2h05,125,895,2027-04-18T13:50,2027-04-19T09:45,desconhecida,https://www.google.com/travel/flights?q=Flights%20to%20MUC%20from%20GRU%20on%202027-04-18%20oneway,cac71579581b,2027-04-25
2026-09-16T12:13:38-03:00,google_flights,GRU,FRA,2027-04-18,5551.0,BRL,LATAM,LATAM,LA 8070,0,,0,705,2027-04-18T23:40,2027-04-19T16:25,desconhecida,https://www.google.com/travel/flights?q=Flights%20to%20FRA%20from%20GRU%20on%202027-04-18%20oneway,c63339d92f4a,2027-04-25
2026-09-16T12:13:38-03:00,google_flights,GRU,AMS,2027-04-18,6438.0,BRL,KLM,KLM,KL 792,0,,0,695,2027-04-18T21:45,2027-04-19T14:20,desconhecida,https://www.google.com/travel/flights?q=Flights%20to%20AMS%20from%20GRU%20on%202027-04-18%20oneway,12e8ac08b3e9,2027-04-25
2026-09-16T12:13:38-03:00,google_flights,GRU,BER,2027-04-18,4768.0,BRL,LATAM,LATAM|Finnair,LA 8084 AY 1338 AY 1431,2,"LHR 3h05, HEL 8h10",185,1635,2027-04-18T23:50,2027-04-20T08:05,desconhecida,https://www.google.com/travel/flights?q=Flights%20to%20BER%20from%20GRU%20on%202027-04-18%20oneway,6f8ac0d9e973,2027-04-25
2026-09-16T12:13:38-03:00,google_flights,GRU,VIE,2027-04-18,4919.0,BRL,Iberia,Iberia,IB 268 IB 793,1,MAD 6h25,385,1190,2027-04-18T14:10,2027-04-19T15:00,desconhecida,https://www.google.com/travel/flights?q=Flights%20to%20VIE%20from%20GRU%20on%202027-04-18%20oneway,e29bb7f184dd,2027-04-25
2026-09-16T12:13:38-03:00,google_flights,GRU,AMS,2027-04-18,5023.0,BRL,Air Europa,Air Europa,UX 58 UX 1091,1,MAD 2h00,120,890,2027-04-18T13:50,2027-04-19T09:40,desconhecida,https://www.google.com/travel/flights?q=Flights%20to%20AMS%20from%20GRU%20on%202027-04-18%20oneway,7c2f7b17fa24,2027-04-25
2026-09-16T12:13:38-03:00,google_flights,GRU,FRA,2027-04-18,5055.0,BRL,Iberia,Iberia,IB 268 IB 1327,1,MAD 3h05,185,975,2027-04-18T14:10,2027-04-19T11:25,desconhecida,https://www.google.com/travel/flights?q=Flights%20to%20FRA%20from%20GRU%20on%202027-04-18%20oneway,cbe41145af06,2027-04-25
2026-09-16T12:13:38-03:00,google_flights,GRU,BER,2027-04-18,5472.0,BRL,Iberia,Iberia,IB 268 IB 781,1,MAD 1h55,115,925,2027-04-18T14:10,2027-04-19T10:35,desconhecida,https://www.google.com/travel/flights?q=Flights%20to%20BER%20from%20GRU%20on%202027-04-18%20oneway,df6b9b6d398f,2027-04-25
2026-09-16T12:13:38-03:00,google_flights,GIG,VIE,2027-04-18,5541.0,BRL,Iberia,Iberia,IB 270 IB 797,1,MAD 10h00,600,1360,2027-04-18T19:15,2027-04-19T22:55,desconhecida,https://www.google.com/travel/flights?q=Flights%20to%20VIE%20from%20GIG%20on%202027-04-18%20oneway,0f10dfe7d2c3,2027-04-25
2026-09-16T12:13:38-03:00,google_flights,BSB,FRA,2027-04-18,5992.0,BRL,Tap Air Portugal,Tap Air Portugal,TP 58 TP 570,1,LIS 1h40,100,845,2027-04-18T17:25,2027-04-19T12:30,desconhecida,https://www.google.com/travel/flights?q=Flights%20to%20FRA%20from%20BSB%20on%202027-04-18%20oneway,36d723ede46d,2027-04-25
2026-09-16T12:13:38-03:00,google_flights,GRU,AMS,2027-04-18,6157.0,BRL,LATAM,LATAM,LA 8078,0,,0,710,2027-04-18T18:00,2027-04-19T10:50,desconhecida,https://www.google.com/travel/flights?q=Flights%20to%20AMS%20from%20GRU%20on%202027-04-18%20oneway,c905b06bab26,2027-04-25
2026-09-16T16:51:00-03:00,google_flights,GRU,MUC,2027-04-22,3340.0,BRL,Air Europa,Air Europa,UX 58 UX 1515,1,MAD 2h05,125,895,2027-04-22T13:50,2027-04-23T09:45,desconhecida,https://www.google.com/travel/flights?q=Flights%20to%20MUC%20from%20GRU%20on%202027-04-22%20oneway,db7d0116e469,
2026-09-16T16:51:00-03:00,google_flights,GIG,MUC,2027-04-22,3425.0,BRL,ITA,ITA,AZ 673 AZ 432,1,FCO 1h55,115,885,2027-04-22T14:25,2027-04-23T10:10,desconhecida,https://www.google.com/travel/flights?q=Flights%20to%20MUC%20from%20GIG%20on%202027-04-22%20oneway,49bbcd020d85,
2026-09-16T16:51:00-03:00,google_flights,GRU,CPH,2027-04-22,3911.0,BRL,Tap Air Portugal,Tap Air Portugal,TP 82 TP 752,1,LIS 1h30,90,905,2027-04-22T15:30,2027-04-23T11:35,desconhecida,https://www.google.com/travel/flights?q=Flights%20to%20CPH%20from%20GRU%20on%202027-04-22%20oneway,6d1b89cee302,
2026-09-16T16:51:00-03:00,google_flights,GRU,AMS,2027-04-22,2707.0,BRL,United,United,UA 860 UA 946,1,IAD 11h05,665,1745,2027-04-22T21:30,2027-04-24T07:35,desconhecida,https://www.google.com/travel/flights?q=Flights%20to%20AMS%20from%20GRU%20on%202027-04-22%20oneway,34e8230fb190,
2026-09-16T16:51:00-03:00,google_flights,GRU,CPH,2027-04-22,2944.0,BRL,United,United|Lufthansa,UA 844 UA 944 LH 826,2,"ORD 8h15, FRA 1h20",80,1795,2027-04-22T22:20,2027-04-24T09:15,desconhecida,https://www.google.com/travel/flights?q=Flights%20to%20CPH%20from%20GRU%20on%202027-04-22%20oneway,3aa2790a61ad,
2026-09-16T16:51:00-03:00,google_flights,GRU,FRA,2027-04-22,3248.0,BRL,United,United,UA 844 UA 944,1,ORD 8h15,495,1630,2027-04-22T22:20,2027-04-24T06:30,desconhecida,https://www.google.com/travel/flights?q=Flights%20to%20FRA%20from%20GRU%20on%202027-04-22%20oneway,ce909171e59b,
2026-09-16T16:51:00-03:00,google_flights,GRU,MUC,2027-04-22,3248.0,BRL,United,United|Lufthansa,UA 844 LH 437,1,ORD 8h50,530,1665,2027-04-22T22:20,2027-04-24T07:05,desconhecida,https://www.google.com/travel/flights?q=Flights%20to%20MUC%20from%20GRU%20on%202027-04-22%20oneway,fb14a373c36b,
2026-09-16T16:51:00-03:00,google_flights,GRU,VIE,2027-04-22,3248.0,BRL,United,United|Austrian,UA 844 OS 46,1,ORD 9h35,575,1735,2027-04-22T22:20,2027-04-24T08:15,desconhecida,https://www.google.com/travel/flights?q=Flights%20to%20VIE%20from%20GRU%20on%202027-04-22%20oneway,6b5e221ac497,
2026-09-16T16:51:00-03:00,google_flights,GRU,FRA,2027-04-22,3340.0,BRL,Air Europa,Air Europa,UX 58 UX 1503,1,MAD 2h00,120,895,2027-04-22T13:50,2027-04-23T09:45,desconhecida,https://www.google.com/travel/flights?q=Flights%20to%20FRA%20from%20GRU%20on%202027-04-22%20oneway,f1969eb69575,
2026-09-16T16:51:00-03:00,google_flights,GRU,FRA,2027-04-22,3348.0,BRL,ITA,ITA|Lufthansa,AZ 675 LH 231,1,FCO 3h10,190,1005,2027-04-22T14:15,2027-04-23T12:00,desconhecida,https://www.google.com/travel/flights?q=Flights%20to%20FRA%20from%20GRU%20on%202027-04-22%20oneway,28881373973a,
2026-09-16T16:51:00-03:00,google_flights,GIG,FRA,2027-04-22,3367.0,BRL,Tap Air Portugal,Tap Air Portugal,TP 67 TP 574,1,LIS 5h25,325,1100,2027-04-22T23:00,2027-04-23T22:20,desconhecida,https://www.google.com/travel/flights?q=Flights%20to%20FRA%20from%20GIG%20on%202027-04-22%20oneway,fbceafe70fd3,
2026-09-16T16:51:00-03:00,google_flights,GRU,AMS,2027-04-22,3448.0,BRL,Air Europa,Air Europa,UX 58 UX 1091,1,MAD 2h00,120,890,2027-04-22T13:50,2027-04-23T09:40,desconhecida,https://www.google.com/travel/flights?q=Flights%20to%20AMS%20from%20GRU%20on%202027-04-22%20oneway,9290da6ef6b0,
2026-09-16T16:51:00-03:00,google_flights,GRU,FRA,2027-04-22,3530.0,BRL,Tap Air Portugal,Tap Air Portugal,TP 82 TP 570,1,LIS 2h55,175,960,2027-04-22T15:30,2027-04-23T12:30,desconhecida,https://www.google.com/travel/flights?q=Flights%20to%20FRA%20from%20GRU%20on%202027-04-22%20oneway,f99db4da1750,
2026-09-16T16:51:00-03:00,google_flights,GRU,FRA,2027-04-22,3530.0,BRL,Tap Air Portugal,Tap Air Portugal,TP 88 TP 572,1,LIS 3h55,235,1015,2027-04-22T20:45,2027-04-23T18:40,desconhecida,https://www.google.com/travel/flights?q=Flights%20to%20FRA%20from%20GRU%20on%202027-04-22%20oneway,574f3b63b9d5,
2026-09-16T16:51:00-03:00,google_flights,GIG,AMS,2027-04-22,3806.0,BRL,Tap Air Portugal,Tap Air Portugal,TP 76 TP 668,1,LIS 3h20,200,975,2027-04-22T15:35,2027-04-23T12:50,desconhecida,https://www.google.com/travel/flights?q=Flights%20to%20AMS%20from%20GIG%20on%202027-04-22%20oneway,5b46795ba372,
2026-09-16T16:51:00-03:00,google_flights,GIG,AMS,2027-04-22,3806.0,BRL,Tap Air Portugal,Tap Air Portugal,TP 67 TP 672,1,LIS 1h50,110,880,2027-04-22T23:00,2027-04-23T18:40,desconhecida,https://www.google.com/travel/flights?q=Flights%20to%20AMS%20from%20GIG%20on%202027-04-22%20oneway,10eb1445559d,
2026-09-16T16:51:00-03:00,google_flights,GRU,AMS,2027-04-22,4770.0,BRL,KLM,KLM,KL 792,0,,0,695,2027-04-22T21:45,2027-04-23T14:20,desconhecida,https://www.google.com/travel/flights?q=Flights%20to%20AMS%20from%20GRU%20on%202027-04-22%20oneway,06b0b0165473,
2026-09-16T16:51:00-03:00,google_flights,GIG,AMS,2027-04-22,5368.0,BRL,KLM,KLM,KL 706,0,,0,690,2027-04-22T21:55,2027-04-23T14:25,desconhecida,https://www.google.com/travel/flights?q=Flights%20to%20AMS%20from%20GIG%20on%202027-04-22%20oneway,9e9c1a2fb5a7,
2026-09-16T16:51:00-03:00,google_flights,GRU,AMS,2027-04-22,6171.0,BRL,LATAM,LATAM,LA 8078,0,,0,720,2027-04-22T18:00,2027-04-23T11:00,desconhecida,https://www.google.com/travel/flights?q=Flights%20to%20AMS%20from%20GRU%20on%202027-04-22%20oneway,32e37fba96f6,
2026-09-16T16:51:00-03:00,google_flights,GRU,FRA,2027-04-22,6212.0,BRL,LATAM,LATAM,LA 8070,0,,0,705,2027-04-22T23:40,2027-04-23T16:25,desconhecida,https://www.google.com/travel/flights?q=Flights%20to%20FRA%20from%20GRU%20on%202027-04-22%20oneway,12190efa454e,
2026-09-16T16:51:00-03:00,google_flights,GRU,FRA,2027-04-22,6995.0,BRL,Lufthansa,Lufthansa,LH 507,0,,0,695,2027-04-22T18:10,2027-04-23T10:45,desconhecida,https://www.google.com/travel/flights?q=Flights%20to%20FRA%20from%20GRU%20on%202027-04-22%20oneway,1c4f52347c21,
2026-09-16T23:56:13-03:00,google_flights,BSB,FRA,2027-04-20,3225.0,BRL,Tap Air Portugal,Tap Air Portugal,TP 58 TP 570,1,LIS 1h45,105,845,2027-04-20T17:25,2027-04-21T12:30,desconhecida,https://www.google.com/travel/flights?q=Flights%20to%20FRA%20from%20BSB%20on%202027-04-20%20oneway,d30f00213e1c,
2026-09-16T23:56:13-03:00,google_flights,GRU,MUC,2027-04-20,3340.0,BRL,Air Europa,Air Europa,UX 58 UX 1515,1,MAD 2h05,125,895,2027-04-20T13:50,2027-04-21T09:45,desconhecida,https://www.google.com/travel/flights?q=Flights%20to%20MUC%20from%20GRU%20on%202027-04-20%20oneway,ebb631af85ff,
2026-09-16T23:56:13-03:00,google_flights,BSB,BER,2027-04-20,3418.0,BRL,Tap Air Portugal,Tap Air Portugal,TP 58 TP 530,1,LIS 1h25,85,845,2027-04-20T17:25,2027-04-21T12:30,desconhecida,https://www.google.com/travel/flights?q=Flights%20to%20BER%20from%20BSB%20on%202027-04-20%20oneway,a955879f6eae,
2026-09-16T23:56:13-03:00,google_flights,GRU,FRA,2027-04-20,3248.0,BRL,United,United,UA 860 UA 989,1,IAD 10h50,650,1730,2027-04-20T21:30,2027-04-22T07:20,desconhecida,https://www.google.com/travel/flights?q=Flights%20to%20FRA%20from%20GRU%20on%202027-04-20%20oneway,fb57d58baeeb,
2026-09-16T23:56:13-03:00,google_flights,GRU,MUC,2027-04-20,3248.0,BRL,United,United,UA 860 UA 108,1,IAD 11h00,660,1755,2027-04-20T21:30,2027-04-22T07:45,desconhecida,https://www.google.com/travel/flights?q=Flights%20to%20MUC%20from%20GRU%20on%202027-04-20%20oneway,9293c25421f0,
2026-09-16T23:56:13-03:00,google_flights,GIG,FRA,2027-04-20,3388.0,BRL,Tap Air Portugal,Tap Air Portugal,TP 67 TP 570,1,LIS 19h35,1175,1950,2027-04-20T23:00,2027-04-22T12:30,desconhecida,https://www.google.com/travel/flights?q=Flights%20to%20FRA%20from%20GIG%20on%202027-04-20%20oneway,a2583bc01463,
2026-09-16T23:56:13-03:00,google_flights,GRU,AMS,2027-04-20,3448.0,BRL,Air Europa,Air Europa,UX 58 UX 1091,1,MAD 2h00,120,890,2027-04-20T13:50,2027-04-21T09:40,desconhecida,https://www.google.com/travel/flights?q=Flights%20to%20AMS%20from%20GRU%20on%202027-04-20%20oneway,449c11bd5a36,
2026-09-16T23:56:13-03:00,google_flights,GIG,MUC,2027-04-20,3515.0,BRL,Tap Air Portugal,Tap Air Portugal,TP 67 TP 554,1,LIS 2h10,130,900,2027-04-20T23:00,2027-04-21T19:00,desconhecida,https://www.google.com/travel/flights?q=Flights%20to%20MUC%20from%20GIG%20on%202027-04-20%20oneway,81f89426a9f0,
2026-09-16T23:56:13-03:00,google_flights,GIG,CPH,2027-04-20,3684.0,BRL,Tap Air Portugal,Tap Air Portugal,TP 76 TP 752,1,LIS 1h55,115,920,2027-04-20T15:35,2027-04-21T11:55,desconhecida,https://www.google.com/travel/flights?q=Flights%20to%20CPH%20from%20GIG%20on%202027-04-20%20oneway,5438d0aa4e2f,
2026-09-16T23:56:13-03:00,google_flights,GRU,MUC,2027-04-20,3763.0,BRL,ITA,ITA,AZ 675 AZ 432,1,FCO 1h45,105,895,2027-04-20T14:15,2027-04-21T10:10,desconhecida,https://www.google.com/travel/flights?q=Flights%20to%20MUC%20from%20GRU%20on%202027-04-20%20oneway,1bf41774fa90,
2026-09-16T23:56:13-03:00,google_flights,GIG,AMS,2027-04-20,3806.0,BRL,Tap Air Portugal,Tap Air Portugal,TP 67 TP 672,1,LIS 1h50,110,880,2027-04-20T23:00,2027-04-21T18:40,desconhecida,https://www.google.com/travel/flights?q=Flights%20to%20AMS%20from%20GIG%20on%202027-04-20%20oneway,b90c2318d5fc,
2026-09-16T23:56:13-03:00,google_flights,GRU,BER,2027-04-20,4010.0,BRL,Tap Air Portugal,Tap Air Portugal,TP 88 TP 532,1,LIS 1h25,85,885,2027-04-20T20:45,2027-04-21T16:30,desconhecida,https://www.google.com/travel/flights?q=Flights%20to%20BER%20from%20GRU%20on%202027-04-20%20oneway,f2d3e3ddad41,
2026-09-16T23:56:13-03:00,google_flights,GRU,AMS,2027-04-20,4770.0,BRL,KLM,KLM,KL 792,0,,0,695,2027-04-20T21:45,2027-04-21T14:20,desconhecida,https://www.google.com/travel/flights?q=Flights%20to%20AMS%20from%20GRU%20on%202027-04-20%20oneway,0a6fe5cc738f,
2026-09-16T23:56:20-03:00,google_flights,GRU,MUC,2027-04-21,3340.0,BRL,Air Europa,Air Europa,UX 58 UX 1515,1,MAD 2h05,125,895,2027-04-21T13:50,2027-04-22T09:45,desconhecida,https://www.google.com/travel/flights?q=Flights%20to%20MUC%20from%20GRU%20on%202027-04-21%20oneway,304e39efe077,
2026-09-16T23:56:20-03:00,google_flights,GIG,MUC,2027-04-21,3416.0,BRL,ITA,ITA,AZ 673 AZ 432,1,FCO 1h55,115,885,2027-04-21T14:25,2027-04-22T10:10,desconhecida,https://www.google.com/travel/flights?q=Flights%20to%20MUC%20from%20GIG%20on%202027-04-21%20oneway,d1a88439669e,
2026-09-16T23:56:20-03:00,google_flights,BSB,MUC,2027-04-21,3505.0,BRL,Tap Air Portugal,Tap Air Portugal,TP 58 TP 552,1,LIS 1h15,75,810,2027-04-21T18:15,2027-04-22T12:45,desconhecida,https://www.google.com/travel/flights?q=Flights%20to%20MUC%20from%20BSB%20on%202027-04-21%20oneway,ba1615826e8b,
2026-09-16T23:56:20-03:00,google_flights,GRU,AMS,2027-04-21,2707.0,BRL,United,United,UA 860 UA 946,1,IAD 11h05,665,1745,2027-04-21T21:30,2027-04-23T07:35,desconhecida,https://www.google.com/travel/flights?q=Flights%20to%20AMS%20from%20GRU%20on%202027-04-21%20oneway,a5f9b8ad0512,
2026-09-16T23:56:20-03:00,google_flights,GRU,AMS,2027-04-21,2707.0,BRL,United,United,UA 844 UA 909,1,ORD 11h15,675,1810,2027-04-21T22:20,2027-04-23T09:30,desconhecida,https://www.google.com/travel/flights?q=Flights%20to%20AMS%20from%20GRU%20on%202027-04-21%20oneway,83fd411b0929,
2026-09-16T23:56:20-03:00,google_flights,GRU,CPH,2027-04-21,2944.0,BRL,United,United|Lufthansa,UA 844 UA 944 LH 826,2,"ORD 8h15, FRA 1h20",80,1795,2027-04-21T22:20,2027-04-23T09:15,desconhecida,https://www.google.com/travel/flights?q=Flights%20to%20CPH%20from%20GRU%20on%202027-04-21%20oneway,5173dcc928e7,
2026-09-16T23:56:20-03:00,google_flights,GRU,FRA,2027-04-21,3248.0,BRL,United,United,UA 844 UA 944,1,ORD 8h15,495,1630,2027-04-21T22:20,2027-04-23T06:30,desconhecida,https://www.google.com/travel/flights?q=Flights%20to%20FRA%20from%20GRU%20on%202027-04-21%20oneway,e125268cfbdc,
2026-09-16T23:56:20-03:00,google_flights,GRU,MUC,2027-04-21,3248.0,BRL,United,United|Lufthansa,UA 844 LH 437,1,ORD 8h50,530,1665,2027-04-21T22:20,2027-04-23T07:05,desconhecida,https://www.google.com/travel/flights?q=Flights%20to%20MUC%20from%20GRU%20on%202027-04-21%20oneway,31d03b4e110e,
2026-09-16T23:56:20-03:00,google_flights,BSB,FRA,2027-04-21,3272.0,BRL,Tap Air Portugal,Tap Air Portugal,TP 58 TP 574,1,LIS 10h45,645,1385,2027-04-21T18:15,2027-04-22T22:20,desconhecida,https://www.google.com/travel/flights?q=Flights%20to%20FRA%20from%20BSB%20on%202027-04-21%20oneway,8cf24b139c58,
2026-09-16T23:56:20-03:00,google_flights,BSB,FRA,2027-04-21,3283.0,BRL,Tap Air Portugal,Tap Air Portugal,TP 58 TP 572,1,LIS 7h05,425,1165,2027-04-21T18:15,2027-04-22T18:40,desconhecida,https://www.google.com/travel/flights?q=Flights%20to%20FRA%20from%20BSB%20on%202027-04-21%20oneway,1f8045e5e961,
2026-09-16T23:56:20-03:00,google_flights,GIG,AMS,2027-04-21,3387.0,BRL,United,United,UA 128 UA 20,1,IAH 10h40,640,1875,2027-04-21T21:05,2027-04-23T09:20,desconhecida,https://www.google.com/travel/flights?q=Flights%20to%20AMS%20from%20GIG%20on%202027-04-21%20oneway,c3814dc77742,
2026-09-16T23:56:20-03:00,google_flights,GRU,AMS,2027-04-21,3448.0,BRL,Air Europa,Air Europa,UX 58 UX 1091,1,MAD 2h00,120,890,2027-04-21T13:50,2027-04-22T09:40,desconhecida,https://www.google.com/travel/flights?q=Flights%20to%20AMS%20from%20GRU%20on%202027-04-21%20oneway,9c22a2dad831,
2026-09-16T23:56:20-03:00,google_flights,BSB,BER,2027-04-21,3503.0,BRL,Tap Air Portugal,Tap Air Portugal,TP 58 TP 532,1,LIS 4h35,275,1035,2027-04-21T18:15,2027-04-22T16:30,desconhecida,https://www.google.com/travel/flights?q=Flights%20to%20BER%20from%20BSB%20on%202027-04-21%20oneway,7edb5ed8cef7,
2026-09-16T23:56:20-03:00,google_flights,GRU,FRA,2027-04-21,3530.0,BRL,Tap Air Portugal,Tap Air Portugal,TP 82 TP 570,1,LIS 2h55,175,960,2027-04-21T15:30,2027-04-22T12:30,desconhecida,https://www.google.com/travel/flights?q=Flights%20to%20FRA%20from%20GRU%20on%202027-04-21%20oneway,0bac21ee23e8,
2026-09-16T23:56:20-03:00,google_flights,GRU,FRA,2027-04-21,3530.0,BRL,Tap Air Portugal,Tap Air Portugal,TP 88 TP 572,1,LIS 3h55,235,1015,2027-04-21T20:45,2027-04-22T18:40,desconhecida,https://www.google.com/travel/flights?q=Flights%20to%20FRA%20from%20GRU%20on%202027-04-21%20oneway,4d7949f7e1b5,
2026-09-16T23:56:20-03:00,google_flights,GIG,BER,2027-04-21,3804.0,BRL,Tap Air Portugal,Tap Air Portugal,TP 76 TP 530,1,LIS 1h40,100,895,2027-04-21T15:35,2027-04-22T11:30,desconhecida,https://www.google.com/travel/flights?q=Flights%20to%20BER%20from%20GIG%20on%202027-04-21%20oneway,936221ecd6a3,
2026-09-16T23:56:20-03:00,google_flights,GIG,AMS,2027-04-21,3806.0,BRL,Tap Air Portugal,Tap Air Portugal,TP 72 TP 672,1,LIS 2h40,160,930,2027-04-21T22:10,2027-04-22T18:40,desconhecida,https://www.google.com/travel/flights?q=Flights%20to%20AMS%20from%20GIG%20on%202027-04-21%20oneway,3be67f50aefb,
2026-09-16T23:56:20-03:00,google_flights,GRU,CPH,2027-04-21,3911.0,BRL,Tap Air Portugal,Tap Air Portugal,TP 88 TP 754,1,LIS 1h35,95,905,2027-04-21T20:45,2027-04-22T16:50,desconhecida,https://www.google.com/travel/flights?q=Flights%20to%20CPH%20from%20GRU%20on%202027-04-21%20oneway,f657efaa9f39,
2026-09-16T23:56:20-03:00,google_flights,GRU,BER,2027-04-21,4010.0,BRL,Tap Air Portugal,Tap Air Portugal,TP 88 TP 532,1,LIS 1h25,85,885,2027-04-21T20:45,2027-04-22T16:30,desconhecida,https://www.google.com/travel/flights?q=Flights%20to%20BER%20from%20GRU%20on%202027-04-21%20oneway,80de513e57af,
2026-09-16T23:56:20-03:00,google_flights,GRU,AMS,2027-04-21,4770.0,BRL,KLM,KLM,KL 792,0,,0,695,2027-04-21T21:45,2027-04-22T14:20,desconhecida,https://www.google.com/travel/flights?q=Flights%20to%20AMS%20from%20GRU%20on%202027-04-21%20oneway,e2a05f53c049,
2026-09-16T23:56:36-03:00,google_flights,GRU,AMS,2027-04-22,2707.0,BRL,United,United,UA 860 UA 946,1,IAD 11h05,665,1745,2027-04-22T21:30,2027-04-24T07:35,desconhecida,https://www.google.com/travel/flights?q=Flights%20to%20AMS%20from%20GRU%20on%202027-04-22%20oneway,34e8230fb190,
2026-09-16T23:56:36-03:00,google_flights,GRU,MUC,2027-04-22,3340.0,BRL,Air Europa,Air Europa,UX 58 UX 1515,1,MAD 2h05,125,895,2027-04-22T13:50,2027-04-23T09:45,desconhecida,https://www.google.com/travel/flights?q=Flights%20to%20MUC%20from%20GRU%20on%202027-04-22%20oneway,db7d0116e469,
2026-09-16T23:56:36-03:00,google_flights,BSB,BER,2027-04-22,3783.0,BRL,Tap Air Portugal,Tap Air Portugal,TP 58 TP 530,1,LIS 1h30,90,850,2027-04-22T17:10,2027-04-23T12:20,desconhecida,https://www.google.com/travel/flights?q=Flights%20to%20BER%20from%20BSB%20on%202027-04-22%20oneway,94330108dea4,
2026-09-16T23:56:36-03:00,google_flights,GRU,CPH,2027-04-22,2944.0,BRL,United,United|Lufthansa,UA 844 UA 944 LH 826,2,"ORD 8h15, FRA 1h20",80,1795,2027-04-22T22:20,2027-04-24T09:15,desconhecida,https://www.google.com/travel/flights?q=Flights%20to%20CPH%20from%20GRU%20on%202027-04-22%20oneway,3aa2790a61ad,
2026-09-16T23:56:36-03:00,google_flights,BSB,FRA,2027-04-22,3219.0,BRL,Tap Air Portugal,Tap Air Portugal,TP 58 TP 574,1,LIS 11h50,710,1450,2027-04-22T17:10,2027-04-23T22:20,desconhecida,https://www.google.com/travel/flights?q=Flights%20to%20FRA%20from%20BSB%20on%202027-04-22%20oneway,ce93dc6fdaa8,
2026-09-16T23:56:36-03:00,google_flights,GIG,FRA,2027-04-22,3367.0,BRL,Tap Air Portugal,Tap Air Portugal,TP 67 TP 574,1,LIS 5h25,325,1100,2027-04-22T23:00,2027-04-23T22:20,desconhecida,https://www.google.com/travel/flights?q=Flights%20to%20FRA%20from%20GIG%20on%202027-04-22%20oneway,fbceafe70fd3,
2026-09-16T23:56:36-03:00,google_flights,GRU,AMS,2027-04-22,3448.0,BRL,Air Europa,Air Europa,UX 58 UX 1091,1,MAD 2h00,120,890,2027-04-22T13:50,2027-04-23T09:40,desconhecida,https://www.google.com/travel/flights?q=Flights%20to%20AMS%20from%20GRU%20on%202027-04-22%20oneway,9290da6ef6b0,
2026-09-16T23:56:36-03:00,google_flights,BSB,FRA,2027-04-22,3500.0,BRL,Tap Air Portugal,Tap Air Portugal,TP 58 TP 570,1,LIS 2h00,120,860,2027-04-22T17:10,2027-04-23T12:30,desconhecida,https://www.google.com/travel/flights?q=Flights%20to%20FRA%20from%20BSB%20on%202027-04-22%20oneway,09fd94a52530,
2026-09-16T23:56:36-03:00,google_flights,GRU,FRA,2027-04-22,3530.0,BRL,Tap Air Portugal,Tap Air Portugal,TP 88 TP 572,1,LIS 3h55,235,1015,2027-04-22T20:45,2027-04-23T18:40,desconhecida,https://www.google.com/travel/flights?q=Flights%20to%20FRA%20from%20GRU%20on%202027-04-22%20oneway,574f3b63b9d5,
2026-09-16T23:56:36-03:00,google_flights,GIG,AMS,2027-04-22,3806.0,BRL,Tap Air Portugal,Tap Air Portugal,TP 67 TP 672,1,LIS 1h50,110,880,2027-04-22T23:00,2027-04-23T18:40,desconhecida,https://www.google.com/travel/flights?q=Flights%20to%20AMS%20from%20GIG%20on%202027-04-22%20oneway,10eb1445559d,
2026-09-16T23:56:36-03:00,google_flights,GIG,MUC,2027-04-22,3847.0,BRL,ITA,ITA,AZ 673 AZ 432,1,FCO 1h55,115,885,2027-04-22T14:25,2027-04-23T10:10,desconhecida,https://www.google.com/travel/flights?q=Flights%20to%20MUC%20from%20GIG%20on%202027-04-22%20oneway,49bbcd020d85,
2026-09-16T23:56:36-03:00,google_flights,GRU,CPH,2027-04-22,3911.0,BRL,Tap Air Portugal,Tap Air Portugal,TP 82 TP 752,1,LIS 1h30,90,905,2027-04-22T15:30,2027-04-23T11:35,desconhecida,https://www.google.com/travel/flights?q=Flights%20to%20CPH%20from%20GRU%20on%202027-04-22%20oneway,6d1b89cee302,
2026-09-16T23:56:36-03:00,google_flights,GRU,AMS,2027-04-22,4770.0,BRL,KLM,KLM,KL 792,0,,0,695,2027-04-22T21:45,2027-04-23T14:20,desconhecida,https://www.google.com/travel/flights?q=Flights%20to%20AMS%20from%20GRU%20on%202027-04-22%20oneway,06b0b0165473,
2026-09-17T12:22:43-03:00,google_flights,GRU,MUC,2027-04-23,3342.0,BRL,Air Europa,Air Europa,UX 58 UX 1515,1,MAD 2h05,125,895,2027-04-23T13:50,2027-04-24T09:45,desconhecida,https://www.google.com/travel/flights?q=Flights%20to%20MUC%20from%20GRU%20on%202027-04-23%20oneway,97342844ea27,
2026-09-17T12:22:43-03:00,google_flights,GRU,FRA,2027-04-23,3342.0,BRL,Air Europa,Air Europa,UX 58 UX 1503,1,MAD 2h00,120,895,2027-04-23T13:50,2027-04-24T09:45,desconhecida,https://www.google.com/travel/flights?q=Flights%20to%20FRA%20from%20GRU%20on%202027-04-23%20oneway,018a145e3f8c,
2026-09-17T12:22:43-03:00,google_flights,GRU,AMS,2027-04-23,3450.0,BRL,Air Europa,Air Europa,UX 58 UX 1091,1,MAD 2h00,120,890,2027-04-23T13:50,2027-04-24T09:40,desconhecida,https://www.google.com/travel/flights?q=Flights%20to%20AMS%20from%20GRU%20on%202027-04-23%20oneway,0765540ef092,
2026-09-17T12:22:43-03:00,google_flights,BSB,MUC,2027-04-23,3507.0,BRL,Tap Air Portugal,Tap Air Portugal,TP 58 TP 552,1,LIS 1h15,75,810,2027-04-23T18:15,2027-04-24T12:45,desconhecida,https://www.google.com/travel/flights?q=Flights%20to%20MUC%20from%20BSB%20on%202027-04-23%20oneway,13c063c3b460,
2026-09-17T12:22:43-03:00,google_flights,GIG,MUC,2027-04-23,3863.0,BRL,ITA,ITA,AZ 673 AZ 432,1,FCO 1h55,115,885,2027-04-23T14:25,2027-04-24T10:10,desconhecida,https://www.google.com/travel/flights?q=Flights%20to%20MUC%20from%20GIG%20on%202027-04-23%20oneway,10c1d26917ae,
2026-09-17T12:22:43-03:00,google_flights,BSB,FRA,2027-04-23,3226.0,BRL,Tap Air Portugal,Tap Air Portugal,TP 58 TP 574,1,LIS 10h45,645,1385,2027-04-23T18:15,2027-04-24T22:20,desconhecida,https://www.google.com/travel/flights?q=Flights%20to%20FRA%20from%20BSB%20on%202027-04-23%20oneway,2f3ad3ae5c31,
2026-09-17T12:22:43-03:00,google_flights,GRU,FRA,2027-04-23,3250.0,BRL,United,United,UA 844 UA 944,1,ORD 8h15,495,1630,2027-04-23T22:20,2027-04-25T06:30,desconhecida,https://www.google.com/travel/flights?q=Flights%20to%20FRA%20from%20GRU%20on%202027-04-23%20oneway,2227cb013b5e,
2026-09-17T12:22:43-03:00,google_flights,GRU,MUC,2027-04-23,3250.0,BRL,United,United|Lufthansa,UA 844 LH 437,1,ORD 8h50,530,1665,2027-04-23T22:20,2027-04-25T07:05,desconhecida,https://www.google.com/travel/flights?q=Flights%20to%20MUC%20from%20GRU%20on%202027-04-23%20oneway,78800f9ccdf9,
2026-09-17T12:22:43-03:00,google_flights,GIG,FRA,2027-04-23,3389.0,BRL,Tap Air Portugal,Tap Air Portugal,TP 72 TP 570,1,LIS 20h25,1225,2000,2027-04-23T22:10,2027-04-25T12:30,desconhecida,https://www.google.com/travel/flights?q=Flights%20to%20FRA%20from%20GIG%20on%202027-04-23%20oneway,732db51c57c7,
2026-09-17T12:22:43-03:00,google_flights,GIG,FRA,2027-04-23,3431.0,BRL,ITA,ITA|Lufthansa,AZ 673 LH 231,1,FCO 3h20,200,995,2027-04-23T14:25,2027-04-24T12:00,desconhecida,https://www.google.com/travel/flights?q=Flights%20to%20FRA%20from%20GIG%20on%202027-04-23%20oneway,c99639132557,
2026-09-17T12:22:43-03:00,google_flights,GRU,FRA,2027-04-23,3532.0,BRL,Tap Air Portugal,Tap Air Portugal,TP 84 TP 574,1,LIS 3h35,215,995,2027-04-23T00:45,2027-04-23T22:20,desconhecida,https://www.google.com/travel/flights?q=Flights%20to%20FRA%20from%20GRU%20on%202027-04-23%20oneway,811518dae145,
2026-09-17T12:22:43-03:00,google_flights,GRU,FRA,2027-04-23,3532.0,BRL,Tap Air Portugal,Tap Air Portugal,TP 88 TP 572,1,LIS 3h55,235,1015,2027-04-23T20:45,2027-04-24T18:40,desconhecida,https://www.google.com/travel/flights?q=Flights%20to%20FRA%20from%20GRU%20on%202027-04-23%20oneway,42d6f851e8ff,
2026-09-17T12:22:43-03:00,google_flights,GIG,AMS,2027-04-23,3808.0,BRL,Tap Air Portugal,Tap Air Portugal,TP 72 TP 672,1,LIS 2h40,160,930,2027-04-23T22:10,2027-04-24T18:40,desconhecida,https://www.google.com/travel/flights?q=Flights%20to%20AMS%20from%20GIG%20on%202027-04-23%20oneway,f38b0c66d6d3,
2026-09-17T12:22:43-03:00,google_flights,GRU,CPH,2027-04-23,3913.0,BRL,Tap Air Portugal,Tap Air Portugal,TP 88 TP 754,1,LIS 1h35,95,905,2027-04-23T20:45,2027-04-24T16:50,desconhecida,https://www.google.com/travel/flights?q=Flights%20to%20CPH%20from%20GRU%20on%202027-04-23%20oneway,eb0d045f9774,
2026-09-17T12:23:00-03:00,google_flights,BSB,FRA,2027-04-13,3226.0,BRL,Tap Air Portugal,Tap Air Portugal,TP 58 TP 570,1,LIS 1h45,105,845,2027-04-13T17:25,2027-04-14T12:30,desconhecida,https://www.google.com/travel/flights?q=Flights%20to%20FRA%20from%20BSB%20on%202027-04-13%20oneway,32c4d3959239,
2026-09-17T12:23:00-03:00,google_flights,GRU,MUC,2027-04-13,3342.0,BRL,Air Europa,Air Europa,UX 58 UX 1515,1,MAD 2h05,125,895,2027-04-13T13:50,2027-04-14T09:45,desconhecida,https://www.google.com/travel/flights?q=Flights%20to%20MUC%20from%20GRU%20on%202027-04-13%20oneway,89dde1e4fb72,
2026-09-17T12:23:00-03:00,google_flights,GIG,MUC,2027-04-13,3431.0,BRL,ITA,ITA,AZ 673 AZ 432,1,FCO 1h55,115,885,2027-04-13T14:25,2027-04-14T10:10,desconhecida,https://www.google.com/travel/flights?q=Flights%20to%20MUC%20from%20GIG%20on%202027-04-13%20oneway,1778eae09ff6,
2026-09-17T12:23:00-03:00,google_flights,GRU,AMS,2027-04-13,2853.0,BRL,United,United,UA 860 UA 946,1,IAD 11h05,665,1745,2027-04-13T21:30,2027-04-15T07:35,desconhecida,https://www.google.com/travel/flights?q=Flights%20to%20AMS%20from%20GRU%20on%202027-04-13%20oneway,993cb09a255b,
2026-09-17T12:23:00-03:00,google_flights,BSB,FRA,2027-04-13,3221.0,BRL,Tap Air Portugal,Tap Air Portugal,TP 58 TP 574,1,LIS 11h35,695,1435,2027-04-13T17:25,2027-04-14T22:20,desconhecida,https://www.google.com/travel/flights?q=Flights%20to%20FRA%20from%20BSB%20on%202027-04-13%20oneway,f9a60dc2a6e7,
2026-09-17T12:23:00-03:00,google_flights,GRU,FRA,2027-04-13,3342.0,BRL,Air Europa,Air Europa,UX 58 UX 1503,1,MAD 2h00,120,895,2027-04-13T13:50,2027-04-14T09:45,desconhecida,https://www.google.com/travel/flights?q=Flights%20to%20FRA%20from%20GRU%20on%202027-04-13%20oneway,7216aeb19bc4,
2026-09-17T12:23:00-03:00,google_flights,GIG,FRA,2027-04-13,3389.0,BRL,Tap Air Portugal,Tap Air Portugal,TP 67 TP 570,1,LIS 19h35,1175,1950,2027-04-13T23:00,2027-04-15T12:30,desconhecida,https://www.google.com/travel/flights?q=Flights%20to%20FRA%20from%20GIG%20on%202027-04-13%20oneway,4b191a535f77,
2026-09-17T12:23:00-03:00,google_flights,GRU,AMS,2027-04-13,3450.0,BRL,Air Europa,Air Europa,UX 58 UX 1091,1,MAD 2h00,120,890,2027-04-13T13:50,2027-04-14T09:40,desconhecida,https://www.google.com/travel/flights?q=Flights%20to%20AMS%20from%20GRU%20on%202027-04-13%20oneway,3db0f4651e45,
2026-09-17T12:23:00-03:00,google_flights,GIG,MUC,2027-04-13,3517.0,BRL,Tap Air Portugal,Tap Air Portugal,TP 67 TP 554,1,LIS 2h10,130,900,2027-04-13T23:00,2027-04-14T19:00,desconhecida,https://www.google.com/travel/flights?q=Flights%20to%20MUC%20from%20GIG%20on%202027-04-13%20oneway,1480baeeffd6,
2026-09-17T12:23:00-03:00,google_flights,GIG,FRA,2027-04-13,3654.0,BRL,Tap Air Portugal,Tap Air Portugal,TP 67 TP 572,1,LIS 1h45,105,880,2027-04-13T23:00,2027-04-14T18:40,desconhecida,https://www.google.com/travel/flights?q=Flights%20to%20FRA%20from%20GIG%20on%202027-04-13%20oneway,1a6e34bfcfe3,
2026-09-17T12:23:00-03:00,google_flights,GRU,BER,2027-04-13,4012.0,BRL,Tap Air Portugal,Tap Air Portugal,TP 88 TP 532,1,LIS 1h25,85,885,2027-04-13T20:45,2027-04-14T16:30,desconhecida,https://www.google.com/travel/flights?q=Flights%20to%20BER%20from%20GRU%20on%202027-04-13%20oneway,221c7cfe14ca,
2026-09-17T12:23:00-03:00,google_flights,GRU,AMS,2027-04-13,4774.0,BRL,KLM,KLM,KL 792,0,,0,695,2027-04-13T21:45,2027-04-14T14:20,desconhecida,https://www.google.com/travel/flights?q=Flights%20to%20AMS%20from%20GRU%20on%202027-04-13%20oneway,eec57785371c,
2026-09-17T12:23:06-03:00,google_flights,GRU,MUC,2027-04-14,3342.0,BRL,Air Europa,Air Europa,UX 58 UX 1515,1,MAD 2h05,125,895,2027-04-14T13:50,2027-04-15T09:45,desconhecida,https://www.google.com/travel/flights?q=Flights%20to%20MUC%20from%20GRU%20on%202027-04-14%20oneway,7624e028df3b,
2026-09-17T12:23:06-03:00,google_flights,BSB,BER,2027-04-14,3399.0,BRL,Tap Air Portugal,Tap Air Portugal,TP 58 TP 532,1,LIS 4h35,275,1035,2027-04-14T18:15,2027-04-15T16:30,desconhecida,https://www.google.com/travel/flights?q=Flights%20to%20BER%20from%20BSB%20on%202027-04-14%20oneway,499644a01337,
2026-09-17T12:23:06-03:00,google_flights,GIG,MUC,2027-04-14,3431.0,BRL,ITA,ITA,AZ 673 AZ 432,1,FCO 1h55,115,885,2027-04-14T14:25,2027-04-15T10:10,desconhecida,https://www.google.com/travel/flights?q=Flights%20to%20MUC%20from%20GIG%20on%202027-04-14%20oneway,9aa28d0b8710,
2026-09-17T12:23:06-03:00,google_flights,BSB,FRA,2027-04-14,3194.0,BRL,Tap Air Portugal,Tap Air Portugal,TP 58 TP 574,1,LIS 10h45,645,1385,2027-04-14T18:15,2027-04-15T22:20,desconhecida,https://www.google.com/travel/flights?q=Flights%20to%20FRA%20from%20BSB%20on%202027-04-14%20oneway,393ae2ea61ce,
2026-09-17T12:23:06-03:00,google_flights,BSB,FRA,2027-04-14,3226.0,BRL,Tap Air Portugal,Tap Air Portugal,TP 58 TP 572,1,LIS 7h05,425,1165,2027-04-14T18:15,2027-04-15T18:40,desconhecida,https://www.google.com/travel/flights?q=Flights%20to%20FRA%20from%20BSB%20on%202027-04-14%20oneway,1bd221e05782,
2026-09-17T12:23:06-03:00,google_flights,GRU,FRA,2027-04-14,3342.0,BRL,Air Europa,Air Europa,UX 58 UX 1503,1,MAD 2h00,120,895,2027-04-14T13:50,2027-04-15T09:45,desconhecida,https://www.google.com/travel/flights?q=Flights%20to%20FRA%20from%20GRU%20on%202027-04-14%20oneway,42af1b8d0b20,
2026-09-17T12:23:06-03:00,google_flights,GRU,FRA,2027-04-14,3347.0,BRL,ITA,ITA|Lufthansa,AZ 675 LH 231,1,FCO 3h10,190,1005,2027-04-14T14:15,2027-04-15T12:00,desconhecida,https://www.google.com/travel/flights?q=Flights%20to%20FRA%20from%20GRU%20on%202027-04-14%20oneway,9fdb02f47150,
2026-09-17T12:23:06-03:00,google_flights,GIG,FRA,2027-04-14,3389.0,BRL,Tap Air Portugal,Tap Air Portugal,TP 72 TP 570,1,LIS 20h25,1225,2000,2027-04-14T22:10,2027-04-16T12:30,desconhecida,https://www.google.com/travel/flights?q=Flights%20to%20FRA%20from%20GIG%20on%202027-04-14%20oneway,f34be8da2fc8,
2026-09-17T12:23:06-03:00,google_flights,GRU,AMS,2027-04-14,3450.0,BRL,Air Europa,Air Europa,UX 58 UX 1091,1,MAD 2h00,120,890,2027-04-14T13:50,2027-04-15T09:40,desconhecida,https://www.google.com/travel/flights?q=Flights%20to%20AMS%20from%20GRU%20on%202027-04-14%20oneway,2e7619170711,
2026-09-17T12:23:06-03:00,google_flights,BSB,MUC,2027-04-14,3507.0,BRL,Tap Air Portugal,Tap Air Portugal,TP 58 TP 552,1,LIS 1h15,75,810,2027-04-14T18:15,2027-04-15T12:45,desconhecida,https://www.google.com/travel/flights?q=Flights%20to%20MUC%20from%20BSB%20on%202027-04-14%20oneway,7ec990e98150,
2026-09-17T12:23:06-03:00,google_flights,GIG,MUC,2027-04-14,3517.0,BRL,Tap Air Portugal,Tap Air Portugal,TP 72 TP 554,1,LIS 3h00,180,950,2027-04-14T22:10,2027-04-15T19:00,desconhecida,https://www.google.com/travel/flights?q=Flights%20to%20MUC%20from%20GIG%20on%202027-04-14%20oneway,7e6f39c22e9c,
2026-09-17T12:23:06-03:00,google_flights,GRU,FRA,2027-04-14,3532.0,BRL,Tap Air Portugal,Tap Air Portugal,TP 82 TP 570,1,LIS 2h55,175,960,2027-04-14T15:30,2027-04-15T12:30,desconhecida,https://www.google.com/travel/flights?q=Flights%20to%20FRA%20from%20GRU%20on%202027-04-14%20oneway,4dd555cdaeaa,
2026-09-17T12:23:06-03:00,google_flights,GRU,FRA,2027-04-14,3532.0,BRL,Tap Air Portugal,Tap Air Portugal,TP 88 TP 572,1,LIS 3h55,235,1015,2027-04-14T20:45,2027-04-15T18:40,desconhecida,https://www.google.com/travel/flights?q=Flights%20to%20FRA%20from%20GRU%20on%202027-04-14%20oneway,034fcc90f438,
2026-09-17T12:23:06-03:00,google_flights,GRU,AMS,2027-04-14,3649.0,BRL,ITA,ITA,AZ 679 AZ 110,1,FCO 3h05,185,1030,2027-04-14T18:55,2027-04-15T17:05,desconhecida,https://www.google.com/travel/flights?q=Flights%20to%20AMS%20from%20GRU%20on%202027-04-14%20oneway,fd6ff2b73f65,
2026-09-17T12:23:06-03:00,google_flights,GIG,VIE,2027-04-14,3697.0,BRL,Tap Air Portugal,Tap Air Portugal,TP 72 TP 1272,1,LIS 2h00,120,915,2027-04-14T22:10,2027-04-15T18:25,desconhecida,https://www.google.com/travel/flights?q=Flights%20to%20VIE%20from%20GIG%20on%202027-04-14%20oneway,786d6ccbbfb7,
2026-09-17T12:23:06-03:00,google_flights,GIG,BER,2027-04-14,3806.0,BRL,Tap Air Portugal,Tap Air Portugal,TP 76 TP 530,1,LIS 1h40,100,895,2027-04-14T15:35,2027-04-15T11:30,desconhecida,https://www.google.com/travel/flights?q=Flights%20to%20BER%20from%20GIG%20on%202027-04-14%20oneway,ea2decc1901e,
2026-09-17T12:23:06-03:00,google_flights,GRU,CPH,2027-04-14,3913.0,BRL,Tap Air Portugal,Tap Air Portugal,TP 88 TP 754,1,LIS 1h35,95,905,2027-04-14T20:45,2027-04-15T16:50,desconhecida,https://www.google.com/travel/flights?q=Flights%20to%20CPH%20from%20GRU%20on%202027-04-14%20oneway,8236d2e27cb0,
2026-09-17T12:23:06-03:00,google_flights,GRU,BER,2027-04-14,4012.0,BRL,Tap Air Portugal,Tap Air Portugal,TP 88 TP 532,1,LIS 1h25,85,885,2027-04-14T20:45,2027-04-15T16:30,desconhecida,https://www.google.com/travel/flights?q=Flights%20to%20BER%20from%20GRU%20on%202027-04-14%20oneway,fa9d9bfa6b27,
2026-09-17T12:23:06-03:00,google_flights,GRU,AMS,2027-04-14,4774.0,BRL,KLM,KLM,KL 792,0,,0,695,2027-04-14T21:45,2027-04-15T14:20,desconhecida,https://www.google.com/travel/flights?q=Flights%20to%20AMS%20from%20GRU%20on%202027-04-14%20oneway,a227768e07f8,
2026-09-17T12:23:13-03:00,google_flights,BSB,FRA,2027-04-15,3200.0,BRL,Tap Air Portugal,Tap Air Portugal,TP 58 TP 570,1,LIS 2h00,120,860,2027-04-15T17:10,2027-04-16T12:30,desconhecida,https://www.google.com/travel/flights?q=Flights%20to%20FRA%20from%20BSB%20on%202027-04-15%20oneway,1bac683938cf,
2026-09-17T12:23:13-03:00,google_flights,GRU,MUC,2027-04-15,3342.0,BRL,Air Europa,Air Europa,UX 58 UX 1515,1,MAD 2h05,125,895,2027-04-15T13:50,2027-04-16T09:45,desconhecida,https://www.google.com/travel/flights?q=Flights%20to%20MUC%20from%20GRU%20on%202027-04-15%20oneway,ea70709f8ca6,
2026-09-17T12:23:13-03:00,google_flights,BSB,BER,2027-04-15,3510.0,BRL,Tap Air Portugal,Tap Air Portugal,TP 58 TP 530,1,LIS 1h30,90,850,2027-04-15T17:10,2027-04-16T12:20,desconhecida,https://www.google.com/travel/flights?q=Flights%20to%20BER%20from%20BSB%20on%202027-04-15%20oneway,10e5ea50537b,
2026-09-17T12:23:13-03:00,google_flights,GRU,FRA,2027-04-15,3342.0,BRL,Air Europa,Air Europa,UX 58 UX 1503,1,MAD 2h00,120,895,2027-04-15T13:50,2027-04-16T09:45,desconhecida,https://www.google.com/travel/flights?q=Flights%20to%20FRA%20from%20GRU%20on%202027-04-15%20oneway,e4e7a045f348,
2026-09-17T12:23:13-03:00,google_flights,GIG,FRA,2027-04-15,3368.0,BRL,Tap Air Portugal,Tap Air Portugal,TP 67 TP 574,1,LIS 5h25,325,1100,2027-04-15T23:00,2027-04-16T22:20,desconhecida,https://www.google.com/travel/flights?q=Flights%20to%20FRA%20from%20GIG%20on%202027-04-15%20oneway,0c58dea3cd97,
2026-09-17T12:23:13-03:00,google_flights,GRU,AMS,2027-04-15,3450.0,BRL,Air Europa,Air Europa,UX 58 UX 1091,1,MAD 2h00,120,890,2027-04-15T13:50,2027-04-16T09:40,desconhecida,https://www.google.com/travel/flights?q=Flights%20to%20AMS%20from%20GRU%20on%202027-04-15%20oneway,103601d11364,
2026-09-17T12:23:13-03:00,google_flights,GRU,MUC,2027-04-15,3780.0,BRL,ITA,ITA,AZ 675 AZ 432,1,FCO 1h45,105,895,2027-04-15T14:15,2027-04-16T10:10,desconhecida,https://www.google.com/travel/flights?q=Flights%20to%20MUC%20from%20GRU%20on%202027-04-15%20oneway,b25752c0b2c7,
2026-09-17T12:23:13-03:00,google_flights,GIG,AMS,2027-04-15,3808.0,BRL,Tap Air Portugal,Tap Air Portugal,TP 67 TP 672,1,LIS 1h50,110,880,2027-04-15T23:00,2027-04-16T18:40,desconhecida,https://www.google.com/travel/flights?q=Flights%20to%20AMS%20from%20GIG%20on%202027-04-15%20oneway,ff715c6fc969,
2026-09-17T12:23:13-03:00,google_flights,GRU,CPH,2027-04-15,3913.0,BRL,Tap Air Portugal,Tap Air Portugal,TP 82 TP 752,1,LIS 1h30,90,905,2027-04-15T15:30,2027-04-16T11:35,desconhecida,https://www.google.com/travel/flights?q=Flights%20to%20CPH%20from%20GRU%20on%202027-04-15%20oneway,45c78dcfb0ca,
2026-09-17T12:23:13-03:00,google_flights,GIG,CPH,2027-04-15,3972.0,BRL,Tap Air Portugal,Tap Air Portugal,TP 76 TP 752,1,LIS 1h35,95,900,2027-04-15T15:35,2027-04-16T11:35,desconhecida,https://www.google.com/travel/flights?q=Flights%20to%20CPH%20from%20GIG%20on%202027-04-15%20oneway,a9403f45d45d,
2026-09-17T12:23:13-03:00,google_flights,GRU,AMS,2027-04-15,4774.0,BRL,KLM,KLM,KL 792,0,,0,695,2027-04-15T21:45,2027-04-16T14:20,desconhecida,https://www.google.com/travel/flights?q=Flights%20to%20AMS%20from%20GRU%20on%202027-04-15%20oneway,fded42f851d2,
2026-09-17T12:23:24-03:00,google_flights,GRU,MUC,2027-04-18,5025.0,BRL,Air Europa,Air Europa,UX 58 UX 1515,1,MAD 2h05,125,895,2027-04-18T13:50,2027-04-19T09:45,desconhecida,https://www.google.com/travel/flights?q=Flights%20to%20MUC%20from%20GRU%20on%202027-04-18%20oneway,cac71579581b,2027-04-25
2026-09-17T12:23:24-03:00,google_flights,GRU,FRA,2027-04-18,5551.0,BRL,LATAM,LATAM,LA 8070,0,,0,705,2027-04-18T23:40,2027-04-19T16:25,desconhecida,https://www.google.com/travel/flights?q=Flights%20to%20FRA%20from%20GRU%20on%202027-04-18%20oneway,c63339d92f4a,2027-04-25
2026-09-17T12:23:24-03:00,google_flights,GRU,AMS,2027-04-18,6400.0,BRL,KLM,KLM,KL 792,0,,0,695,2027-04-18T21:45,2027-04-19T14:20,desconhecida,https://www.google.com/travel/flights?q=Flights%20to%20AMS%20from%20GRU%20on%202027-04-18%20oneway,12e8ac08b3e9,2027-04-25
2026-09-17T12:23:24-03:00,google_flights,GRU,VIE,2027-04-18,4920.0,BRL,Iberia,Iberia,IB 268 IB 793,1,MAD 6h25,385,1190,2027-04-18T14:10,2027-04-19T15:00,desconhecida,https://www.google.com/travel/flights?q=Flights%20to%20VIE%20from%20GRU%20on%202027-04-18%20oneway,e29bb7f184dd,2027-04-25
2026-09-17T12:23:24-03:00,google_flights,GRU,VIE,2027-04-18,4920.0,BRL,Iberia,Iberia,IB 268 IB 795,1,MAD 10h25,625,1430,2027-04-18T14:10,2027-04-19T19:00,desconhecida,https://www.google.com/travel/flights?q=Flights%20to%20VIE%20from%20GRU%20on%202027-04-18%20oneway,698eca5d55cd,2027-04-25
2026-09-17T12:23:24-03:00,google_flights,GRU,VIE,2027-04-18,4920.0,BRL,Iberia,Iberia,IB 272 IB 797,1,MAD 9h10,550,1355,2027-04-18T19:20,2027-04-19T22:55,desconhecida,https://www.google.com/travel/flights?q=Flights%20to%20VIE%20from%20GRU%20on%202027-04-18%20oneway,46a601b083aa,2027-04-25
2026-09-17T12:23:24-03:00,google_flights,GRU,BER,2027-04-18,5016.0,BRL,LATAM,LATAM|Finnair,LA 8084 AY 1338 AY 1431,2,"LHR 3h05, HEL 8h10",185,1635,2027-04-18T23:50,2027-04-20T08:05,desconhecida,https://www.google.com/travel/flights?q=Flights%20to%20BER%20from%20GRU%20on%202027-04-18%20oneway,6f8ac0d9e973,2027-04-25
2026-09-17T12:23:24-03:00,google_flights,GRU,FRA,2027-04-18,5054.0,BRL,Iberia,Iberia,IB 268 IB 1327,1,MAD 3h05,185,975,2027-04-18T14:10,2027-04-19T11:25,desconhecida,https://www.google.com/travel/flights?q=Flights%20to%20FRA%20from%20GRU%20on%202027-04-18%20oneway,cbe41145af06,2027-04-25
2026-09-17T12:23:24-03:00,google_flights,GRU,AMS,2027-04-18,5175.0,BRL,Air Europa,Air Europa,UX 58 UX 1091,1,MAD 2h00,120,890,2027-04-18T13:50,2027-04-19T09:40,desconhecida,https://www.google.com/travel/flights?q=Flights%20to%20AMS%20from%20GRU%20on%202027-04-18%20oneway,7c2f7b17fa24,2027-04-25
2026-09-17T12:23:24-03:00,google_flights,GRU,VIE,2027-04-18,5275.0,BRL,Iberia,Iberia,IB 272 IB 793,1,MAD 1h15,75,880,2027-04-18T19:20,2027-04-19T15:00,desconhecida,https://www.google.com/travel/flights?q=Flights%20to%20VIE%20from%20GRU%20on%202027-04-18%20oneway,e12578bd7e68,2027-04-25
2026-09-17T12:23:24-03:00,google_flights,GRU,BER,2027-04-18,5472.0,BRL,Iberia,Iberia,IB 268 IB 781,1,MAD 1h55,115,925,2027-04-18T14:10,2027-04-19T10:35,desconhecida,https://www.google.com/travel/flights?q=Flights%20to%20BER%20from%20GRU%20on%202027-04-18%20oneway,df6b9b6d398f,2027-04-25
2026-09-17T12:23:24-03:00,google_flights,GIG,VIE,2027-04-18,5542.0,BRL,Iberia,Iberia,IB 270 IB 797,1,MAD 10h00,600,1360,2027-04-18T19:15,2027-04-19T22:55,desconhecida,https://www.google.com/travel/flights?q=Flights%20to%20VIE%20from%20GIG%20on%202027-04-18%20oneway,0f10dfe7d2c3,2027-04-25
2026-09-17T12:23:24-03:00,google_flights,BSB,FRA,2027-04-18,5990.0,BRL,Tap Air Portugal,Tap Air Portugal,TP 58 TP 570,1,LIS 1h40,100,845,2027-04-18T17:25,2027-04-19T12:30,desconhecida,https://www.google.com/travel/flights?q=Flights%20to%20FRA%20from%20BSB%20on%202027-04-18%20oneway,36d723ede46d,2027-04-25
2026-09-17T12:23:24-03:00,google_flights,GRU,AMS,2027-04-18,6028.0,BRL,LATAM,LATAM,LA 8078,0,,0,710,2027-04-18T18:00,2027-04-19T10:50,desconhecida,https://www.google.com/travel/flights?q=Flights%20to%20AMS%20from%20GRU%20on%202027-04-18%20oneway,c905b06bab26,2027-04-25
2026-09-17T16:59:49-03:00,google_flights,GRU,MUC,2027-04-22,3342.0,BRL,Air Europa,Air Europa,UX 58 UX 1515,1,MAD 2h05,125,895,2027-04-22T13:50,2027-04-23T09:45,desconhecida,https://www.google.com/travel/flights?q=Flights%20to%20MUC%20from%20GRU%20on%202027-04-22%20oneway,db7d0116e469,
2026-09-17T16:59:49-03:00,google_flights,GIG,MUC,2027-04-22,3419.0,BRL,ITA,ITA,AZ 673 AZ 432,1,FCO 1h55,115,885,2027-04-22T14:25,2027-04-23T10:10,desconhecida,https://www.google.com/travel/flights?q=Flights%20to%20MUC%20from%20GIG%20on%202027-04-22%20oneway,49bbcd020d85,
2026-09-17T16:59:49-03:00,google_flights,BSB,BER,2027-04-22,3785.0,BRL,Tap Air Portugal,Tap Air Portugal,TP 58 TP 530,1,LIS 1h30,90,850,2027-04-22T17:10,2027-04-23T12:20,desconhecida,https://www.google.com/travel/flights?q=Flights%20to%20BER%20from%20BSB%20on%202027-04-22%20oneway,94330108dea4,
2026-09-17T16:59:49-03:00,google_flights,GRU,AMS,2027-04-22,2709.0,BRL,United,United,UA 860 UA 946,1,IAD 11h05,665,1745,2027-04-22T21:30,2027-04-24T07:35,desconhecida,https://www.google.com/travel/flights?q=Flights%20to%20AMS%20from%20GRU%20on%202027-04-22%20oneway,34e8230fb190,
2026-09-17T16:59:49-03:00,google_flights,GRU,CPH,2027-04-22,2945.0,BRL,United,United|Lufthansa,UA 844 UA 944 LH 826,2,"ORD 8h15, FRA 1h20",80,1795,2027-04-22T22:20,2027-04-24T09:15,desconhecida,https://www.google.com/travel/flights?q=Flights%20to%20CPH%20from%20GRU%20on%202027-04-22%20oneway,3aa2790a61ad,
2026-09-17T16:59:49-03:00,google_flights,GIG,AMS,2027-04-22,2972.0,BRL,United,United,UA 128 UA 20,1,IAH 10h40,640,1875,2027-04-22T21:05,2027-04-24T09:20,desconhecida,https://www.google.com/travel/flights?q=Flights%20to%20AMS%20from%20GIG%20on%202027-04-22%20oneway,03f5dad5ff81,
2026-09-17T16:59:49-03:00,google_flights,GRU,AMS,2027-04-22,3206.0,BRL,ITA,ITA,AZ 675 AZ 110,1,FCO 7h45,465,1310,2027-04-22T14:15,2027-04-23T17:05,desconhecida,https://www.google.com/travel/flights?q=Flights%20to%20AMS%20from%20GRU%20on%202027-04-22%20oneway,2eaa563b1088,
2026-09-17T16:59:49-03:00,google_flights,BSB,FRA,2027-04-22,3221.0,BRL,Tap Air Portugal,Tap Air Portugal,TP 58 TP 574,1,LIS 11h50,710,1450,2027-04-22T17:10,2027-04-23T22:20,desconhecida,https://www.google.com/travel/flights?q=Flights%20to%20FRA%20from%20BSB%20on%202027-04-22%20oneway,ce93dc6fdaa8,
2026-09-17T16:59:49-03:00,google_flights,GRU,FRA,2027-04-22,3342.0,BRL,Air Europa,Air Europa,UX 58 UX 1503,1,MAD 2h00,120,895,2027-04-22T13:50,2027-04-23T09:45,desconhecida,https://www.google.com/travel/flights?q=Flights%20to%20FRA%20from%20GRU%20on%202027-04-22%20oneway,f1969eb69575,
2026-09-17T16:59:49-03:00,google_flights,GIG,FRA,2027-04-22,3368.0,BRL,Tap Air Portugal,Tap Air Portugal,TP 67 TP 574,1,LIS 5h25,325,1100,2027-04-22T23:00,2027-04-23T22:20,desconhecida,https://www.google.com/travel/flights?q=Flights%20to%20FRA%20from%20GIG%20on%202027-04-22%20oneway,fbceafe70fd3,
2026-09-17T16:59:49-03:00,google_flights,GRU,AMS,2027-04-22,3450.0,BRL,Air Europa,Air Europa,UX 58 UX 1091,1,MAD 2h00,120,890,2027-04-22T13:50,2027-04-23T09:40,desconhecida,https://www.google.com/travel/flights?q=Flights%20to%20AMS%20from%20GRU%20on%202027-04-22%20oneway,9290da6ef6b0,
2026-09-17T16:59:49-03:00,google_flights,BSB,FRA,2027-04-22,3501.0,BRL,Tap Air Portugal,Tap Air Portugal,TP 58 TP 570,1,LIS 2h00,120,860,2027-04-22T17:10,2027-04-23T12:30,desconhecida,https://www.google.com/travel/flights?q=Flights%20to%20FRA%20from%20BSB%20on%202027-04-22%20oneway,09fd94a52530,
2026-09-17T16:59:49-03:00,google_flights,GRU,FRA,2027-04-22,3532.0,BRL,Tap Air Portugal,Tap Air Portugal,TP 88 TP 572,1,LIS 3h55,235,1015,2027-04-22T20:45,2027-04-23T18:40,desconhecida,https://www.google.com/travel/flights?q=Flights%20to%20FRA%20from%20GRU%20on%202027-04-22%20oneway,574f3b63b9d5,
2026-09-17T16:59:49-03:00,google_flights,GIG,AMS,2027-04-22,3808.0,BRL,Tap Air Portugal,Tap Air Portugal,TP 67 TP 672,1,LIS 1h50,110,880,2027-04-22T23:00,2027-04-23T18:40,desconhecida,https://www.google.com/travel/flights?q=Flights%20to%20AMS%20from%20GIG%20on%202027-04-22%20oneway,10eb1445559d,
2026-09-17T16:59:49-03:00,google_flights,GRU,CPH,2027-04-22,3913.0,BRL,Tap Air Portugal,Tap Air Portugal,TP 82 TP 752,1,LIS 1h30,90,905,2027-04-22T15:30,2027-04-23T11:35,desconhecida,https://www.google.com/travel/flights?q=Flights%20to%20CPH%20from%20GRU%20on%202027-04-22%20oneway,6d1b89cee302,
2026-09-17T16:59:49-03:00,google_flights,GRU,AMS,2027-04-22,4774.0,BRL,KLM,KLM,KL 792,0,,0,695,2027-04-22T21:45,2027-04-23T14:20,desconhecida,https://www.google.com/travel/flights?q=Flights%20to%20AMS%20from%20GRU%20on%202027-04-22%20oneway,06b0b0165473,
2026-09-17T23:42:55-03:00,google_flights,GRU,MUC,2027-04-16,3342.0,BRL,Air Europa,Air Europa,UX 58 UX 1515,1,MAD 2h05,125,895,2027-04-16T13:50,2027-04-17T09:45,desconhecida,https://www.google.com/travel/flights?q=Flights%20to%20MUC%20from%20GRU%20on%202027-04-16%20oneway,2d2a5d201e53,
2026-09-17T23:42:55-03:00,google_flights,BSB,BER,2027-04-16,3441.0,BRL,Tap Air Portugal,Tap Air Portugal,TP 58 TP 532,1,LIS 4h35,275,1035,2027-04-16T18:15,2027-04-17T16:30,desconhecida,https://www.google.com/travel/flights?q=Flights%20to%20BER%20from%20BSB%20on%202027-04-16%20oneway,810284bd19b5,
2026-09-17T23:42:55-03:00,google_flights,BSB,MUC,2027-04-16,3507.0,BRL,Tap Air Portugal,Tap Air Portugal,TP 58 TP 552,1,LIS 1h15,75,810,2027-04-16T18:15,2027-04-17T12:45,desconhecida,https://www.google.com/travel/flights?q=Flights%20to%20MUC%20from%20BSB%20on%202027-04-16%20oneway,01ba35474d69,
2026-09-17T23:42:55-03:00,google_flights,BSB,FRA,2027-04-16,3226.0,BRL,Tap Air Portugal,Tap Air Portugal,TP 58 TP 574,1,LIS 10h45,645,1385,2027-04-16T18:15,2027-04-17T22:20,desconhecida,https://www.google.com/travel/flights?q=Flights%20to%20FRA%20from%20BSB%20on%202027-04-16%20oneway,7ecaccc5d2bb,
2026-09-17T23:42:55-03:00,google_flights,GRU,FRA,2027-04-16,3342.0,BRL,Air Europa,Air Europa,UX 58 UX 1503,1,MAD 2h00,120,895,2027-04-16T13:50,2027-04-17T09:45,desconhecida,https://www.google.com/travel/flights?q=Flights%20to%20FRA%20from%20GRU%20on%202027-04-16%20oneway,831a52a03c94,
2026-09-17T23:42:55-03:00,google_flights,GIG,FRA,2027-04-16,3389.0,BRL,Tap Air Portugal,Tap Air Portugal,TP 72 TP 570,1,LIS 20h25,1225,2000,2027-04-16T22:10,2027-04-18T12:30,desconhecida,https://www.google.com/travel/flights?q=Flights%20to%20FRA%20from%20GIG%20on%202027-04-16%20oneway,99c1c9cd9640,
2026-09-17T23:42:55-03:00,google_flights,GRU,AMS,2027-04-16,3450.0,BRL,Air Europa,Air Europa,UX 58 UX 1091,1,MAD 2h00,120,890,2027-04-16T13:50,2027-04-17T09:40,desconhecida,https://www.google.com/travel/flights?q=Flights%20to%20AMS%20from%20GRU%20on%202027-04-16%20oneway,144b19177258,
2026-09-17T23:42:55-03:00,google_flights,GRU,FRA,2027-04-16,3532.0,BRL,Tap Air Portugal,Tap Air Portugal,TP 84 TP 574,1,LIS 3h35,215,995,2027-04-16T00:45,2027-04-16T22:20,desconhecida,https://www.google.com/travel/flights?q=Flights%20to%20FRA%20from%20GRU%20on%202027-04-16%20oneway,e8d758931521,
2026-09-17T23:42:55-03:00,google_flights,BSB,FRA,2027-04-16,3682.0,BRL,Gol,Gol|Air Europa,G3 1720 UX 84 UX 1509,2,"SSA 22h35, MAD 4h00",240,2390,2027-04-16T21:05,2027-04-18T17:55,desconhecida,https://www.google.com/travel/flights?q=Flights%20to%20FRA%20from%20BSB%20on%202027-04-16%20oneway,faabac07bd55,
2026-09-17T23:42:55-03:00,google_flights,GRU,AMS,2027-04-16,3754.0,BRL,Tap Air Portugal,Tap Air Portugal,TP 88 TP 672,1,LIS 4h00,240,1015,2027-04-16T20:45,2027-04-17T18:40,desconhecida,https://www.google.com/travel/flights?q=Flights%20to%20AMS%20from%20GRU%20on%202027-04-16%20oneway,50cb0d455dbd,
2026-09-17T23:42:55-03:00,google_flights,GRU,CPH,2027-04-16,3913.0,BRL,Tap Air Portugal,Tap Air Portugal,TP 88 TP 754,1,LIS 1h35,95,905,2027-04-16T20:45,2027-04-17T16:50,desconhecida,https://www.google.com/travel/flights?q=Flights%20to%20CPH%20from%20GRU%20on%202027-04-16%20oneway,ee68f439a462,
2026-09-17T23:42:55-03:00,google_flights,GRU,AMS,2027-04-16,4774.0,BRL,KLM,KLM,KL 792,0,,0,695,2027-04-16T21:45,2027-04-17T14:20,desconhecida,https://www.google.com/travel/flights?q=Flights%20to%20AMS%20from%20GRU%20on%202027-04-16%20oneway,cd6d849d0be5,
2026-09-17T23:42:55-03:00,google_flights,GIG,AMS,2027-04-16,5371.0,BRL,KLM,KLM,KL 706,0,,0,690,2027-04-16T21:55,2027-04-17T14:25,desconhecida,https://www.google.com/travel/flights?q=Flights%20to%20AMS%20from%20GIG%20on%202027-04-16%20oneway,3e96cbde9cdf,
2026-09-17T23:43:01-03:00,google_flights,BSB,FRA,2027-04-17,3284.0,BRL,Tap Air Portugal,Tap Air Portugal,TP 58 TP 570,1,LIS 2h00,120,860,2027-04-17T17:10,2027-04-18T12:30,desconhecida,https://www.google.com/travel/flights?q=Flights%20to%20FRA%20from%20BSB%20on%202027-04-17%20oneway,28f22ccb09f2,
2026-09-17T23:43:01-03:00,google_flights,GRU,MUC,2027-04-17,3342.0,BRL,Air Europa,Air Europa,UX 58 UX 1515,1,MAD 2h05,125,895,2027-04-17T13:50,2027-04-18T09:45,desconhecida,https://www.google.com/travel/flights?q=Flights%20to%20MUC%20from%20GRU%20on%202027-04-17%20oneway,8ba6bf437bb1,
2026-09-17T23:43:01-03:00,google_flights,GRU,FRA,2027-04-17,3342.0,BRL,Air Europa,Air Europa,UX 58 UX 1503,1,MAD 2h00,120,895,2027-04-17T13:50,2027-04-18T09:45,desconhecida,https://www.google.com/travel/flights?q=Flights%20to%20FRA%20from%20GRU%20on%202027-04-17%20oneway,0ec89e82a78d,
2026-09-17T23:43:01-03:00,google_flights,GRU,AMS,2027-04-17,3450.0,BRL,Air Europa,Air Europa,UX 58 UX 1091,1,MAD 2h00,120,890,2027-04-17T13:50,2027-04-18T09:40,desconhecida,https://www.google.com/travel/flights?q=Flights%20to%20AMS%20from%20GRU%20on%202027-04-17%20oneway,d388ebf4e88b,
2026-09-17T23:43:01-03:00,google_flights,GIG,MUC,2027-04-17,3840.0,BRL,ITA,ITA,AZ 673 AZ 432,1,FCO 1h55,115,885,2027-04-17T14:25,2027-04-18T10:10,desconhecida,https://www.google.com/travel/flights?q=Flights%20to%20MUC%20from%20GIG%20on%202027-04-17%20oneway,88e66c018187,
2026-09-17T23:43:01-03:00,google_flights,BSB,FRA,2027-04-17,3205.0,BRL,Tap Air Portugal,Tap Air Portugal,TP 58 TP 574,1,LIS 11h50,710,1450,2027-04-17T17:10,2027-04-18T22:20,desconhecida,https://www.google.com/travel/flights?q=Flights%20to%20FRA%20from%20BSB%20on%202027-04-17%20oneway,5fbdf399ed80,
2026-09-17T23:43:01-03:00,google_flights,GIG,FRA,2027-04-17,3368.0,BRL,Tap Air Portugal,Tap Air Portugal,TP 67 TP 574,1,LIS 5h25,325,1100,2027-04-17T23:00,2027-04-18T22:20,desconhecida,https://www.google.com/travel/flights?q=Flights%20to%20FRA%20from%20GIG%20on%202027-04-17%20oneway,be52c2706fef,
2026-09-17T23:43:01-03:00,google_flights,GIG,FRA,2027-04-17,3654.0,BRL,Tap Air Portugal,Tap Air Portugal,TP 67 TP 572,1,LIS 1h45,105,880,2027-04-17T23:00,2027-04-18T18:40,desconhecida,https://www.google.com/travel/flights?q=Flights%20to%20FRA%20from%20GIG%20on%202027-04-17%20oneway,343f1f9cba20,
2026-09-17T23:43:01-03:00,google_flights,BSB,FRA,2027-04-17,3682.0,BRL,LATAM,LATAM|Air Europa,LA 3409 UX 84 UX 1509,2,"SSA 4h55, MAD 4h00",240,1325,2027-04-17T14:50,2027-04-18T17:55,desconhecida,https://www.google.com/travel/flights?q=Flights%20to%20FRA%20from%20BSB%20on%202027-04-17%20oneway,290db4605188,
2026-09-17T23:43:01-03:00,google_flights,GRU,CPH,2027-04-17,3913.0,BRL,Tap Air Portugal,Tap Air Portugal,TP 82 TP 752,1,LIS 1h50,110,925,2027-04-17T15:30,2027-04-18T11:55,desconhecida,https://www.google.com/travel/flights?q=Flights%20to%20CPH%20from%20GRU%20on%202027-04-17%20oneway,11d6df5bb6af,
2026-09-17T23:43:12-03:00,google_flights,BSB,FRA,2027-04-18,3284.0,BRL,Tap Air Portugal,Tap Air Portugal,TP 58 TP 570,1,LIS 1h40,100,845,2027-04-18T17:25,2027-04-19T12:30,desconhecida,https://www.google.com/travel/flights?q=Flights%20to%20FRA%20from%20BSB%20on%202027-04-18%20oneway,36d723ede46d,
2026-09-17T23:43:12-03:00,google_flights,GRU,MUC,2027-04-18,3327.0,BRL,ITA,ITA|Lufthansa,AZ 675 LH 1873,1,FCO 1h10,70,860,2027-04-18T14:15,2027-04-19T09:35,desconhecida,https://www.google.com/travel/flights?q=Flights%20to%20MUC%20from%20GRU%20on%202027-04-18%20oneway,61f6db03d492,
2026-09-17T23:43:12-03:00,google_flights,GRU,AMS,2027-04-18,3450.0,BRL,Air Europa,Air Europa,UX 58 UX 1091,1,MAD 2h00,120,890,2027-04-18T13:50,2027-04-19T09:40,desconhecida,https://www.google.com/travel/flights?q=Flights%20to%20AMS%20from%20GRU%20on%202027-04-18%20oneway,7c2f7b17fa24,
2026-09-17T23:43:12-03:00,google_flights,GRU,MUC,2027-04-18,3342.0,BRL,Air Europa,Air Europa,UX 58 UX 1515,1,MAD 2h05,125,895,2027-04-18T13:50,2027-04-19T09:45,desconhecida,https://www.google.com/travel/flights?q=Flights%20to%20MUC%20from%20GRU%20on%202027-04-18%20oneway,cac71579581b,
2026-09-17T23:43:12-03:00,google_flights,GRU,FRA,2027-04-18,3342.0,BRL,Air Europa,Air Europa,UX 58 UX 1503,1,MAD 2h00,120,895,2027-04-18T13:50,2027-04-19T09:45,desconhecida,https://www.google.com/travel/flights?q=Flights%20to%20FRA%20from%20GRU%20on%202027-04-18%20oneway,5acefc48a67a,
2026-09-17T23:43:12-03:00,google_flights,GIG,FRA,2027-04-18,3368.0,BRL,Tap Air Portugal,Tap Air Portugal,TP 72 TP 574,1,LIS 6h15,375,1150,2027-04-18T22:10,2027-04-19T22:20,desconhecida,https://www.google.com/travel/flights?q=Flights%20to%20FRA%20from%20GIG%20on%202027-04-18%20oneway,caae135e5a67,
2026-09-17T23:43:12-03:00,google_flights,GRU,AMS,2027-04-18,3394.0,BRL,United,United,UA 860 UA 946,1,IAD 11h05,665,1745,2027-04-18T21:30,2027-04-20T07:35,desconhecida,https://www.google.com/travel/flights?q=Flights%20to%20AMS%20from%20GRU%20on%202027-04-18%20oneway,841de97db4b7,
2026-09-17T23:43:12-03:00,google_flights,GRU,AMS,2027-04-18,3754.0,BRL,Tap Air Portugal,Tap Air Portugal,TP 88 TP 672,1,LIS 4h05,245,1020,2027-04-18T20:40,2027-04-19T18:40,desconhecida,https://www.google.com/travel/flights?q=Flights%20to%20AMS%20from%20GRU%20on%202027-04-18%20oneway,5fd4cbfae9ed,
2026-09-17T23:43:12-03:00,google_flights,GIG,AMS,2027-04-18,3808.0,BRL,Tap Air Portugal,Tap Air Portugal,TP 72 TP 672,1,LIS 2h40,160,930,2027-04-18T22:10,2027-04-19T18:40,desconhecida,https://www.google.com/travel/flights?q=Flights%20to%20AMS%20from%20GIG%20on%202027-04-18%20oneway,ebb951d44e88,
2026-09-17T23:43:12-03:00,google_flights,GIG,FRA,2027-04-18,3840.0,BRL,ITA,ITA,AZ 673 AZ 400,1,FCO 2h05,125,925,2027-04-18T14:25,2027-04-19T10:50,desconhecida,https://www.google.com/travel/flights?q=Flights%20to%20FRA%20from%20GIG%20on%202027-04-18%20oneway,2b9e8528fe35,
2026-09-17T23:43:12-03:00,google_flights,GRU,CPH,2027-04-18,3913.0,BRL,Tap Air Portugal,Tap Air Portugal,TP 82 TP 752,1,LIS 1h50,110,925,2027-04-18T15:30,2027-04-19T11:55,desconhecida,https://www.google.com/travel/flights?q=Flights%20to%20CPH%20from%20GRU%20on%202027-04-18%20oneway,db301dc75e91,
2026-09-17T23:43:12-03:00,google_flights,GIG,CPH,2027-04-18,3972.0,BRL,Tap Air Portugal,Tap Air Portugal,TP 76 TP 752,1,LIS 1h55,115,920,2027-04-18T15:35,2027-04-19T11:55,desconhecida,https://www.google.com/travel/flights?q=Flights%20to%20CPH%20from%20GIG%20on%202027-04-18%20oneway,de47119372d9,
2026-09-17T23:43:12-03:00,google_flights,GIG,CPH,2027-04-18,4275.0,BRL,Iberia,Iberia,IB 270 IB 817,1,MAD 1h30,90,865,2027-04-18T19:15,2027-04-19T14:40,desconhecida,https://www.google.com/travel/flights?q=Flights%20to%20CPH%20from%20GIG%20on%202027-04-18%20oneway,e17d32200546,
2026-09-18T11:42:21-03:00,google_flights,BSB,FRA,2027-04-19,3284.0,BRL,Tap Air Portugal,Tap Air Portugal,TP 58 TP 570,1,LIS 1h45,105,845,2027-04-19T17:25,2027-04-20T12:30,desconhecida,https://www.google.com/travel/flights?q=Flights%20to%20FRA%20from%20BSB%20on%202027-04-19%20oneway,7721d2d28dbf,
2026-09-18T11:42:21-03:00,google_flights,GRU,MUC,2027-04-19,3342.0,BRL,Air Europa,Air Europa,UX 58 UX 1515,1,MAD 2h05,125,895,2027-04-19T13:50,2027-04-20T09:45,desconhecida,https://www.google.com/travel/flights?q=Flights%20to%20MUC%20from%20GRU%20on%202027-04-19%20oneway,efa495909ca0,
2026-09-18T11:42:21-03:00,google_flights,GRU,AMS,2027-04-19,3650.0,BRL,ITA,ITA,AZ 675 AZ 108,1,FCO 1h40,100,945,2027-04-19T14:15,2027-04-20T11:00,desconhecida,https://www.google.com/travel/flights?q=Flights%20to%20AMS%20from%20GRU%20on%202027-04-19%20oneway,84bad96cd72f,
2026-09-18T11:42:21-03:00,google_flights,GRU,AMS,2027-04-19,3219.0,BRL,ITA,ITA,AZ 675 AZ 110,1,FCO 7h45,465,1310,2027-04-19T14:15,2027-04-20T17:05,desconhecida,https://www.google.com/travel/flights?q=Flights%20to%20AMS%20from%20GRU%20on%202027-04-19%20oneway,c8f29bf8ee4c,
2026-09-18T11:42:21-03:00,google_flights,GRU,FRA,2027-04-19,3342.0,BRL,Air Europa,Air Europa,UX 58 UX 1503,1,MAD 2h00,120,895,2027-04-19T13:50,2027-04-20T09:45,desconhecida,https://www.google.com/travel/flights?q=Flights%20to%20FRA%20from%20GRU%20on%202027-04-19%20oneway,2ab0796500a9,
2026-09-18T11:42:21-03:00,google_flights,GIG,FRA,2027-04-19,3368.0,BRL,Tap Air Portugal,Tap Air Portugal,TP 72 TP 572,1,LIS 2h35,155,930,2027-04-19T22:10,2027-04-20T18:40,desconhecida,https://www.google.com/travel/flights?q=Flights%20to%20FRA%20from%20GIG%20on%202027-04-19%20oneway,c140b9eebab4,
2026-09-18T11:42:21-03:00,google_flights,GRU,AMS,2027-04-19,3450.0,BRL,Air Europa,Air Europa,UX 58 UX 1091,1,MAD 2h00,120,890,2027-04-19T13:50,2027-04-20T09:40,desconhecida,https://www.google.com/travel/flights?q=Flights%20to%20AMS%20from%20GRU%20on%202027-04-19%20oneway,96c8dd0da8c7,
2026-09-18T11:42:21-03:00,google_flights,GRU,FRA,2027-04-19,3532.0,BRL,Tap Air Portugal,Tap Air Portugal,TP 84 TP 574,1,LIS 3h35,215,995,2027-04-19T00:45,2027-04-19T22:20,desconhecida,https://www.google.com/travel/flights?q=Flights%20to%20FRA%20from%20GRU%20on%202027-04-19%20oneway,08c1eb583b55,
2026-09-18T11:42:21-03:00,google_flights,GIG,BER,2027-04-19,3805.0,BRL,Tap Air Portugal,Tap Air Portugal,TP 76 TP 530,1,LIS 1h40,100,895,2027-04-19T15:35,2027-04-20T11:30,desconhecida,https://www.google.com/travel/flights?q=Flights%20to%20BER%20from%20GIG%20on%202027-04-19%20oneway,a8dc90ff0e6a,
2026-09-18T11:42:21-03:00,google_flights,GRU,CPH,2027-04-19,3913.0,BRL,Tap Air Portugal,Tap Air Portugal,TP 88 TP 754,1,LIS 1h35,95,905,2027-04-19T20:45,2027-04-20T16:50,desconhecida,https://www.google.com/travel/flights?q=Flights%20to%20CPH%20from%20GRU%20on%202027-04-19%20oneway,6dd8cd2c1f51,
2026-09-18T11:42:21-03:00,google_flights,GRU,BER,2027-04-19,4011.0,BRL,Tap Air Portugal,Tap Air Portugal,TP 88 TP 532,1,LIS 1h25,85,885,2027-04-19T20:45,2027-04-20T16:30,desconhecida,https://www.google.com/travel/flights?q=Flights%20to%20BER%20from%20GRU%20on%202027-04-19%20oneway,cbb1abe9b2fb,
2026-09-18T11:42:21-03:00,google_flights,GRU,AMS,2027-04-19,4773.0,BRL,KLM,KLM,KL 792,0,,0,695,2027-04-19T21:45,2027-04-20T14:20,desconhecida,https://www.google.com/travel/flights?q=Flights%20to%20AMS%20from%20GRU%20on%202027-04-19%20oneway,d43e59eb49ba,
2026-09-18T11:42:33-03:00,google_flights,BSB,FRA,2027-04-20,3226.0,BRL,Tap Air Portugal,Tap Air Portugal,TP 58 TP 570,1,LIS 1h45,105,845,2027-04-20T17:25,2027-04-21T12:30,desconhecida,https://www.google.com/travel/flights?q=Flights%20to%20FRA%20from%20BSB%20on%202027-04-20%20oneway,d30f00213e1c,
2026-09-18T11:42:33-03:00,google_flights,GRU,MUC,2027-04-20,3342.0,BRL,Air Europa,Air Europa,UX 58 UX 1515,1,MAD 2h05,125,895,2027-04-20T13:50,2027-04-21T09:45,desconhecida,https://www.google.com/travel/flights?q=Flights%20to%20MUC%20from%20GRU%20on%202027-04-20%20oneway,ebb631af85ff,
2026-09-18T11:42:33-03:00,google_flights,BSB,BER,2027-04-20,3419.0,BRL,Tap Air Portugal,Tap Air Portugal,TP 58 TP 530,1,LIS 1h25,85,845,2027-04-20T17:25,2027-04-21T12:30,desconhecida,https://www.google.com/travel/flights?q=Flights%20to%20BER%20from%20BSB%20on%202027-04-20%20oneway,a955879f6eae,
2026-09-18T11:42:33-03:00,google_flights,GRU,FRA,2027-04-20,3250.0,BRL,United,United,UA 860 UA 989,1,IAD 10h50,650,1730,2027-04-20T21:30,2027-04-22T07:20,desconhecida,https://www.google.com/travel/flights?q=Flights%20to%20FRA%20from%20GRU%20on%202027-04-20%20oneway,fb57d58baeeb,
2026-09-18T11:42:33-03:00,google_flights,GRU,MUC,2027-04-20,3250.0,BRL,United,United,UA 860 UA 108,1,IAD 11h00,660,1755,2027-04-20T21:30,2027-04-22T07:45,desconhecida,https://www.google.com/travel/flights?q=Flights%20to%20MUC%20from%20GRU%20on%202027-04-20%20oneway,9293c25421f0,
2026-09-18T11:42:33-03:00,google_flights,GRU,FRA,2027-04-20,3342.0,BRL,Air Europa,Air Europa,UX 58 UX 1503,1,MAD 2h00,120,895,2027-04-20T13:50,2027-04-21T09:45,desconhecida,https://www.google.com/travel/flights?q=Flights%20to%20FRA%20from%20GRU%20on%202027-04-20%20oneway,71f776be3cfe,
2026-09-18T11:42:33-03:00,google_flights,GIG,FRA,2027-04-20,3368.0,BRL,Tap Air Portugal,Tap Air Portugal,TP 76 TP 570,1,LIS 3h00,180,955,2027-04-20T15:35,2027-04-21T12:30,desconhecida,https://www.google.com/travel/flights?q=Flights%20to%20FRA%20from%20GIG%20on%202027-04-20%20oneway,df6d6d19ea0b,
2026-09-18T11:42:33-03:00,google_flights,GRU,AMS,2027-04-20,3450.0,BRL,Air Europa,Air Europa,UX 58 UX 1091,1,MAD 2h00,120,890,2027-04-20T13:50,2027-04-21T09:40,desconhecida,https://www.google.com/travel/flights?q=Flights%20to%20AMS%20from%20GRU%20on%202027-04-20%20oneway,449c11bd5a36,
2026-09-18T11:42:33-03:00,google_flights,GIG,MUC,2027-04-20,3516.0,BRL,Tap Air Portugal,Tap Air Portugal,TP 67 TP 554,1,LIS 2h10,130,900,2027-04-20T23:00,2027-04-21T19:00,desconhecida,https://www.google.com/travel/flights?q=Flights%20to%20MUC%20from%20GIG%20on%202027-04-20%20oneway,81f89426a9f0,
2026-09-18T11:42:33-03:00,google_flights,GIG,FRA,2027-04-20,3654.0,BRL,Tap Air Portugal,Tap Air Portugal,TP 67 TP 572,1,LIS 1h45,105,880,2027-04-20T23:00,2027-04-21T18:40,desconhecida,https://www.google.com/travel/flights?q=Flights%20to%20FRA%20from%20GIG%20on%202027-04-20%20oneway,8b90f9d4f761,
2026-09-18T11:42:33-03:00,google_flights,GIG,CPH,2027-04-20,3685.0,BRL,Tap Air Portugal,Tap Air Portugal,TP 76 TP 752,1,LIS 1h55,115,920,2027-04-20T15:35,2027-04-21T11:55,desconhecida,https://www.google.com/travel/flights?q=Flights%20to%20CPH%20from%20GIG%20on%202027-04-20%20oneway,5438d0aa4e2f,
2026-09-18T11:42:33-03:00,google_flights,GRU,BER,2027-04-20,4011.0,BRL,Tap Air Portugal,Tap Air Portugal,TP 88 TP 532,1,LIS 1h25,85,885,2027-04-20T20:45,2027-04-21T16:30,desconhecida,https://www.google.com/travel/flights?q=Flights%20to%20BER%20from%20GRU%20on%202027-04-20%20oneway,f2d3e3ddad41,
2026-09-18T11:42:33-03:00,google_flights,GRU,AMS,2027-04-20,4773.0,BRL,KLM,KLM,KL 792,0,,0,695,2027-04-20T21:45,2027-04-21T14:20,desconhecida,https://www.google.com/travel/flights?q=Flights%20to%20AMS%20from%20GRU%20on%202027-04-20%20oneway,0a6fe5cc738f,
2026-09-18T11:42:39-03:00,google_flights,GRU,MUC,2027-04-21,3342.0,BRL,Air Europa,Air Europa,UX 58 UX 1515,1,MAD 2h05,125,895,2027-04-21T13:50,2027-04-22T09:45,desconhecida,https://www.google.com/travel/flights?q=Flights%20to%20MUC%20from%20GRU%20on%202027-04-21%20oneway,304e39efe077,
2026-09-18T11:42:39-03:00,google_flights,BSB,MUC,2027-04-21,3506.0,BRL,Tap Air Portugal,Tap Air Portugal,TP 58 TP 552,1,LIS 1h15,75,810,2027-04-21T18:15,2027-04-22T12:45,desconhecida,https://www.google.com/travel/flights?q=Flights%20to%20MUC%20from%20BSB%20on%202027-04-21%20oneway,ba1615826e8b,
2026-09-18T11:42:39-03:00,google_flights,GIG,MUC,2027-04-21,3533.0,BRL,ITA,ITA,AZ 673 AZ 432,1,FCO 1h55,115,885,2027-04-21T14:25,2027-04-22T10:10,desconhecida,https://www.google.com/travel/flights?q=Flights%20to%20MUC%20from%20GIG%20on%202027-04-21%20oneway,d1a88439669e,
2026-09-18T11:42:39-03:00,google_flights,GRU,CPH,2027-04-21,2945.0,BRL,United,United|Lufthansa,UA 844 UA 944 LH 826,2,"ORD 8h15, FRA 1h20",80,1795,2027-04-21T22:20,2027-04-23T09:15,desconhecida,https://www.google.com/travel/flights?q=Flights%20to%20CPH%20from%20GRU%20on%202027-04-21%20oneway,5173dcc928e7,
2026-09-18T11:42:39-03:00,google_flights,BSB,FRA,2027-04-21,3236.0,BRL,Tap Air Portugal,Tap Air Portugal,TP 58 TP 572,1,LIS 7h05,425,1165,2027-04-21T18:15,2027-04-22T18:40,desconhecida,https://www.google.com/travel/flights?q=Flights%20to%20FRA%20from%20BSB%20on%202027-04-21%20oneway,1f8045e5e961,
2026-09-18T11:42:39-03:00,google_flights,GRU,MUC,2027-04-21,3250.0,BRL,United,United,UA 860 UA 108,1,IAD 11h00,660,1755,2027-04-21T21:30,2027-04-23T07:45,desconhecida,https://www.google.com/travel/flights?q=Flights%20to%20MUC%20from%20GRU%20on%202027-04-21%20oneway,cdb818873c06,
2026-09-18T11:42:39-03:00,google_flights,GRU,FRA,2027-04-21,3342.0,BRL,Air Europa,Air Europa,UX 58 UX 1503,1,MAD 2h00,120,895,2027-04-21T13:50,2027-04-22T09:45,desconhecida,https://www.google.com/travel/flights?q=Flights%20to%20FRA%20from%20GRU%20on%202027-04-21%20oneway,22814f2ca842,
2026-09-18T11:42:39-03:00,google_flights,GIG,AMS,2027-04-21,3389.0,BRL,United,United,UA 128 UA 20,1,IAH 10h40,640,1875,2027-04-21T21:05,2027-04-23T09:20,desconhecida,https://www.google.com/travel/flights?q=Flights%20to%20AMS%20from%20GIG%20on%202027-04-21%20oneway,c3814dc77742,
2026-09-18T11:42:39-03:00,google_flights,BSB,BER,2027-04-21,3409.0,BRL,Tap Air Portugal,Tap Air Portugal,TP 58 TP 532,1,LIS 4h35,275,1035,2027-04-21T18:15,2027-04-22T16:30,desconhecida,https://www.google.com/travel/flights?q=Flights%20to%20BER%20from%20BSB%20on%202027-04-21%20oneway,7edb5ed8cef7,
2026-09-18T11:42:39-03:00,google_flights,GRU,AMS,2027-04-21,3450.0,BRL,Air Europa,Air Europa,UX 58 UX 1091,1,MAD 2h00,120,890,2027-04-21T13:50,2027-04-22T09:40,desconhecida,https://www.google.com/travel/flights?q=Flights%20to%20AMS%20from%20GRU%20on%202027-04-21%20oneway,9c22a2dad831,
2026-09-18T11:42:39-03:00,google_flights,GRU,FRA,2027-04-21,3532.0,BRL,Tap Air Portugal,Tap Air Portugal,TP 82 TP 570,1,LIS 2h55,175,960,2027-04-21T15:30,2027-04-22T12:30,desconhecida,https://www.google.com/travel/flights?q=Flights%20to%20FRA%20from%20GRU%20on%202027-04-21%20oneway,0bac21ee23e8,
2026-09-18T11:42:39-03:00,google_flights,GRU,FRA,2027-04-21,3532.0,BRL,Tap Air Portugal,Tap Air Portugal,TP 88 TP 572,1,LIS 3h55,235,1015,2027-04-21T20:45,2027-04-22T18:40,desconhecida,https://www.google.com/travel/flights?q=Flights%20to%20FRA%20from%20GRU%20on%202027-04-21%20oneway,4d7949f7e1b5,
2026-09-18T11:42:39-03:00,google_flights,GIG,BER,2027-04-21,3805.0,BRL,Tap Air Portugal,Tap Air Portugal,TP 76 TP 530,1,LIS 1h40,100,895,2027-04-21T15:35,2027-04-22T11:30,desconhecida,https://www.google.com/travel/flights?q=Flights%20to%20BER%20from%20GIG%20on%202027-04-21%20oneway,936221ecd6a3,
2026-09-18T11:42:39-03:00,google_flights,GIG,AMS,2027-04-21,3807.0,BRL,Tap Air Portugal,Tap Air Portugal,TP 72 TP 672,1,LIS 2h40,160,930,2027-04-21T22:10,2027-04-22T18:40,desconhecida,https://www.google.com/travel/flights?q=Flights%20to%20AMS%20from%20GIG%20on%202027-04-21%20oneway,3be67f50aefb,
2026-09-18T11:42:39-03:00,google_flights,GRU,CPH,2027-04-21,3913.0,BRL,Tap Air Portugal,Tap Air Portugal,TP 88 TP 754,1,LIS 1h35,95,905,2027-04-21T20:45,2027-04-22T16:50,desconhecida,https://www.google.com/travel/flights?q=Flights%20to%20CPH%20from%20GRU%20on%202027-04-21%20oneway,f657efaa9f39,
2026-09-18T11:42:39-03:00,google_flights,GRU,BER,2027-04-21,4011.0,BRL,Tap Air Portugal,Tap Air Portugal,TP 88 TP 532,1,LIS 1h25,85,885,2027-04-21T20:45,2027-04-22T16:30,desconhecida,https://www.google.com/travel/flights?q=Flights%20to%20BER%20from%20GRU%20on%202027-04-21%20oneway,80de513e57af,
2026-09-18T11:42:39-03:00,google_flights,GRU,AMS,2027-04-21,4773.0,BRL,KLM,KLM,KL 792,0,,0,695,2027-04-21T21:45,2027-04-22T14:20,desconhecida,https://www.google.com/travel/flights?q=Flights%20to%20AMS%20from%20GRU%20on%202027-04-21%20oneway,e2a05f53c049,
2026-09-18T11:42:47-03:00,google_flights,GRU,MUC,2027-04-22,3342.0,BRL,Air Europa,Air Europa,UX 58 UX 1515,1,MAD 2h05,125,895,2027-04-22T13:50,2027-04-23T09:45,desconhecida,https://www.google.com/travel/flights?q=Flights%20to%20MUC%20from%20GRU%20on%202027-04-22%20oneway,db7d0116e469,
2026-09-18T11:42:47-03:00,google_flights,BSB,BER,2027-04-22,3509.0,BRL,Tap Air Portugal,Tap Air Portugal,TP 58 TP 530,1,LIS 1h30,90,850,2027-04-22T17:10,2027-04-23T12:20,desconhecida,https://www.google.com/travel/flights?q=Flights%20to%20BER%20from%20BSB%20on%202027-04-22%20oneway,94330108dea4,
2026-09-18T11:42:47-03:00,google_flights,GIG,MUC,2027-04-22,3533.0,BRL,ITA,ITA,AZ 673 AZ 432,1,FCO 1h55,115,885,2027-04-22T14:25,2027-04-23T10:10,desconhecida,https://www.google.com/travel/flights?q=Flights%20to%20MUC%20from%20GIG%20on%202027-04-22%20oneway,49bbcd020d85,
2026-09-18T11:42:47-03:00,google_flights,GRU,AMS,2027-04-22,2709.0,BRL,United,United,UA 860 UA 946,1,IAD 11h05,665,1745,2027-04-22T21:30,2027-04-24T07:35,desconhecida,https://www.google.com/travel/flights?q=Flights%20to%20AMS%20from%20GRU%20on%202027-04-22%20oneway,34e8230fb190,
2026-09-18T11:42:47-03:00,google_flights,GRU,CPH,2027-04-22,2945.0,BRL,United,United|Lufthansa,UA 844 UA 944 LH 826,2,"ORD 8h15, FRA 1h20",80,1795,2027-04-22T22:20,2027-04-24T09:15,desconhecida,https://www.google.com/travel/flights?q=Flights%20to%20CPH%20from%20GRU%20on%202027-04-22%20oneway,3aa2790a61ad,
2026-09-18T11:42:47-03:00,google_flights,BSB,FRA,2027-04-22,3220.0,BRL,Tap Air Portugal,Tap Air Portugal,TP 58 TP 574,1,LIS 11h50,710,1450,2027-04-22T17:10,2027-04-23T22:20,desconhecida,https://www.google.com/travel/flights?q=Flights%20to%20FRA%20from%20BSB%20on%202027-04-22%20oneway,ce93dc6fdaa8,
2026-09-18T11:42:47-03:00,google_flights,BSB,FRA,2027-04-22,3284.0,BRL,Tap Air Portugal,Tap Air Portugal,TP 58 TP 570,1,LIS 2h00,120,860,2027-04-22T17:10,2027-04-23T12:30,desconhecida,https://www.google.com/travel/flights?q=Flights%20to%20FRA%20from%20BSB%20on%202027-04-22%20oneway,09fd94a52530,
2026-09-18T11:42:47-03:00,google_flights,GRU,FRA,2027-04-22,3342.0,BRL,Air Europa,Air Europa,UX 58 UX 1503,1,MAD 2h00,120,895,2027-04-22T13:50,2027-04-23T09:45,desconhecida,https://www.google.com/travel/flights?q=Flights%20to%20FRA%20from%20GRU%20on%202027-04-22%20oneway,f1969eb69575,
2026-09-18T11:42:47-03:00,google_flights,GIG,FRA,2027-04-22,3368.0,BRL,Tap Air Portugal,Tap Air Portugal,TP 67 TP 574,1,LIS 5h25,325,1100,2027-04-22T23:00,2027-04-23T22:20,desconhecida,https://www.google.com/travel/flights?q=Flights%20to%20FRA%20from%20GIG%20on%202027-04-22%20oneway,fbceafe70fd3,
2026-09-18T11:42:47-03:00,google_flights,GRU,AMS,2027-04-22,3450.0,BRL,Air Europa,Air Europa,UX 58 UX 1091,1,MAD 2h00,120,890,2027-04-22T13:50,2027-04-23T09:40,desconhecida,https://www.google.com/travel/flights?q=Flights%20to%20AMS%20from%20GRU%20on%202027-04-22%20oneway,9290da6ef6b0,
2026-09-18T11:42:47-03:00,google_flights,GIG,AMS,2027-04-22,3807.0,BRL,Tap Air Portugal,Tap Air Portugal,TP 67 TP 672,1,LIS 1h50,110,880,2027-04-22T23:00,2027-04-23T18:40,desconhecida,https://www.google.com/travel/flights?q=Flights%20to%20AMS%20from%20GIG%20on%202027-04-22%20oneway,10eb1445559d,
2026-09-18T11:42:47-03:00,google_flights,GRU,CPH,2027-04-22,3913.0,BRL,Tap Air Portugal,Tap Air Portugal,TP 82 TP 752,1,LIS 1h30,90,905,2027-04-22T15:30,2027-04-23T11:35,desconhecida,https://www.google.com/travel/flights?q=Flights%20to%20CPH%20from%20GRU%20on%202027-04-22%20oneway,6d1b89cee302,
2026-09-18T11:42:47-03:00,google_flights,GRU,AMS,2027-04-22,4773.0,BRL,KLM,KLM,KL 792,0,,0,695,2027-04-22T21:45,2027-04-23T14:20,desconhecida,https://www.google.com/travel/flights?q=Flights%20to%20AMS%20from%20GRU%20on%202027-04-22%20oneway,06b0b0165473,
2026-09-18T11:43:02-03:00,google_flights,GRU,BER,2027-04-18,5146.0,BRL,Iberia,Iberia,IB 268 IB 781,1,MAD 1h55,115,925,2027-04-18T14:10,2027-04-19T10:35,desconhecida,https://www.google.com/travel/flights?q=Flights%20to%20BER%20from%20GRU%20on%202027-04-18%20oneway,df6b9b6d398f,2027-04-25
2026-09-18T11:43:02-03:00,google_flights,GRU,MUC,2027-04-18,5178.0,BRL,Air Europa,Air Europa,UX 58 UX 1515,1,MAD 2h05,125,895,2027-04-18T13:50,2027-04-19T09:45,desconhecida,https://www.google.com/travel/flights?q=Flights%20to%20MUC%20from%20GRU%20on%202027-04-18%20oneway,cac71579581b,2027-04-25
2026-09-18T11:43:02-03:00,google_flights,GRU,FRA,2027-04-18,5343.0,BRL,LATAM,LATAM,LA 8070,0,,0,705,2027-04-18T23:40,2027-04-19T16:25,desconhecida,https://www.google.com/travel/flights?q=Flights%20to%20FRA%20from%20GRU%20on%202027-04-18%20oneway,c63339d92f4a,2027-04-25
2026-09-18T11:43:02-03:00,google_flights,GRU,AMS,2027-04-18,6428.0,BRL,KLM,KLM,KL 792,0,,0,695,2027-04-18T21:45,2027-04-19T14:20,desconhecida,https://www.google.com/travel/flights?q=Flights%20to%20AMS%20from%20GRU%20on%202027-04-18%20oneway,12e8ac08b3e9,2027-04-25
2026-09-18T11:43:02-03:00,google_flights,GRU,VIE,2027-04-18,4919.0,BRL,Iberia,Iberia,IB 268 IB 793,1,MAD 6h25,385,1190,2027-04-18T14:10,2027-04-19T15:00,desconhecida,https://www.google.com/travel/flights?q=Flights%20to%20VIE%20from%20GRU%20on%202027-04-18%20oneway,e29bb7f184dd,2027-04-25
2026-09-18T11:43:02-03:00,google_flights,GRU,VIE,2027-04-18,4919.0,BRL,Iberia,Iberia,IB 268 IB 795,1,MAD 10h25,625,1430,2027-04-18T14:10,2027-04-19T19:00,desconhecida,https://www.google.com/travel/flights?q=Flights%20to%20VIE%20from%20GRU%20on%202027-04-18%20oneway,698eca5d55cd,2027-04-25
2026-09-18T11:43:02-03:00,google_flights,GRU,VIE,2027-04-18,4919.0,BRL,Iberia,Iberia,IB 272 IB 797,1,MAD 9h10,550,1355,2027-04-18T19:20,2027-04-19T22:55,desconhecida,https://www.google.com/travel/flights?q=Flights%20to%20VIE%20from%20GRU%20on%202027-04-18%20oneway,46a601b083aa,2027-04-25
2026-09-18T11:43:02-03:00,google_flights,GRU,FRA,2027-04-18,4960.0,BRL,Iberia,Iberia,IB 268 IB 1327,1,MAD 3h05,185,975,2027-04-18T14:10,2027-04-19T11:25,desconhecida,https://www.google.com/travel/flights?q=Flights%20to%20FRA%20from%20GRU%20on%202027-04-18%20oneway,cbe41145af06,2027-04-25
2026-09-18T11:43:02-03:00,google_flights,GRU,BER,2027-04-18,5038.0,BRL,LATAM,LATAM|Finnair,LA 8084 AY 1338 AY 1431,2,"LHR 3h05, HEL 8h10",185,1635,2027-04-18T23:50,2027-04-20T08:05,desconhecida,https://www.google.com/travel/flights?q=Flights%20to%20BER%20from%20GRU%20on%202027-04-18%20oneway,6f8ac0d9e973,2027-04-25
2026-09-18T11:43:02-03:00,google_flights,GRU,AMS,2027-04-18,5329.0,BRL,Air Europa,Air Europa,UX 58 UX 1091,1,MAD 2h00,120,890,2027-04-18T13:50,2027-04-19T09:40,desconhecida,https://www.google.com/travel/flights?q=Flights%20to%20AMS%20from%20GRU%20on%202027-04-18%20oneway,7c2f7b17fa24,2027-04-25
2026-09-18T11:43:02-03:00,google_flights,GIG,FRA,2027-04-18,5456.0,BRL,LATAM,LATAM,LA 3875 LA 8070,1,GRU 3h25,205,980,2027-04-18T19:05,2027-04-19T16:25,desconhecida,https://www.google.com/travel/flights?q=Flights%20to%20FRA%20from%20GIG%20on%202027-04-18%20oneway,40353665bfd1,2027-04-25
2026-09-18T11:43:02-03:00,google_flights,BSB,FRA,2027-04-18,6015.0,BRL,Tap Air Portugal,Tap Air Portugal,TP 58 TP 570,1,LIS 1h40,100,845,2027-04-18T17:25,2027-04-19T12:30,desconhecida,https://www.google.com/travel/flights?q=Flights%20to%20FRA%20from%20BSB%20on%202027-04-18%20oneway,36d723ede46d,2027-04-25
2026-09-18T11:43:02-03:00,google_flights,GRU,AMS,2027-04-18,6156.0,BRL,LATAM,LATAM,LA 8078,0,,0,710,2027-04-18T18:00,2027-04-19T10:50,desconhecida,https://www.google.com/travel/flights?q=Flights%20to%20AMS%20from%20GRU%20on%202027-04-18%20oneway,c905b06bab26,2027-04-25
2026-09-18T11:43:02-03:00,google_flights,GRU,FRA,2027-04-18,7283.0,BRL,Lufthansa,Lufthansa,LH 507,0,,0,695,2027-04-18T18:10,2027-04-19T10:45,desconhecida,https://www.google.com/travel/flights?q=Flights%20to%20FRA%20from%20GRU%20on%202027-04-18%20oneway,c1f74f26645b,2027-04-25
2026-09-18T16:26:00-03:00,google_flights,GRU,MUC,2027-04-22,3342.0,BRL,Air Europa,Air Europa,UX 58 UX 1515,1,MAD 2h05,125,895,2027-04-22T13:50,2027-04-23T09:45,desconhecida,https://www.google.com/travel/flights?q=Flights%20to%20MUC%20from%20GRU%20on%202027-04-22%20oneway,db7d0116e469,
2026-09-18T16:26:00-03:00,google_flights,BSB,BER,2027-04-22,3509.0,BRL,Tap Air Portugal,Tap Air Portugal,TP 58 TP 530,1,LIS 1h30,90,850,2027-04-22T17:10,2027-04-23T12:20,desconhecida,https://www.google.com/travel/flights?q=Flights%20to%20BER%20from%20BSB%20on%202027-04-22%20oneway,94330108dea4,
2026-09-18T16:26:00-03:00,google_flights,GIG,MUC,2027-04-22,3532.0,BRL,ITA,ITA,AZ 673 AZ 432,1,FCO 1h55,115,885,2027-04-22T14:25,2027-04-23T10:10,desconhecida,https://www.google.com/travel/flights?q=Flights%20to%20MUC%20from%20GIG%20on%202027-04-22%20oneway,49bbcd020d85,
2026-09-18T16:26:00-03:00,google_flights,GRU,AMS,2027-04-22,2709.0,BRL,United,United,UA 860 UA 946,1,IAD 11h05,665,1745,2027-04-22T21:30,2027-04-24T07:35,desconhecida,https://www.google.com/travel/flights?q=Flights%20to%20AMS%20from%20GRU%20on%202027-04-22%20oneway,34e8230fb190,
2026-09-18T16:26:00-03:00,google_flights,GRU,CPH,2027-04-22,2945.0,BRL,United,United|Lufthansa,UA 844 UA 944 LH 826,2,"ORD 8h15, FRA 1h20",80,1795,2027-04-22T22:20,2027-04-24T09:15,desconhecida,https://www.google.com/travel/flights?q=Flights%20to%20CPH%20from%20GRU%20on%202027-04-22%20oneway,3aa2790a61ad,
2026-09-18T16:26:00-03:00,google_flights,BSB,FRA,2027-04-22,3220.0,BRL,Tap Air Portugal,Tap Air Portugal,TP 58 TP 574,1,LIS 11h50,710,1450,2027-04-22T17:10,2027-04-23T22:20,desconhecida,https://www.google.com/travel/flights?q=Flights%20to%20FRA%20from%20BSB%20on%202027-04-22%20oneway,ce93dc6fdaa8,
2026-09-18T16:26:00-03:00,google_flights,BSB,FRA,2027-04-22,3284.0,BRL,Tap Air Portugal,Tap Air Portugal,TP 58 TP 570,1,LIS 2h00,120,860,2027-04-22T17:10,2027-04-23T12:30,desconhecida,https://www.google.com/travel/flights?q=Flights%20to%20FRA%20from%20BSB%20on%202027-04-22%20oneway,09fd94a52530,
2026-09-18T16:26:00-03:00,google_flights,GRU,FRA,2027-04-22,3342.0,BRL,Air Europa,Air Europa,UX 58 UX 1503,1,MAD 2h00,120,895,2027-04-22T13:50,2027-04-23T09:45,desconhecida,https://www.google.com/travel/flights?q=Flights%20to%20FRA%20from%20GRU%20on%202027-04-22%20oneway,f1969eb69575,
2026-09-18T16:26:00-03:00,google_flights,GIG,FRA,2027-04-22,3368.0,BRL,Tap Air Portugal,Tap Air Portugal,TP 67 TP 574,1,LIS 5h25,325,1100,2027-04-22T23:00,2027-04-23T22:20,desconhecida,https://www.google.com/travel/flights?q=Flights%20to%20FRA%20from%20GIG%20on%202027-04-22%20oneway,fbceafe70fd3,
2026-09-18T16:26:00-03:00,google_flights,GRU,AMS,2027-04-22,3450.0,BRL,Air Europa,Air Europa,UX 58 UX 1091,1,MAD 2h00,120,890,2027-04-22T13:50,2027-04-23T09:40,desconhecida,https://www.google.com/travel/flights?q=Flights%20to%20AMS%20from%20GRU%20on%202027-04-22%20oneway,9290da6ef6b0,
2026-09-18T16:26:00-03:00,google_flights,GIG,AMS,2027-04-22,3807.0,BRL,Tap Air Portugal,Tap Air Portugal,TP 67 TP 672,1,LIS 1h50,110,880,2027-04-22T23:00,2027-04-23T18:40,desconhecida,https://www.google.com/travel/flights?q=Flights%20to%20AMS%20from%20GIG%20on%202027-04-22%20oneway,10eb1445559d,
2026-09-18T16:26:00-03:00,google_flights,GRU,CPH,2027-04-22,3913.0,BRL,Tap Air Portugal,Tap Air Portugal,TP 82 TP 752,1,LIS 1h30,90,905,2027-04-22T15:30,2027-04-23T11:35,desconhecida,https://www.google.com/travel/flights?q=Flights%20to%20CPH%20from%20GRU%20on%202027-04-22%20oneway,6d1b89cee302,
2026-09-18T16:26:00-03:00,google_flights,GRU,AMS,2027-04-22,4773.0,BRL,KLM,KLM,KL 792,0,,0,695,2027-04-22T21:45,2027-04-23T14:20,desconhecida,https://www.google.com/travel/flights?q=Flights%20to%20AMS%20from%20GRU%20on%202027-04-22%20oneway,06b0b0165473,
2026-09-18T23:41:29-03:00,google_flights,GRU,MUC,2027-04-23,3342.0,BRL,Air Europa,Air Europa,UX 58 UX 1515,1,MAD 2h05,125,895,2027-04-23T13:50,2027-04-24T09:45,desconhecida,https://www.google.com/travel/flights?q=Flights%20to%20MUC%20from%20GRU%20on%202027-04-23%20oneway,97342844ea27,
2026-09-18T23:41:29-03:00,google_flights,GRU,FRA,2027-04-23,3342.0,BRL,Air Europa,Air Europa,UX 58 UX 1503,1,MAD 2h00,120,895,2027-04-23T13:50,2027-04-24T09:45,desconhecida,https://www.google.com/travel/flights?q=Flights%20to%20FRA%20from%20GRU%20on%202027-04-23%20oneway,018a145e3f8c,
2026-09-18T23:41:29-03:00,google_flights,GRU,AMS,2027-04-23,3450.0,BRL,Air Europa,Air Europa,UX 58 UX 1091,1,MAD 2h00,120,890,2027-04-23T13:50,2027-04-24T09:40,desconhecida,https://www.google.com/travel/flights?q=Flights%20to%20AMS%20from%20GRU%20on%202027-04-23%20oneway,0765540ef092,
2026-09-18T23:41:29-03:00,google_flights,BSB,MUC,2027-04-23,3506.0,BRL,Tap Air Portugal,Tap Air Portugal,TP 58 TP 552,1,LIS 1h15,75,810,2027-04-23T18:15,2027-04-24T12:45,desconhecida,https://www.google.com/travel/flights?q=Flights%20to%20MUC%20from%20BSB%20on%202027-04-23%20oneway,13c063c3b460,
2026-09-18T23:41:29-03:00,google_flights,GIG,MUC,2027-04-23,3961.0,BRL,ITA,ITA,AZ 673 AZ 432,1,FCO 1h55,115,885,2027-04-23T14:25,2027-04-24T10:10,desconhecida,https://www.google.com/travel/flights?q=Flights%20to%20MUC%20from%20GIG%20on%202027-04-23%20oneway,10c1d26917ae,
2026-09-18T23:41:29-03:00,google_flights,BSB,FRA,2027-04-23,3226.0,BRL,Tap Air Portugal,Tap Air Portugal,TP 58 TP 574,1,LIS 10h45,645,1385,2027-04-23T18:15,2027-04-24T22:20,desconhecida,https://www.google.com/travel/flights?q=Flights%20to%20FRA%20from%20BSB%20on%202027-04-23%20oneway,2f3ad3ae5c31,
2026-09-18T23:41:29-03:00,google_flights,GRU,FRA,2027-04-23,3250.0,BRL,United,United,UA 844 UA 944,1,ORD 8h15,495,1630,2027-04-23T22:20,2027-04-25T06:30,desconhecida,https://www.google.com/travel/flights?q=Flights%20to%20FRA%20from%20GRU%20on%202027-04-23%20oneway,2227cb013b5e,
2026-09-18T23:41:29-03:00,google_flights,GRU,MUC,2027-04-23,3250.0,BRL,United,United|Lufthansa,UA 844 LH 437,1,ORD 8h50,530,1665,2027-04-23T22:20,2027-04-25T07:05,desconhecida,https://www.google.com/travel/flights?q=Flights%20to%20MUC%20from%20GRU%20on%202027-04-23%20oneway,78800f9ccdf9,
2026-09-18T23:41:29-03:00,google_flights,BSB,FRA,2027-04-23,3284.0,BRL,Tap Air Portugal,Tap Air Portugal,TP 58 TP 572,1,LIS 7h05,425,1165,2027-04-23T18:15,2027-04-24T18:40,desconhecida,https://www.google.com/travel/flights?q=Flights%20to%20FRA%20from%20BSB%20on%202027-04-23%20oneway,bc6378abf8f0,
2026-09-18T23:41:29-03:00,google_flights,GIG,FRA,2027-04-23,3389.0,BRL,Tap Air Portugal,Tap Air Portugal,TP 72 TP 570,1,LIS 20h25,1225,2000,2027-04-23T22:10,2027-04-25T12:30,desconhecida,https://www.google.com/travel/flights?q=Flights%20to%20FRA%20from%20GIG%20on%202027-04-23%20oneway,732db51c57c7,
2026-09-18T23:41:29-03:00,google_flights,GRU,FRA,2027-04-23,3532.0,BRL,Tap Air Portugal,Tap Air Portugal,TP 84 TP 574,1,LIS 3h35,215,995,2027-04-23T00:45,2027-04-23T22:20,desconhecida,https://www.google.com/travel/flights?q=Flights%20to%20FRA%20from%20GRU%20on%202027-04-23%20oneway,811518dae145,
2026-09-18T23:41:29-03:00,google_flights,GRU,FRA,2027-04-23,3532.0,BRL,Tap Air Portugal,Tap Air Portugal,TP 88 TP 572,1,LIS 3h55,235,1015,2027-04-23T20:45,2027-04-24T18:40,desconhecida,https://www.google.com/travel/flights?q=Flights%20to%20FRA%20from%20GRU%20on%202027-04-23%20oneway,42d6f851e8ff,
2026-09-18T23:41:29-03:00,google_flights,GIG,AMS,2027-04-23,3807.0,BRL,Tap Air Portugal,Tap Air Portugal,TP 72 TP 672,1,LIS 2h40,160,930,2027-04-23T22:10,2027-04-24T18:40,desconhecida,https://www.google.com/travel/flights?q=Flights%20to%20AMS%20from%20GIG%20on%202027-04-23%20oneway,f38b0c66d6d3,
2026-09-18T23:41:29-03:00,google_flights,GRU,CPH,2027-04-23,3913.0,BRL,Tap Air Portugal,Tap Air Portugal,TP 88 TP 754,1,LIS 1h35,95,905,2027-04-23T20:45,2027-04-24T16:50,desconhecida,https://www.google.com/travel/flights?q=Flights%20to%20CPH%20from%20GRU%20on%202027-04-23%20oneway,eb0d045f9774,
2026-09-18T23:41:37-03:00,google_flights,BSB,FRA,2027-04-13,3199.0,BRL,Tap Air Portugal,Tap Air Portugal,TP 58 TP 570,1,LIS 1h45,105,845,2027-04-13T17:25,2027-04-14T12:30,desconhecida,https://www.google.com/travel/flights?q=Flights%20to%20FRA%20from%20BSB%20on%202027-04-13%20oneway,32c4d3959239,
2026-09-18T23:41:37-03:00,google_flights,GRU,MUC,2027-04-13,3342.0,BRL,Air Europa,Air Europa,UX 58 UX 1515,1,MAD 2h05,125,895,2027-04-13T13:50,2027-04-14T09:45,desconhecida,https://www.google.com/travel/flights?q=Flights%20to%20MUC%20from%20GRU%20on%202027-04-13%20oneway,89dde1e4fb72,
2026-09-18T23:41:37-03:00,google_flights,GIG,MUC,2027-04-13,3530.0,BRL,ITA,ITA,AZ 673 AZ 432,1,FCO 1h55,115,885,2027-04-13T14:25,2027-04-14T10:10,desconhecida,https://www.google.com/travel/flights?q=Flights%20to%20MUC%20from%20GIG%20on%202027-04-13%20oneway,1778eae09ff6,
2026-09-18T23:41:37-03:00,google_flights,GRU,AMS,2027-04-13,2853.0,BRL,United,United,UA 860 UA 946,1,IAD 11h05,665,1745,2027-04-13T21:30,2027-04-15T07:35,desconhecida,https://www.google.com/travel/flights?q=Flights%20to%20AMS%20from%20GRU%20on%202027-04-13%20oneway,993cb09a255b,
2026-09-18T23:41:37-03:00,google_flights,GRU,FRA,2027-04-13,3342.0,BRL,Air Europa,Air Europa,UX 58 UX 1503,1,MAD 2h00,120,895,2027-04-13T13:50,2027-04-14T09:45,desconhecida,https://www.google.com/travel/flights?q=Flights%20to%20FRA%20from%20GRU%20on%202027-04-13%20oneway,7216aeb19bc4,
2026-09-18T23:41:37-03:00,google_flights,GIG,FRA,2027-04-13,3389.0,BRL,Tap Air Portugal,Tap Air Portugal,TP 67 TP 570,1,LIS 19h35,1175,1950,2027-04-13T23:00,2027-04-15T12:30,desconhecida,https://www.google.com/travel/flights?q=Flights%20to%20FRA%20from%20GIG%20on%202027-04-13%20oneway,4b191a535f77,
2026-09-18T23:41:37-03:00,google_flights,GRU,AMS,2027-04-13,3450.0,BRL,Air Europa,Air Europa,UX 58 UX 1091,1,MAD 2h00,120,890,2027-04-13T13:50,2027-04-14T09:40,desconhecida,https://www.google.com/travel/flights?q=Flights%20to%20AMS%20from%20GRU%20on%202027-04-13%20oneway,3db0f4651e45,
2026-09-18T23:41:37-03:00,google_flights,GIG,MUC,2027-04-13,3516.0,BRL,Tap Air Portugal,Tap Air Portugal,TP 67 TP 554,1,LIS 2h10,130,900,2027-04-13T23:00,2027-04-14T19:00,desconhecida,https://www.google.com/travel/flights?q=Flights%20to%20MUC%20from%20GIG%20on%202027-04-13%20oneway,1480baeeffd6,
2026-09-18T23:41:37-03:00,google_flights,GIG,CPH,2027-04-13,3685.0,BRL,Tap Air Portugal,Tap Air Portugal,TP 76 TP 752,1,LIS 1h55,115,920,2027-04-13T15:35,2027-04-14T11:55,desconhecida,https://www.google.com/travel/flights?q=Flights%20to%20CPH%20from%20GIG%20on%202027-04-13%20oneway,df6ce49977ac,
2026-09-18T23:41:37-03:00,google_flights,GRU,BER,2027-04-13,4011.0,BRL,Tap Air Portugal,Tap Air Portugal,TP 88 TP 532,1,LIS 1h25,85,885,2027-04-13T20:45,2027-04-14T16:30,desconhecida,https://www.google.com/travel/flights?q=Flights%20to%20BER%20from%20GRU%20on%202027-04-13%20oneway,221c7cfe14ca,
2026-09-18T23:41:37-03:00,google_flights,GRU,AMS,2027-04-13,4773.0,BRL,KLM,KLM,KL 792,0,,0,695,2027-04-13T21:45,2027-04-14T14:20,desconhecida,https://www.google.com/travel/flights?q=Flights%20to%20AMS%20from%20GRU%20on%202027-04-13%20oneway,eec57785371c,
2026-09-18T23:41:45-03:00,google_flights,GRU,MUC,2027-04-14,3342.0,BRL,Air Europa,Air Europa,UX 58 UX 1515,1,MAD 2h05,125,895,2027-04-14T13:50,2027-04-15T09:45,desconhecida,https://www.google.com/travel/flights?q=Flights%20to%20MUC%20from%20GRU%20on%202027-04-14%20oneway,7624e028df3b,
2026-09-18T23:41:45-03:00,google_flights,BSB,BER,2027-04-14,3367.0,BRL,Tap Air Portugal,Tap Air Portugal,TP 58 TP 532,1,LIS 4h35,275,1035,2027-04-14T18:15,2027-04-15T16:30,desconhecida,https://www.google.com/travel/flights?q=Flights%20to%20BER%20from%20BSB%20on%202027-04-14%20oneway,499644a01337,
2026-09-18T23:41:45-03:00,google_flights,BSB,MUC,2027-04-14,3506.0,BRL,Tap Air Portugal,Tap Air Portugal,TP 58 TP 552,1,LIS 1h15,75,810,2027-04-14T18:15,2027-04-15T12:45,desconhecida,https://www.google.com/travel/flights?q=Flights%20to%20MUC%20from%20BSB%20on%202027-04-14%20oneway,7ec990e98150,
2026-09-18T23:41:45-03:00,google_flights,BSB,FRA,2027-04-14,3194.0,BRL,Tap Air Portugal,Tap Air Portugal,TP 58 TP 574,1,LIS 10h45,645,1385,2027-04-14T18:15,2027-04-15T22:20,desconhecida,https://www.google.com/travel/flights?q=Flights%20to%20FRA%20from%20BSB%20on%202027-04-14%20oneway,393ae2ea61ce,
2026-09-18T23:41:45-03:00,google_flights,BSB,FRA,2027-04-14,3215.0,BRL,Tap Air Portugal,Tap Air Portugal,TP 58 TP 572,1,LIS 7h05,425,1165,2027-04-14T18:15,2027-04-15T18:40,desconhecida,https://www.google.com/travel/flights?q=Flights%20to%20FRA%20from%20BSB%20on%202027-04-14%20oneway,1bd221e05782,
2026-09-18T23:41:45-03:00,google_flights,GRU,FRA,2027-04-14,3342.0,BRL,Air Europa,Air Europa,UX 58 UX 1503,1,MAD 2h00,120,895,2027-04-14T13:50,2027-04-15T09:45,desconhecida,https://www.google.com/travel/flights?q=Flights%20to%20FRA%20from%20GRU%20on%202027-04-14%20oneway,42af1b8d0b20,
2026-09-18T23:41:45-03:00,google_flights,GIG,FRA,2027-04-14,3368.0,BRL,Tap Air Portugal,Tap Air Portugal,TP 72 TP 574,1,LIS 6h15,375,1150,2027-04-14T22:10,2027-04-15T22:20,desconhecida,https://www.google.com/travel/flights?q=Flights%20to%20FRA%20from%20GIG%20on%202027-04-14%20oneway,6e5a7c686c42,
2026-09-18T23:41:45-03:00,google_flights,GRU,AMS,2027-04-14,3450.0,BRL,Air Europa,Air Europa,UX 58 UX 1091,1,MAD 2h00,120,890,2027-04-14T13:50,2027-04-15T09:40,desconhecida,https://www.google.com/travel/flights?q=Flights%20to%20AMS%20from%20GRU%20on%202027-04-14%20oneway,2e7619170711,
2026-09-18T23:41:45-03:00,google_flights,GIG,MUC,2027-04-14,3516.0,BRL,Tap Air Portugal,Tap Air Portugal,TP 72 TP 554,1,LIS 3h00,180,950,2027-04-14T22:10,2027-04-15T19:00,desconhecida,https://www.google.com/travel/flights?q=Flights%20to%20MUC%20from%20GIG%20on%202027-04-14%20oneway,7e6f39c22e9c,
2026-09-18T23:41:45-03:00,google_flights,GIG,FRA,2027-04-14,3530.0,BRL,ITA,ITA,AZ 673 AZ 400,1,FCO 2h05,125,925,2027-04-14T14:25,2027-04-15T10:50,desconhecida,https://www.google.com/travel/flights?q=Flights%20to%20FRA%20from%20GIG%20on%202027-04-14%20oneway,519d5799d751,
2026-09-18T23:41:45-03:00,google_flights,GRU,FRA,2027-04-14,3532.0,BRL,Tap Air Portugal,Tap Air Portugal,TP 82 TP 570,1,LIS 2h55,175,960,2027-04-14T15:30,2027-04-15T12:30,desconhecida,https://www.google.com/travel/flights?q=Flights%20to%20FRA%20from%20GRU%20on%202027-04-14%20oneway,4dd555cdaeaa,
2026-09-18T23:41:45-03:00,google_flights,GRU,FRA,2027-04-14,3532.0,BRL,Tap Air Portugal,Tap Air Portugal,TP 88 TP 572,1,LIS 3h55,235,1015,2027-04-14T20:45,2027-04-15T18:40,desconhecida,https://www.google.com/travel/flights?q=Flights%20to%20FRA%20from%20GRU%20on%202027-04-14%20oneway,034fcc90f438,
2026-09-18T23:41:45-03:00,google_flights,GRU,AMS,2027-04-14,3647.0,BRL,ITA,ITA,AZ 679 AZ 110,1,FCO 3h05,185,1030,2027-04-14T18:55,2027-04-15T17:05,desconhecida,https://www.google.com/travel/flights?q=Flights%20to%20AMS%20from%20GRU%20on%202027-04-14%20oneway,fd6ff2b73f65,
2026-09-18T23:41:45-03:00,google_flights,GIG,VIE,2027-04-14,3696.0,BRL,Tap Air Portugal,Tap Air Portugal,TP 72 TP 1272,1,LIS 2h00,120,915,2027-04-14T22:10,2027-04-15T18:25,desconhecida,https://www.google.com/travel/flights?q=Flights%20to%20VIE%20from%20GIG%20on%202027-04-14%20oneway,786d6ccbbfb7,
2026-09-18T23:41:45-03:00,google_flights,GIG,BER,2027-04-14,3805.0,BRL,Tap Air Portugal,Tap Air Portugal,TP 76 TP 530,1,LIS 1h40,100,895,2027-04-14T15:35,2027-04-15T11:30,desconhecida,https://www.google.com/travel/flights?q=Flights%20to%20BER%20from%20GIG%20on%202027-04-14%20oneway,ea2decc1901e,
2026-09-18T23:41:45-03:00,google_flights,GRU,CPH,2027-04-14,3913.0,BRL,Tap Air Portugal,Tap Air Portugal,TP 88 TP 754,1,LIS 1h35,95,905,2027-04-14T20:45,2027-04-15T16:50,desconhecida,https://www.google.com/travel/flights?q=Flights%20to%20CPH%20from%20GRU%20on%202027-04-14%20oneway,8236d2e27cb0,
2026-09-18T23:41:45-03:00,google_flights,GRU,BER,2027-04-14,4011.0,BRL,Tap Air Portugal,Tap Air Portugal,TP 88 TP 532,1,LIS 1h25,85,885,2027-04-14T20:45,2027-04-15T16:30,desconhecida,https://www.google.com/travel/flights?q=Flights%20to%20BER%20from%20GRU%20on%202027-04-14%20oneway,fa9d9bfa6b27,
2026-09-18T23:41:45-03:00,google_flights,GRU,AMS,2027-04-14,4773.0,BRL,KLM,KLM,KL 792,0,,0,695,2027-04-14T21:45,2027-04-15T14:20,desconhecida,https://www.google.com/travel/flights?q=Flights%20to%20AMS%20from%20GRU%20on%202027-04-14%20oneway,a227768e07f8,
2026-09-19T11:02:59-03:00,google_flights,BSB,FRA,2027-04-15,3276.0,BRL,Tap Air Portugal,Tap Air Portugal,TP 58 TP 570,1,LIS 2h00,120,860,2027-04-15T17:10,2027-04-16T12:30,desconhecida,https://www.google.com/travel/flights?q=Flights%20to%20FRA%20from%20BSB%20on%202027-04-15%20oneway,1bac683938cf,
2026-09-19T11:02:59-03:00,google_flights,GRU,MUC,2027-04-15,3345.0,BRL,Air Europa,Air Europa,UX 58 UX 1515,1,MAD 2h05,125,895,2027-04-15T13:50,2027-04-16T09:45,desconhecida,https://www.google.com/travel/flights?q=Flights%20to%20MUC%20from%20GRU%20on%202027-04-15%20oneway,ea70709f8ca6,
2026-09-19T11:02:59-03:00,google_flights,BSB,BER,2027-04-15,3512.0,BRL,Tap Air Portugal,Tap Air Portugal,TP 58 TP 530,1,LIS 1h30,90,850,2027-04-15T17:10,2027-04-16T12:20,desconhecida,https://www.google.com/travel/flights?q=Flights%20to%20BER%20from%20BSB%20on%202027-04-15%20oneway,10e5ea50537b,
2026-09-19T11:02:59-03:00,google_flights,BSB,FRA,2027-04-15,3202.0,BRL,Tap Air Portugal,Tap Air Portugal,TP 58 TP 574,1,LIS 11h50,710,1450,2027-04-15T17:10,2027-04-16T22:20,desconhecida,https://www.google.com/travel/flights?q=Flights%20to%20FRA%20from%20BSB%20on%202027-04-15%20oneway,3937fca5b969,
2026-09-19T11:02:59-03:00,google_flights,GRU,FRA,2027-04-15,3345.0,BRL,Air Europa,Air Europa,UX 58 UX 1503,1,MAD 2h00,120,895,2027-04-15T13:50,2027-04-16T09:45,desconhecida,https://www.google.com/travel/flights?q=Flights%20to%20FRA%20from%20GRU%20on%202027-04-15%20oneway,e4e7a045f348,
2026-09-19T11:02:59-03:00,google_flights,GIG,FRA,2027-04-15,3371.0,BRL,Tap Air Portugal,Tap Air Portugal,TP 76 TP 570,1,LIS 3h00,180,955,2027-04-15T15:35,2027-04-16T12:30,desconhecida,https://www.google.com/travel/flights?q=Flights%20to%20FRA%20from%20GIG%20on%202027-04-15%20oneway,8b7640d4a114,
2026-09-19T11:02:59-03:00,google_flights,GRU,AMS,2027-04-15,3453.0,BRL,Air Europa,Air Europa,UX 58 UX 1091,1,MAD 2h00,120,890,2027-04-15T13:50,2027-04-16T09:40,desconhecida,https://www.google.com/travel/flights?q=Flights%20to%20AMS%20from%20GRU%20on%202027-04-15%20oneway,103601d11364,
2026-09-19T11:02:59-03:00,google_flights,GRU,FRA,2027-04-15,3461.0,BRL,ITA,ITA|Lufthansa,AZ 675 LH 235,1,FCO 8h05,485,1300,2027-04-15T14:15,2027-04-16T16:55,desconhecida,https://www.google.com/travel/flights?q=Flights%20to%20FRA%20from%20GRU%20on%202027-04-15%20oneway,31d4887cfc66,
2026-09-19T11:02:59-03:00,google_flights,GRU,FRA,2027-04-15,3535.0,BRL,Tap Air Portugal,Tap Air Portugal,TP 88 TP 572,1,LIS 3h55,235,1015,2027-04-15T20:45,2027-04-16T18:40,desconhecida,https://www.google.com/travel/flights?q=Flights%20to%20FRA%20from%20GRU%20on%202027-04-15%20oneway,5893f1267440,
2026-09-19T11:02:59-03:00,google_flights,GIG,CPH,2027-04-15,3689.0,BRL,Tap Air Portugal,Tap Air Portugal,TP 76 TP 752,1,LIS 1h35,95,900,2027-04-15T15:35,2027-04-16T11:35,desconhecida,https://www.google.com/travel/flights?q=Flights%20to%20CPH%20from%20GIG%20on%202027-04-15%20oneway,a9403f45d45d,
2026-09-19T11:02:59-03:00,google_flights,GIG,AMS,2027-04-15,3810.0,BRL,Tap Air Portugal,Tap Air Portugal,TP 67 TP 672,1,LIS 1h50,110,880,2027-04-15T23:00,2027-04-16T18:40,desconhecida,https://www.google.com/travel/flights?q=Flights%20to%20AMS%20from%20GIG%20on%202027-04-15%20oneway,ff715c6fc969,
2026-09-19T11:02:59-03:00,google_flights,GRU,AMS,2027-04-15,4778.0,BRL,KLM,KLM,KL 792,0,,0,695,2027-04-15T21:45,2027-04-16T14:20,desconhecida,https://www.google.com/travel/flights?q=Flights%20to%20AMS%20from%20GRU%20on%202027-04-15%20oneway,fded42f851d2,
2026-09-19T11:03:07-03:00,google_flights,GRU,MUC,2027-04-16,3345.0,BRL,Air Europa,Air Europa,UX 58 UX 1515,1,MAD 2h05,125,895,2027-04-16T13:50,2027-04-17T09:45,desconhecida,https://www.google.com/travel/flights?q=Flights%20to%20MUC%20from%20GRU%20on%202027-04-16%20oneway,2d2a5d201e53,
2026-09-19T11:03:07-03:00,google_flights,BSB,BER,2027-04-16,3444.0,BRL,Tap Air Portugal,Tap Air Portugal,TP 58 TP 532,1,LIS 4h35,275,1035,2027-04-16T18:15,2027-04-17T16:30,desconhecida,https://www.google.com/travel/flights?q=Flights%20to%20BER%20from%20BSB%20on%202027-04-16%20oneway,810284bd19b5,
2026-09-19T11:03:07-03:00,google_flights,BSB,MUC,2027-04-16,3509.0,BRL,Tap Air Portugal,Tap Air Portugal,TP 58 TP 552,1,LIS 1h15,75,810,2027-04-16T18:15,2027-04-17T12:45,desconhecida,https://www.google.com/travel/flights?q=Flights%20to%20MUC%20from%20BSB%20on%202027-04-16%20oneway,01ba35474d69,
2026-09-19T11:03:07-03:00,google_flights,BSB,FRA,2027-04-16,3228.0,BRL,Tap Air Portugal,Tap Air Portugal,TP 58 TP 574,1,LIS 10h45,645,1385,2027-04-16T18:15,2027-04-17T22:20,desconhecida,https://www.google.com/travel/flights?q=Flights%20to%20FRA%20from%20BSB%20on%202027-04-16%20oneway,7ecaccc5d2bb,
2026-09-19T11:03:07-03:00,google_flights,GRU,FRA,2027-04-16,3345.0,BRL,Air Europa,Air Europa,UX 58 UX 1503,1,MAD 2h00,120,895,2027-04-16T13:50,2027-04-17T09:45,desconhecida,https://www.google.com/travel/flights?q=Flights%20to%20FRA%20from%20GRU%20on%202027-04-16%20oneway,831a52a03c94,
2026-09-19T11:03:07-03:00,google_flights,GIG,FRA,2027-04-16,3392.0,BRL,Tap Air Portugal,Tap Air Portugal,TP 72 TP 570,1,LIS 20h25,1225,2000,2027-04-16T22:10,2027-04-18T12:30,desconhecida,https://www.google.com/travel/flights?q=Flights%20to%20FRA%20from%20GIG%20on%202027-04-16%20oneway,99c1c9cd9640,
2026-09-19T11:03:07-03:00,google_flights,GRU,AMS,2027-04-16,3453.0,BRL,Air Europa,Air Europa,UX 58 UX 1091,1,MAD 2h00,120,890,2027-04-16T13:50,2027-04-17T09:40,desconhecida,https://www.google.com/travel/flights?q=Flights%20to%20AMS%20from%20GRU%20on%202027-04-16%20oneway,144b19177258,
2026-09-19T11:03:07-03:00,google_flights,GRU,FRA,2027-04-16,3535.0,BRL,Tap Air Portugal,Tap Air Portugal,TP 84 TP 574,1,LIS 3h35,215,995,2027-04-16T00:45,2027-04-16T22:20,desconhecida,https://www.google.com/travel/flights?q=Flights%20to%20FRA%20from%20GRU%20on%202027-04-16%20oneway,e8d758931521,
2026-09-19T11:03:07-03:00,google_flights,BSB,FRA,2027-04-16,3685.0,BRL,Gol,Gol|Air Europa,G3 1720 UX 84 UX 1509,2,"SSA 22h35, MAD 4h00",240,2390,2027-04-16T21:05,2027-04-18T17:55,desconhecida,https://www.google.com/travel/flights?q=Flights%20to%20FRA%20from%20BSB%20on%202027-04-16%20oneway,faabac07bd55,
2026-09-19T11:03:07-03:00,google_flights,GRU,AMS,2027-04-16,4778.0,BRL,KLM,KLM,KL 792,0,,0,695,2027-04-16T21:45,2027-04-17T14:20,desconhecida,https://www.google.com/travel/flights?q=Flights%20to%20AMS%20from%20GRU%20on%202027-04-16%20oneway,cd6d849d0be5,
2026-09-19T11:03:07-03:00,google_flights,GIG,AMS,2027-04-16,5376.0,BRL,KLM,KLM,KL 706,0,,0,690,2027-04-16T21:55,2027-04-17T14:25,desconhecida,https://www.google.com/travel/flights?q=Flights%20to%20AMS%20from%20GIG%20on%202027-04-16%20oneway,3e96cbde9cdf,
2026-09-19T11:03:14-03:00,google_flights,BSB,FRA,2027-04-17,3287.0,BRL,Tap Air Portugal,Tap Air Portugal,TP 58 TP 570,1,LIS 2h00,120,860,2027-04-17T17:10,2027-04-18T12:30,desconhecida,https://www.google.com/travel/flights?q=Flights%20to%20FRA%20from%20BSB%20on%202027-04-17%20oneway,28f22ccb09f2,
2026-09-19T11:03:14-03:00,google_flights,GRU,MUC,2027-04-17,3345.0,BRL,Air Europa,Air Europa,UX 58 UX 1515,1,MAD 2h05,125,895,2027-04-17T13:50,2027-04-18T09:45,desconhecida,https://www.google.com/travel/flights?q=Flights%20to%20MUC%20from%20GRU%20on%202027-04-17%20oneway,8ba6bf437bb1,
2026-09-19T11:03:14-03:00,google_flights,GRU,FRA,2027-04-17,3345.0,BRL,Air Europa,Air Europa,UX 58 UX 1503,1,MAD 2h00,120,895,2027-04-17T13:50,2027-04-18T09:45,desconhecida,https://www.google.com/travel/flights?q=Flights%20to%20FRA%20from%20GRU%20on%202027-04-17%20oneway,0ec89e82a78d,
2026-09-19T11:03:14-03:00,google_flights,GRU,AMS,2027-04-17,3453.0,BRL,Air Europa,Air Europa,UX 58 UX 1091,1,MAD 2h00,120,890,2027-04-17T13:50,2027-04-18T09:40,desconhecida,https://www.google.com/travel/flights?q=Flights%20to%20AMS%20from%20GRU%20on%202027-04-17%20oneway,d388ebf4e88b,
2026-09-19T11:03:14-03:00,google_flights,BSB,FRA,2027-04-17,3207.0,BRL,Tap Air Portugal,Tap Air Portugal,TP 58 TP 574,1,LIS 11h50,710,1450,2027-04-17T17:10,2027-04-18T22:20,desconhecida,https://www.google.com/travel/flights?q=Flights%20to%20FRA%20from%20BSB%20on%202027-04-17%20oneway,5fbdf399ed80,
2026-09-19T11:03:14-03:00,google_flights,GIG,FRA,2027-04-17,3371.0,BRL,Tap Air Portugal,Tap Air Portugal,TP 67 TP 574,1,LIS 5h25,325,1100,2027-04-17T23:00,2027-04-18T22:20,desconhecida,https://www.google.com/travel/flights?q=Flights%20to%20FRA%20from%20GIG%20on%202027-04-17%20oneway,be52c2706fef,
2026-09-19T11:03:14-03:00,google_flights,GIG,FRA,2027-04-17,3657.0,BRL,Tap Air Portugal,Tap Air Portugal,TP 67 TP 572,1,LIS 1h45,105,880,2027-04-17T23:00,2027-04-18T18:40,desconhecida,https://www.google.com/travel/flights?q=Flights%20to%20FRA%20from%20GIG%20on%202027-04-17%20oneway,343f1f9cba20,
2026-09-19T11:03:14-03:00,google_flights,BSB,FRA,2027-04-17,3685.0,BRL,LATAM,LATAM|Air Europa,LA 3409 UX 84 UX 1509,2,"SSA 4h55, MAD 4h00",240,1325,2027-04-17T14:50,2027-04-18T17:55,desconhecida,https://www.google.com/travel/flights?q=Flights%20to%20FRA%20from%20BSB%20on%202027-04-17%20oneway,290db4605188,
2026-09-19T11:03:14-03:00,google_flights,GRU,CPH,2027-04-17,3916.0,BRL,Tap Air Portugal,Tap Air Portugal,TP 82 TP 752,1,LIS 1h50,110,925,2027-04-17T15:30,2027-04-18T11:55,desconhecida,https://www.google.com/travel/flights?q=Flights%20to%20CPH%20from%20GRU%20on%202027-04-17%20oneway,11d6df5bb6af,
2026-09-19T11:03:20-03:00,google_flights,BSB,FRA,2027-04-18,3218.0,BRL,Tap Air Portugal,Tap Air Portugal,TP 58 TP 570,1,LIS 1h40,100,845,2027-04-18T17:25,2027-04-19T12:30,desconhecida,https://www.google.com/travel/flights?q=Flights%20to%20FRA%20from%20BSB%20on%202027-04-18%20oneway,36d723ede46d,
2026-09-19T11:03:20-03:00,google_flights,GRU,AMS,2027-04-18,3453.0,BRL,Air Europa,Air Europa,UX 58 UX 1091,1,MAD 2h00,120,890,2027-04-18T13:50,2027-04-19T09:40,desconhecida,https://www.google.com/travel/flights?q=Flights%20to%20AMS%20from%20GRU%20on%202027-04-18%20oneway,7c2f7b17fa24,
2026-09-19T11:03:20-03:00,google_flights,GIG,CPH,2027-04-18,3689.0,BRL,Tap Air Portugal,Tap Air Portugal,TP 76 TP 752,1,LIS 1h55,115,920,2027-04-18T15:35,2027-04-19T11:55,desconhecida,https://www.google.com/travel/flights?q=Flights%20to%20CPH%20from%20GIG%20on%202027-04-18%20oneway,de47119372d9,
2026-09-19T11:03:20-03:00,google_flights,BSB,FRA,2027-04-18,3186.0,BRL,Tap Air Portugal,Tap Air Portugal,TP 58 TP 574,1,LIS 11h30,690,1435,2027-04-18T17:25,2027-04-19T22:20,desconhecida,https://www.google.com/travel/flights?q=Flights%20to%20FRA%20from%20BSB%20on%202027-04-18%20oneway,a63b18af3b7d,
2026-09-19T11:03:20-03:00,google_flights,GRU,MUC,2027-04-18,3345.0,BRL,Air Europa,Air Europa,UX 58 UX 1515,1,MAD 2h05,125,895,2027-04-18T13:50,2027-04-19T09:45,desconhecida,https://www.google.com/travel/flights?q=Flights%20to%20MUC%20from%20GRU%20on%202027-04-18%20oneway,cac71579581b,
2026-09-19T11:03:20-03:00,google_flights,GRU,FRA,2027-04-18,3345.0,BRL,Air Europa,Air Europa,UX 58 UX 1503,1,MAD 2h00,120,895,2027-04-18T13:50,2027-04-19T09:45,desconhecida,https://www.google.com/travel/flights?q=Flights%20to%20FRA%20from%20GRU%20on%202027-04-18%20oneway,5acefc48a67a,
2026-09-19T11:03:20-03:00,google_flights,GIG,FRA,2027-04-18,3371.0,BRL,Tap Air Portugal,Tap Air Portugal,TP 72 TP 572,1,LIS 2h35,155,930,2027-04-18T22:10,2027-04-19T18:40,desconhecida,https://www.google.com/travel/flights?q=Flights%20to%20FRA%20from%20GIG%20on%202027-04-18%20oneway,df84a8ed448d,
2026-09-19T11:03:20-03:00,google_flights,GRU,AMS,2027-04-18,3511.0,BRL,United,United,UA 860 UA 946,1,IAD 11h05,665,1745,2027-04-18T21:30,2027-04-20T07:35,desconhecida,https://www.google.com/travel/flights?q=Flights%20to%20AMS%20from%20GRU%20on%202027-04-18%20oneway,841de97db4b7,
2026-09-19T11:03:20-03:00,google_flights,GRU,AMS,2027-04-18,5015.0,BRL,KLM,KLM,KL 792,0,,0,695,2027-04-18T21:45,2027-04-19T14:20,desconhecida,https://www.google.com/travel/flights?q=Flights%20to%20AMS%20from%20GRU%20on%202027-04-18%20oneway,12e8ac08b3e9,
2026-09-19T11:03:30-03:00,google_flights,GRU,BER,2027-04-18,5148.0,BRL,Iberia,Iberia,IB 268 IB 781,1,MAD 1h55,115,925,2027-04-18T14:10,2027-04-19T10:35,desconhecida,https://www.google.com/travel/flights?q=Flights%20to%20BER%20from%20GRU%20on%202027-04-18%20oneway,df6b9b6d398f,2027-04-25
2026-09-19T11:03:30-03:00,google_flights,GRU,MUC,2027-04-18,5180.0,BRL,Air Europa,Air Europa,UX 58 UX 1515,1,MAD 2h05,125,895,2027-04-18T13:50,2027-04-19T09:45,desconhecida,https://www.google.com/travel/flights?q=Flights%20to%20MUC%20from%20GRU%20on%202027-04-18%20oneway,cac71579581b,2027-04-25
2026-09-19T11:03:30-03:00,google_flights,GRU,FRA,2027-04-18,5345.0,BRL,LATAM,LATAM,LA 8070,0,,0,705,2027-04-18T23:40,2027-04-19T16:25,desconhecida,https://www.google.com/travel/flights?q=Flights%20to%20FRA%20from%20GRU%20on%202027-04-18%20oneway,c63339d92f4a,2027-04-25
2026-09-19T11:03:30-03:00,google_flights,GRU,AMS,2027-04-18,6431.0,BRL,KLM,KLM,KL 792,0,,0,695,2027-04-18T21:45,2027-04-19T14:20,desconhecida,https://www.google.com/travel/flights?q=Flights%20to%20AMS%20from%20GRU%20on%202027-04-18%20oneway,12e8ac08b3e9,2027-04-25
2026-09-19T11:03:30-03:00,google_flights,GRU,VIE,2027-04-18,4922.0,BRL,Iberia,Iberia,IB 268 IB 793,1,MAD 6h25,385,1190,2027-04-18T14:10,2027-04-19T15:00,desconhecida,https://www.google.com/travel/flights?q=Flights%20to%20VIE%20from%20GRU%20on%202027-04-18%20oneway,e29bb7f184dd,2027-04-25
2026-09-19T11:03:30-03:00,google_flights,GRU,VIE,2027-04-18,4922.0,BRL,Iberia,Iberia,IB 268 IB 795,1,MAD 10h25,625,1430,2027-04-18T14:10,2027-04-19T19:00,desconhecida,https://www.google.com/travel/flights?q=Flights%20to%20VIE%20from%20GRU%20on%202027-04-18%20oneway,698eca5d55cd,2027-04-25
2026-09-19T11:03:30-03:00,google_flights,GRU,VIE,2027-04-18,4922.0,BRL,Iberia,Iberia,IB 272 IB 797,1,MAD 9h10,550,1355,2027-04-18T19:20,2027-04-19T22:55,desconhecida,https://www.google.com/travel/flights?q=Flights%20to%20VIE%20from%20GRU%20on%202027-04-18%20oneway,46a601b083aa,2027-04-25
2026-09-19T11:03:30-03:00,google_flights,GRU,FRA,2027-04-18,4961.0,BRL,Iberia,Iberia,IB 268 IB 1327,1,MAD 3h05,185,975,2027-04-18T14:10,2027-04-19T11:25,desconhecida,https://www.google.com/travel/flights?q=Flights%20to%20FRA%20from%20GRU%20on%202027-04-18%20oneway,cbe41145af06,2027-04-25
2026-09-19T11:03:30-03:00,google_flights,GRU,BER,2027-04-18,5046.0,BRL,LATAM,LATAM|Finnair,LA 8084 AY 1338 AY 1431,2,"LHR 3h05, HEL 8h10",185,1635,2027-04-18T23:50,2027-04-20T08:05,desconhecida,https://www.google.com/travel/flights?q=Flights%20to%20BER%20from%20GRU%20on%202027-04-18%20oneway,6f8ac0d9e973,2027-04-25
2026-09-19T11:03:30-03:00,google_flights,GRU,AMS,2027-04-18,5330.0,BRL,Air Europa,Air Europa,UX 58 UX 1091,1,MAD 2h00,120,890,2027-04-18T13:50,2027-04-19T09:40,desconhecida,https://www.google.com/travel/flights?q=Flights%20to%20AMS%20from%20GRU%20on%202027-04-18%20oneway,7c2f7b17fa24,2027-04-25
2026-09-19T11:03:30-03:00,google_flights,GIG,FRA,2027-04-18,5458.0,BRL,LATAM,LATAM,LA 3875 LA 8070,1,GRU 3h25,205,980,2027-04-18T19:05,2027-04-19T16:25,desconhecida,https://www.google.com/travel/flights?q=Flights%20to%20FRA%20from%20GIG%20on%202027-04-18%20oneway,40353665bfd1,2027-04-25
2026-09-19T11:03:30-03:00,google_flights,BSB,FRA,2027-04-18,6011.0,BRL,Tap Air Portugal,Tap Air Portugal,TP 58 TP 570,1,LIS 1h40,100,845,2027-04-18T17:25,2027-04-19T12:30,desconhecida,https://www.google.com/travel/flights?q=Flights%20to%20FRA%20from%20BSB%20on%202027-04-18%20oneway,36d723ede46d,2027-04-25
2026-09-19T11:03:30-03:00,google_flights,GRU,AMS,2027-04-18,6256.0,BRL,LATAM,LATAM,LA 8078,0,,0,710,2027-04-18T18:00,2027-04-19T10:50,desconhecida,https://www.google.com/travel/flights?q=Flights%20to%20AMS%20from%20GRU%20on%202027-04-18%20oneway,c905b06bab26,2027-04-25
2026-09-19T11:03:30-03:00,google_flights,GRU,FRA,2027-04-18,7287.0,BRL,Lufthansa,Lufthansa,LH 507,0,,0,695,2027-04-18T18:10,2027-04-19T10:45,desconhecida,https://www.google.com/travel/flights?q=Flights%20to%20FRA%20from%20GRU%20on%202027-04-18%20oneway,c1f74f26645b,2027-04-25
2026-09-19T16:09:17-03:00,google_flights,GRU,MUC,2027-04-22,3345.0,BRL,Air Europa,Air Europa,UX 58 UX 1515,1,MAD 2h05,125,895,2027-04-22T13:50,2027-04-23T09:45,desconhecida,https://www.google.com/travel/flights?q=Flights%20to%20MUC%20from%20GRU%20on%202027-04-22%20oneway,db7d0116e469,
2026-09-19T16:09:17-03:00,google_flights,BSB,BER,2027-04-22,3512.0,BRL,Tap Air Portugal,Tap Air Portugal,TP 58 TP 530,1,LIS 1h30,90,850,2027-04-22T17:10,2027-04-23T12:20,desconhecida,https://www.google.com/travel/flights?q=Flights%20to%20BER%20from%20BSB%20on%202027-04-22%20oneway,94330108dea4,
2026-09-19T16:09:17-03:00,google_flights,GIG,MUC,2027-04-22,3539.0,BRL,ITA,ITA,AZ 673 AZ 432,1,FCO 1h55,115,885,2027-04-22T14:25,2027-04-23T10:10,desconhecida,https://www.google.com/travel/flights?q=Flights%20to%20MUC%20from%20GIG%20on%202027-04-22%20oneway,49bbcd020d85,
2026-09-19T16:09:17-03:00,google_flights,GRU,AMS,2027-04-22,2711.0,BRL,United,United,UA 860 UA 946,1,IAD 11h05,665,1745,2027-04-22T21:30,2027-04-24T07:35,desconhecida,https://www.google.com/travel/flights?q=Flights%20to%20AMS%20from%20GRU%20on%202027-04-22%20oneway,34e8230fb190,
2026-09-19T16:09:17-03:00,google_flights,GRU,CPH,2027-04-22,2946.0,BRL,United,United|Lufthansa,UA 844 UA 944 LH 826,2,"ORD 8h15, FRA 1h20",80,1795,2027-04-22T22:20,2027-04-24T09:15,desconhecida,https://www.google.com/travel/flights?q=Flights%20to%20CPH%20from%20GRU%20on%202027-04-22%20oneway,3aa2790a61ad,
2026-09-19T16:09:17-03:00,google_flights,BSB,FRA,2027-04-22,3223.0,BRL,Tap Air Portugal,Tap Air Portugal,TP 58 TP 574,1,LIS 11h50,710,1450,2027-04-22T17:10,2027-04-23T22:20,desconhecida,https://www.google.com/travel/flights?q=Flights%20to%20FRA%20from%20BSB%20on%202027-04-22%20oneway,ce93dc6fdaa8,
2026-09-19T16:09:17-03:00,google_flights,BSB,FRA,2027-04-22,3287.0,BRL,Tap Air Portugal,Tap Air Portugal,TP 58 TP 570,1,LIS 2h00,120,860,2027-04-22T17:10,2027-04-23T12:30,desconhecida,https://www.google.com/travel/flights?q=Flights%20to%20FRA%20from%20BSB%20on%202027-04-22%20oneway,09fd94a52530,
2026-09-19T16:09:17-03:00,google_flights,GRU,FRA,2027-04-22,3345.0,BRL,Air Europa,Air Europa,UX 58 UX 1503,1,MAD 2h00,120,895,2027-04-22T13:50,2027-04-23T09:45,desconhecida,https://www.google.com/travel/flights?q=Flights%20to%20FRA%20from%20GRU%20on%202027-04-22%20oneway,f1969eb69575,
2026-09-19T16:09:17-03:00,google_flights,GIG,FRA,2027-04-22,3371.0,BRL,Tap Air Portugal,Tap Air Portugal,TP 67 TP 574,1,LIS 5h25,325,1100,2027-04-22T23:00,2027-04-23T22:20,desconhecida,https://www.google.com/travel/flights?q=Flights%20to%20FRA%20from%20GIG%20on%202027-04-22%20oneway,fbceafe70fd3,
2026-09-19T16:09:17-03:00,google_flights,GRU,AMS,2027-04-22,3453.0,BRL,Air Europa,Air Europa,UX 58 UX 1091,1,MAD 2h00,120,890,2027-04-22T13:50,2027-04-23T09:40,desconhecida,https://www.google.com/travel/flights?q=Flights%20to%20AMS%20from%20GRU%20on%202027-04-22%20oneway,9290da6ef6b0,
2026-09-19T16:09:17-03:00,google_flights,GIG,AMS,2027-04-22,3810.0,BRL,Tap Air Portugal,Tap Air Portugal,TP 67 TP 672,1,LIS 1h50,110,880,2027-04-22T23:00,2027-04-23T18:40,desconhecida,https://www.google.com/travel/flights?q=Flights%20to%20AMS%20from%20GIG%20on%202027-04-22%20oneway,10eb1445559d,
2026-09-19T16:09:17-03:00,google_flights,GRU,CPH,2027-04-22,3916.0,BRL,Tap Air Portugal,Tap Air Portugal,TP 82 TP 752,1,LIS 1h30,90,905,2027-04-22T15:30,2027-04-23T11:35,desconhecida,https://www.google.com/travel/flights?q=Flights%20to%20CPH%20from%20GRU%20on%202027-04-22%20oneway,6d1b89cee302,
2026-09-19T16:09:17-03:00,google_flights,GRU,AMS,2027-04-22,4778.0,BRL,KLM,KLM,KL 792,0,,0,695,2027-04-22T21:45,2027-04-23T14:20,desconhecida,https://www.google.com/travel/flights?q=Flights%20to%20AMS%20from%20GRU%20on%202027-04-22%20oneway,06b0b0165473,
2026-09-19T23:54:00-03:00,google_flights,GRU,MUC,2027-04-19,3345.0,BRL,Air Europa,Air Europa,UX 58 UX 1515,1,MAD 2h05,125,895,2027-04-19T13:50,2027-04-20T09:45,desconhecida,https://www.google.com/travel/flights?q=Flights%20to%20MUC%20from%20GRU%20on%202027-04-19%20oneway,efa495909ca0,
2026-09-19T23:54:00-03:00,google_flights,BSB,BER,2027-04-19,3438.0,BRL,Tap Air Portugal,Tap Air Portugal,TP 58 TP 532,1,LIS 5h25,325,1085,2027-04-19T17:25,2027-04-20T16:30,desconhecida,https://www.google.com/travel/flights?q=Flights%20to%20BER%20from%20BSB%20on%202027-04-19%20oneway,c06362a3ff0a,
2026-09-19T23:54:00-03:00,google_flights,GRU,AMS,2027-04-19,3453.0,BRL,Air Europa,Air Europa,UX 58 UX 1091,1,MAD 2h00,120,890,2027-04-19T13:50,2027-04-20T09:40,desconhecida,https://www.google.com/travel/flights?q=Flights%20to%20AMS%20from%20GRU%20on%202027-04-19%20oneway,96c8dd0da8c7,
2026-09-19T23:54:00-03:00,google_flights,GRU,AMS,2027-04-19,2856.0,BRL,United,United,UA 860 UA 946,1,IAD 11h05,665,1745,2027-04-19T21:30,2027-04-21T07:35,desconhecida,https://www.google.com/travel/flights?q=Flights%20to%20AMS%20from%20GRU%20on%202027-04-19%20oneway,f19b816caf5c,
2026-09-19T23:54:00-03:00,google_flights,BSB,FRA,2027-04-19,3287.0,BRL,Tap Air Portugal,Tap Air Portugal,TP 58 TP 574,1,LIS 11h35,695,1435,2027-04-19T17:25,2027-04-20T22:20,desconhecida,https://www.google.com/travel/flights?q=Flights%20to%20FRA%20from%20BSB%20on%202027-04-19%20oneway,78bfa7393fea,
2026-09-19T23:54:00-03:00,google_flights,GRU,FRA,2027-04-19,3345.0,BRL,Air Europa,Air Europa,UX 58 UX 1503,1,MAD 2h00,120,895,2027-04-19T13:50,2027-04-20T09:45,desconhecida,https://www.google.com/travel/flights?q=Flights%20to%20FRA%20from%20GRU%20on%202027-04-19%20oneway,2ab0796500a9,
2026-09-19T23:54:00-03:00,google_flights,GIG,FRA,2027-04-19,3371.0,BRL,Tap Air Portugal,Tap Air Portugal,TP 76 TP 570,1,LIS 3h00,180,955,2027-04-19T15:35,2027-04-20T12:30,desconhecida,https://www.google.com/travel/flights?q=Flights%20to%20FRA%20from%20GIG%20on%202027-04-19%20oneway,a14fd11859c0,
2026-09-19T23:54:00-03:00,google_flights,GIG,FRA,2027-04-19,3371.0,BRL,Tap Air Portugal,Tap Air Portugal,TP 72 TP 572,1,LIS 2h35,155,930,2027-04-19T22:10,2027-04-20T18:40,desconhecida,https://www.google.com/travel/flights?q=Flights%20to%20FRA%20from%20GIG%20on%202027-04-19%20oneway,c140b9eebab4,
2026-09-19T23:54:00-03:00,google_flights,BSB,FRA,2027-04-19,3456.0,BRL,Tap Air Portugal,Tap Air Portugal,TP 58 TP 570,1,LIS 1h45,105,845,2027-04-19T17:25,2027-04-20T12:30,desconhecida,https://www.google.com/travel/flights?q=Flights%20to%20FRA%20from%20BSB%20on%202027-04-19%20oneway,7721d2d28dbf,
2026-09-19T23:54:00-03:00,google_flights,GRU,FRA,2027-04-19,3535.0,BRL,Tap Air Portugal,Tap Air Portugal,TP 84 TP 574,1,LIS 3h35,215,995,2027-04-19T00:45,2027-04-19T22:20,desconhecida,https://www.google.com/travel/flights?q=Flights%20to%20FRA%20from%20GRU%20on%202027-04-19%20oneway,08c1eb583b55,
2026-09-19T23:54:00-03:00,google_flights,GIG,BER,2027-04-19,3808.0,BRL,Tap Air Portugal,Tap Air Portugal,TP 76 TP 530,1,LIS 1h40,100,895,2027-04-19T15:35,2027-04-20T11:30,desconhecida,https://www.google.com/travel/flights?q=Flights%20to%20BER%20from%20GIG%20on%202027-04-19%20oneway,a8dc90ff0e6a,
2026-09-19T23:54:00-03:00,google_flights,GRU,CPH,2027-04-19,3916.0,BRL,Tap Air Portugal,Tap Air Portugal,TP 88 TP 754,1,LIS 1h35,95,905,2027-04-19T20:45,2027-04-20T16:50,desconhecida,https://www.google.com/travel/flights?q=Flights%20to%20CPH%20from%20GRU%20on%202027-04-19%20oneway,6dd8cd2c1f51,
2026-09-19T23:54:00-03:00,google_flights,GRU,BER,2027-04-19,4015.0,BRL,Tap Air Portugal,Tap Air Portugal,TP 88 TP 532,1,LIS 1h25,85,885,2027-04-19T20:45,2027-04-20T16:30,desconhecida,https://www.google.com/travel/flights?q=Flights%20to%20BER%20from%20GRU%20on%202027-04-19%20oneway,cbb1abe9b2fb,
2026-09-19T23:54:00-03:00,google_flights,GRU,AMS,2027-04-19,4778.0,BRL,KLM,KLM,KL 792,0,,0,695,2027-04-19T21:45,2027-04-20T14:20,desconhecida,https://www.google.com/travel/flights?q=Flights%20to%20AMS%20from%20GRU%20on%202027-04-19%20oneway,d43e59eb49ba,
2026-09-19T23:54:06-03:00,google_flights,BSB,FRA,2027-04-20,3228.0,BRL,Tap Air Portugal,Tap Air Portugal,TP 58 TP 570,1,LIS 1h45,105,845,2027-04-20T17:25,2027-04-21T12:30,desconhecida,https://www.google.com/travel/flights?q=Flights%20to%20FRA%20from%20BSB%20on%202027-04-20%20oneway,d30f00213e1c,
2026-09-19T23:54:06-03:00,google_flights,GRU,MUC,2027-04-20,3345.0,BRL,Air Europa,Air Europa,UX 58 UX 1515,1,MAD 2h05,125,895,2027-04-20T13:50,2027-04-21T09:45,desconhecida,https://www.google.com/travel/flights?q=Flights%20to%20MUC%20from%20GRU%20on%202027-04-20%20oneway,ebb631af85ff,
2026-09-19T23:54:06-03:00,google_flights,BSB,BER,2027-04-20,3422.0,BRL,Tap Air Portugal,Tap Air Portugal,TP 58 TP 530,1,LIS 1h25,85,845,2027-04-20T17:25,2027-04-21T12:30,desconhecida,https://www.google.com/travel/flights?q=Flights%20to%20BER%20from%20BSB%20on%202027-04-20%20oneway,a955879f6eae,
2026-09-19T23:54:06-03:00,google_flights,GRU,FRA,2027-04-20,3253.0,BRL,United,United,UA 860 UA 989,1,IAD 10h50,650,1730,2027-04-20T21:30,2027-04-22T07:20,desconhecida,https://www.google.com/travel/flights?q=Flights%20to%20FRA%20from%20GRU%20on%202027-04-20%20oneway,fb57d58baeeb,
2026-09-19T23:54:06-03:00,google_flights,GRU,MUC,2027-04-20,3253.0,BRL,United,United,UA 860 UA 108,1,IAD 11h00,660,1755,2027-04-20T21:30,2027-04-22T07:45,desconhecida,https://www.google.com/travel/flights?q=Flights%20to%20MUC%20from%20GRU%20on%202027-04-20%20oneway,9293c25421f0,
2026-09-19T23:54:06-03:00,google_flights,GRU,FRA,2027-04-20,3345.0,BRL,Air Europa,Air Europa,UX 58 UX 1503,1,MAD 2h00,120,895,2027-04-20T13:50,2027-04-21T09:45,desconhecida,https://www.google.com/travel/flights?q=Flights%20to%20FRA%20from%20GRU%20on%202027-04-20%20oneway,71f776be3cfe,
2026-09-19T23:54:06-03:00,google_flights,GIG,FRA,2027-04-20,3371.0,BRL,Tap Air Portugal,Tap Air Portugal,TP 76 TP 570,1,LIS 3h00,180,955,2027-04-20T15:35,2027-04-21T12:30,desconhecida,https://www.google.com/travel/flights?q=Flights%20to%20FRA%20from%20GIG%20on%202027-04-20%20oneway,df6d6d19ea0b,
2026-09-19T23:54:06-03:00,google_flights,GRU,AMS,2027-04-20,3453.0,BRL,Air Europa,Air Europa,UX 58 UX 1091,1,MAD 2h00,120,890,2027-04-20T13:50,2027-04-21T09:40,desconhecida,https://www.google.com/travel/flights?q=Flights%20to%20AMS%20from%20GRU%20on%202027-04-20%20oneway,449c11bd5a36,
2026-09-19T23:54:06-03:00,google_flights,GIG,MUC,2027-04-20,3519.0,BRL,Tap Air Portugal,Tap Air Portugal,TP 67 TP 554,1,LIS 2h10,130,900,2027-04-20T23:00,2027-04-21T19:00,desconhecida,https://www.google.com/travel/flights?q=Flights%20to%20MUC%20from%20GIG%20on%202027-04-20%20oneway,81f89426a9f0,
2026-09-19T23:54:06-03:00,google_flights,GIG,FRA,2027-04-20,3657.0,BRL,Tap Air Portugal,Tap Air Portugal,TP 67 TP 572,1,LIS 1h45,105,880,2027-04-20T23:00,2027-04-21T18:40,desconhecida,https://www.google.com/travel/flights?q=Flights%20to%20FRA%20from%20GIG%20on%202027-04-20%20oneway,8b90f9d4f761,
2026-09-19T23:54:06-03:00,google_flights,GIG,CPH,2027-04-20,3689.0,BRL,Tap Air Portugal,Tap Air Portugal,TP 76 TP 752,1,LIS 1h55,115,920,2027-04-20T15:35,2027-04-21T11:55,desconhecida,https://www.google.com/travel/flights?q=Flights%20to%20CPH%20from%20GIG%20on%202027-04-20%20oneway,5438d0aa4e2f,
2026-09-19T23:54:06-03:00,google_flights,GRU,BER,2027-04-20,4015.0,BRL,Tap Air Portugal,Tap Air Portugal,TP 88 TP 532,1,LIS 1h25,85,885,2027-04-20T20:45,2027-04-21T16:30,desconhecida,https://www.google.com/travel/flights?q=Flights%20to%20BER%20from%20GRU%20on%202027-04-20%20oneway,f2d3e3ddad41,
2026-09-19T23:54:06-03:00,google_flights,GRU,AMS,2027-04-20,4778.0,BRL,KLM,KLM,KL 792,0,,0,695,2027-04-20T21:45,2027-04-21T14:20,desconhecida,https://www.google.com/travel/flights?q=Flights%20to%20AMS%20from%20GRU%20on%202027-04-20%20oneway,0a6fe5cc738f,
2026-09-19T23:54:13-03:00,google_flights,GRU,MUC,2027-04-21,3345.0,BRL,Air Europa,Air Europa,UX 58 UX 1515,1,MAD 2h05,125,895,2027-04-21T13:50,2027-04-22T09:45,desconhecida,https://www.google.com/travel/flights?q=Flights%20to%20MUC%20from%20GRU%20on%202027-04-21%20oneway,304e39efe077,
2026-09-19T23:54:13-03:00,google_flights,BSB,BER,2027-04-21,3412.0,BRL,Tap Air Portugal,Tap Air Portugal,TP 58 TP 532,1,LIS 4h35,275,1035,2027-04-21T18:15,2027-04-22T16:30,desconhecida,https://www.google.com/travel/flights?q=Flights%20to%20BER%20from%20BSB%20on%202027-04-21%20oneway,7edb5ed8cef7,
2026-09-19T23:54:13-03:00,google_flights,BSB,MUC,2027-04-21,3509.0,BRL,Tap Air Portugal,Tap Air Portugal,TP 58 TP 552,1,LIS 1h15,75,810,2027-04-21T18:15,2027-04-22T12:45,desconhecida,https://www.google.com/travel/flights?q=Flights%20to%20MUC%20from%20BSB%20on%202027-04-21%20oneway,ba1615826e8b,
2026-09-19T23:54:13-03:00,google_flights,GRU,AMS,2027-04-21,2711.0,BRL,United,United,UA 860 UA 946,1,IAD 11h05,665,1745,2027-04-21T21:30,2027-04-23T07:35,desconhecida,https://www.google.com/travel/flights?q=Flights%20to%20AMS%20from%20GRU%20on%202027-04-21%20oneway,a5f9b8ad0512,
2026-09-19T23:54:13-03:00,google_flights,GRU,AMS,2027-04-21,2711.0,BRL,United,United,UA 844 UA 909,1,ORD 11h15,675,1810,2027-04-21T22:20,2027-04-23T09:30,desconhecida,https://www.google.com/travel/flights?q=Flights%20to%20AMS%20from%20GRU%20on%202027-04-21%20oneway,83fd411b0929,
2026-09-19T23:54:13-03:00,google_flights,GRU,CPH,2027-04-21,2946.0,BRL,United,United|Lufthansa,UA 844 UA 944 LH 826,2,"ORD 8h15, FRA 1h20",80,1795,2027-04-21T22:20,2027-04-23T09:15,desconhecida,https://www.google.com/travel/flights?q=Flights%20to%20CPH%20from%20GRU%20on%202027-04-21%20oneway,5173dcc928e7,
2026-09-19T23:54:13-03:00,google_flights,BSB,FRA,2027-04-21,3239.0,BRL,Tap Air Portugal,Tap Air Portugal,TP 58 TP 572,1,LIS 7h05,425,1165,2027-04-21T18:15,2027-04-22T18:40,desconhecida,https://www.google.com/travel/flights?q=Flights%20to%20FRA%20from%20BSB%20on%202027-04-21%20oneway,1f8045e5e961,
2026-09-19T23:54:13-03:00,google_flights,GRU,FRA,2027-04-21,3345.0,BRL,Air Europa,Air Europa,UX 58 UX 1503,1,MAD 2h00,120,895,2027-04-21T13:50,2027-04-22T09:45,desconhecida,https://www.google.com/travel/flights?q=Flights%20to%20FRA%20from%20GRU%20on%202027-04-21%20oneway,22814f2ca842,
2026-09-19T23:54:13-03:00,google_flights,GIG,FRA,2027-04-21,3371.0,BRL,Tap Air Portugal,Tap Air Portugal,TP 72 TP 574,1,LIS 6h15,375,1150,2027-04-21T22:10,2027-04-22T22:20,desconhecida,https://www.google.com/travel/flights?q=Flights%20to%20FRA%20from%20GIG%20on%202027-04-21%20oneway,b6280408b810,
2026-09-19T23:54:13-03:00,google_flights,GRU,AMS,2027-04-21,3453.0,BRL,Air Europa,Air Europa,UX 58 UX 1091,1,MAD 2h00,120,890,2027-04-21T13:50,2027-04-22T09:40,desconhecida,https://www.google.com/travel/flights?q=Flights%20to%20AMS%20from%20GRU%20on%202027-04-21%20oneway,9c22a2dad831,
2026-09-19T23:54:13-03:00,google_flights,GRU,FRA,2027-04-21,3535.0,BRL,Tap Air Portugal,Tap Air Portugal,TP 82 TP 570,1,LIS 2h55,175,960,2027-04-21T15:30,2027-04-22T12:30,desconhecida,https://www.google.com/travel/flights?q=Flights%20to%20FRA%20from%20GRU%20on%202027-04-21%20oneway,0bac21ee23e8,
2026-09-19T23:54:13-03:00,google_flights,GRU,FRA,2027-04-21,3535.0,BRL,Tap Air Portugal,Tap Air Portugal,TP 88 TP 572,1,LIS 3h55,235,1015,2027-04-21T20:45,2027-04-22T18:40,desconhecida,https://www.google.com/travel/flights?q=Flights%20to%20FRA%20from%20GRU%20on%202027-04-21%20oneway,4d7949f7e1b5,
2026-09-19T23:54:13-03:00,google_flights,GIG,FRA,2027-04-21,3539.0,BRL,ITA,ITA,AZ 673 AZ 400,1,FCO 2h05,125,925,2027-04-21T14:25,2027-04-22T10:50,desconhecida,https://www.google.com/travel/flights?q=Flights%20to%20FRA%20from%20GIG%20on%202027-04-21%20oneway,aad31b5b5593,
2026-09-19T23:54:13-03:00,google_flights,GRU,AMS,2027-04-21,3662.0,BRL,ITA,ITA,AZ 679 AZ 110,1,FCO 3h05,185,1030,2027-04-21T18:55,2027-04-22T17:05,desconhecida,https://www.google.com/travel/flights?q=Flights%20to%20AMS%20from%20GRU%20on%202027-04-21%20oneway,4366d35f82e3,
2026-09-19T23:54:13-03:00,google_flights,GIG,VIE,2027-04-21,3699.0,BRL,Tap Air Portugal,Tap Air Portugal,TP 72 TP 1272,1,LIS 2h00,120,915,2027-04-21T22:10,2027-04-22T18:25,desconhecida,https://www.google.com/travel/flights?q=Flights%20to%20VIE%20from%20GIG%20on%202027-04-21%20oneway,1f1cef33f9a7,
2026-09-19T23:54:13-03:00,google_flights,GIG,BER,2027-04-21,3808.0,BRL,Tap Air Portugal,Tap Air Portugal,TP 76 TP 530,1,LIS 1h40,100,895,2027-04-21T15:35,2027-04-22T11:30,desconhecida,https://www.google.com/travel/flights?q=Flights%20to%20BER%20from%20GIG%20on%202027-04-21%20oneway,936221ecd6a3,
2026-09-19T23:54:13-03:00,google_flights,GRU,CPH,2027-04-21,3916.0,BRL,Tap Air Portugal,Tap Air Portugal,TP 88 TP 754,1,LIS 1h35,95,905,2027-04-21T20:45,2027-04-22T16:50,desconhecida,https://www.google.com/travel/flights?q=Flights%20to%20CPH%20from%20GRU%20on%202027-04-21%20oneway,f657efaa9f39,
2026-09-19T23:54:13-03:00,google_flights,GRU,BER,2027-04-21,4015.0,BRL,Tap Air Portugal,Tap Air Portugal,TP 88 TP 532,1,LIS 1h25,85,885,2027-04-21T20:45,2027-04-22T16:30,desconhecida,https://www.google.com/travel/flights?q=Flights%20to%20BER%20from%20GRU%20on%202027-04-21%20oneway,80de513e57af,
2026-09-19T23:54:13-03:00,google_flights,GRU,AMS,2027-04-21,4778.0,BRL,KLM,KLM,KL 792,0,,0,695,2027-04-21T21:45,2027-04-22T14:20,desconhecida,https://www.google.com/travel/flights?q=Flights%20to%20AMS%20from%20GRU%20on%202027-04-21%20oneway,e2a05f53c049,
2026-09-20T11:23:29-03:00,google_flights,GRU,AMS,2027-04-22,2711.0,BRL,United,United,UA 860 UA 946,1,IAD 11h05,665,1745,2027-04-22T21:30,2027-04-24T07:35,desconhecida,https://www.google.com/travel/flights?q=Flights%20to%20AMS%20from%20GRU%20on%202027-04-22%20oneway,34e8230fb190,
2026-09-20T11:23:29-03:00,google_flights,BSB,FRA,2027-04-22,3287.0,BRL,Tap Air Portugal,Tap Air Portugal,TP 58 TP 570,1,LIS 2h00,120,860,2027-04-22T17:10,2027-04-23T12:30,desconhecida,https://www.google.com/travel/flights?q=Flights%20to%20FRA%20from%20BSB%20on%202027-04-22%20oneway,09fd94a52530,
2026-09-20T11:23:29-03:00,google_flights,GRU,MUC,2027-04-22,3345.0,BRL,Air Europa,Air Europa,UX 58 UX 1515,1,MAD 2h05,125,895,2027-04-22T13:50,2027-04-23T09:45,desconhecida,https://www.google.com/travel/flights?q=Flights%20to%20MUC%20from%20GRU%20on%202027-04-22%20oneway,db7d0116e469,
2026-09-20T11:23:29-03:00,google_flights,BSB,BER,2027-04-22,3512.0,BRL,Tap Air Portugal,Tap Air Portugal,TP 58 TP 530,1,LIS 1h30,90,850,2027-04-22T17:10,2027-04-23T12:20,desconhecida,https://www.google.com/travel/flights?q=Flights%20to%20BER%20from%20BSB%20on%202027-04-22%20oneway,94330108dea4,
2026-09-20T11:23:29-03:00,google_flights,GIG,FRA,2027-04-22,3539.0,BRL,ITA,ITA,AZ 673 AZ 400,1,FCO 2h05,125,925,2027-04-22T14:25,2027-04-23T10:50,desconhecida,https://www.google.com/travel/flights?q=Flights%20to%20FRA%20from%20GIG%20on%202027-04-22%20oneway,7a0eae9b7f9d,
2026-09-20T11:23:29-03:00,google_flights,BSB,FRA,2027-04-22,3223.0,BRL,Tap Air Portugal,Tap Air Portugal,TP 58 TP 574,1,LIS 11h50,710,1450,2027-04-22T17:10,2027-04-23T22:20,desconhecida,https://www.google.com/travel/flights?q=Flights%20to%20FRA%20from%20BSB%20on%202027-04-22%20oneway,ce93dc6fdaa8,
2026-09-20T11:23:29-03:00,google_flights,GRU,MUC,2027-04-22,3253.0,BRL,United,United|Lufthansa,UA 844 LH 437,1,ORD 8h50,530,1665,2027-04-22T22:20,2027-04-24T07:05,desconhecida,https://www.google.com/travel/flights?q=Flights%20to%20MUC%20from%20GRU%20on%202027-04-22%20oneway,fb14a373c36b,
2026-09-20T11:23:29-03:00,google_flights,GRU,FRA,2027-04-22,3345.0,BRL,Air Europa,Air Europa,UX 58 UX 1503,1,MAD 2h00,120,895,2027-04-22T13:50,2027-04-23T09:45,desconhecida,https://www.google.com/travel/flights?q=Flights%20to%20FRA%20from%20GRU%20on%202027-04-22%20oneway,f1969eb69575,
2026-09-20T11:23:29-03:00,google_flights,GIG,FRA,2027-04-22,3371.0,BRL,Tap Air Portugal,Tap Air Portugal,TP 67 TP 574,1,LIS 5h25,325,1100,2027-04-22T23:00,2027-04-23T22:20,desconhecida,https://www.google.com/travel/flights?q=Flights%20to%20FRA%20from%20GIG%20on%202027-04-22%20oneway,fbceafe70fd3,
2026-09-20T11:23:29-03:00,google_flights,GRU,AMS,2027-04-22,3453.0,BRL,Air Europa,Air Europa,UX 58 UX 1091,1,MAD 2h00,120,890,2027-04-22T13:50,2027-04-23T09:40,desconhecida,https://www.google.com/travel/flights?q=Flights%20to%20AMS%20from%20GRU%20on%202027-04-22%20oneway,9290da6ef6b0,
2026-09-20T11:23:29-03:00,google_flights,GIG,AMS,2027-04-22,3810.0,BRL,Tap Air Portugal,Tap Air Portugal,TP 67 TP 672,1,LIS 1h50,110,880,2027-04-22T23:00,2027-04-23T18:40,desconhecida,https://www.google.com/travel/flights?q=Flights%20to%20AMS%20from%20GIG%20on%202027-04-22%20oneway,10eb1445559d,
2026-09-20T11:23:29-03:00,google_flights,GRU,CPH,2027-04-22,3916.0,BRL,Tap Air Portugal,Tap Air Portugal,TP 82 TP 752,1,LIS 1h30,90,905,2027-04-22T15:30,2027-04-23T11:35,desconhecida,https://www.google.com/travel/flights?q=Flights%20to%20CPH%20from%20GRU%20on%202027-04-22%20oneway,6d1b89cee302,
2026-09-20T11:23:29-03:00,google_flights,GRU,AMS,2027-04-22,4778.0,BRL,KLM,KLM,KL 792,0,,0,695,2027-04-22T21:45,2027-04-23T14:20,desconhecida,https://www.google.com/travel/flights?q=Flights%20to%20AMS%20from%20GRU%20on%202027-04-22%20oneway,06b0b0165473,
2026-09-20T11:23:41-03:00,google_flights,GRU,MUC,2027-04-23,3345.0,BRL,Air Europa,Air Europa,UX 58 UX 1515,1,MAD 2h05,125,895,2027-04-23T13:50,2027-04-24T09:45,desconhecida,https://www.google.com/travel/flights?q=Flights%20to%20MUC%20from%20GRU%20on%202027-04-23%20oneway,97342844ea27,
2026-09-20T11:23:41-03:00,google_flights,GRU,FRA,2027-04-23,3345.0,BRL,Air Europa,Air Europa,UX 58 UX 1503,1,MAD 2h00,120,895,2027-04-23T13:50,2027-04-24T09:45,desconhecida,https://www.google.com/travel/flights?q=Flights%20to%20FRA%20from%20GRU%20on%202027-04-23%20oneway,018a145e3f8c,
2026-09-20T11:23:41-03:00,google_flights,GRU,AMS,2027-04-23,3453.0,BRL,Air Europa,Air Europa,UX 58 UX 1091,1,MAD 2h00,120,890,2027-04-23T13:50,2027-04-24T09:40,desconhecida,https://www.google.com/travel/flights?q=Flights%20to%20AMS%20from%20GRU%20on%202027-04-23%20oneway,0765540ef092,
2026-09-20T11:23:41-03:00,google_flights,BSB,MUC,2027-04-23,3509.0,BRL,Tap Air Portugal,Tap Air Portugal,TP 58 TP 552,1,LIS 1h15,75,810,2027-04-23T18:15,2027-04-24T12:45,desconhecida,https://www.google.com/travel/flights?q=Flights%20to%20MUC%20from%20BSB%20on%202027-04-23%20oneway,13c063c3b460,
2026-09-20T11:23:41-03:00,google_flights,BSB,FRA,2027-04-23,3228.0,BRL,Tap Air Portugal,Tap Air Portugal,TP 58 TP 574,1,LIS 10h45,645,1385,2027-04-23T18:15,2027-04-24T22:20,desconhecida,https://www.google.com/travel/flights?q=Flights%20to%20FRA%20from%20BSB%20on%202027-04-23%20oneway,2f3ad3ae5c31,
2026-09-20T11:23:41-03:00,google_flights,GRU,MUC,2027-04-23,3253.0,BRL,United,United|Lufthansa,UA 844 LH 437,1,ORD 8h50,530,1665,2027-04-23T22:20,2027-04-25T07:05,desconhecida,https://www.google.com/travel/flights?q=Flights%20to%20MUC%20from%20GRU%20on%202027-04-23%20oneway,78800f9ccdf9,
2026-09-20T11:23:41-03:00,google_flights,BSB,FRA,2027-04-23,3287.0,BRL,Tap Air Portugal,Tap Air Portugal,TP 58 TP 572,1,LIS 7h05,425,1165,2027-04-23T18:15,2027-04-24T18:40,desconhecida,https://www.google.com/travel/flights?q=Flights%20to%20FRA%20from%20BSB%20on%202027-04-23%20oneway,bc6378abf8f0,
2026-09-20T11:23:41-03:00,google_flights,GIG,FRA,2027-04-23,3392.0,BRL,Tap Air Portugal,Tap Air Portugal,TP 72 TP 570,1,LIS 20h25,1225,2000,2027-04-23T22:10,2027-04-25T12:30,desconhecida,https://www.google.com/travel/flights?q=Flights%20to%20FRA%20from%20GIG%20on%202027-04-23%20oneway,732db51c57c7,
2026-09-20T11:23:41-03:00,google_flights,GRU,FRA,2027-04-23,3535.0,BRL,Tap Air Portugal,Tap Air Portugal,TP 84 TP 574,1,LIS 3h35,215,995,2027-04-23T00:45,2027-04-23T22:20,desconhecida,https://www.google.com/travel/flights?q=Flights%20to%20FRA%20from%20GRU%20on%202027-04-23%20oneway,811518dae145,
2026-09-20T11:23:41-03:00,google_flights,GRU,FRA,2027-04-23,3535.0,BRL,Tap Air Portugal,Tap Air Portugal,TP 88 TP 572,1,LIS 3h55,235,1015,2027-04-23T20:45,2027-04-24T18:40,desconhecida,https://www.google.com/travel/flights?q=Flights%20to%20FRA%20from%20GRU%20on%202027-04-23%20oneway,42d6f851e8ff,
2026-09-20T11:23:41-03:00,google_flights,GIG,AMS,2027-04-23,3810.0,BRL,Tap Air Portugal,Tap Air Portugal,TP 72 TP 672,1,LIS 2h40,160,930,2027-04-23T22:10,2027-04-24T18:40,desconhecida,https://www.google.com/travel/flights?q=Flights%20to%20AMS%20from%20GIG%20on%202027-04-23%20oneway,f38b0c66d6d3,
2026-09-20T11:23:41-03:00,google_flights,GRU,CPH,2027-04-23,3916.0,BRL,Tap Air Portugal,Tap Air Portugal,TP 88 TP 754,1,LIS 1h35,95,905,2027-04-23T20:45,2027-04-24T16:50,desconhecida,https://www.google.com/travel/flights?q=Flights%20to%20CPH%20from%20GRU%20on%202027-04-23%20oneway,eb0d045f9774,
2026-09-20T11:23:47-03:00,google_flights,BSB,FRA,2027-04-13,3207.0,BRL,Tap Air Portugal,Tap Air Portugal,TP 58 TP 570,1,LIS 1h45,105,845,2027-04-13T17:25,2027-04-14T12:30,desconhecida,https://www.google.com/travel/flights?q=Flights%20to%20FRA%20from%20BSB%20on%202027-04-13%20oneway,32c4d3959239,
2026-09-20T11:23:47-03:00,google_flights,GRU,MUC,2027-04-13,3345.0,BRL,Air Europa,Air Europa,UX 58 UX 1515,1,MAD 2h05,125,895,2027-04-13T13:50,2027-04-14T09:45,desconhecida,https://www.google.com/travel/flights?q=Flights%20to%20MUC%20from%20GRU%20on%202027-04-13%20oneway,89dde1e4fb72,
2026-09-20T11:23:47-03:00,google_flights,GIG,MUC,2027-04-13,3539.0,BRL,ITA,ITA,AZ 673 AZ 432,1,FCO 1h55,115,885,2027-04-13T14:25,2027-04-14T10:10,desconhecida,https://www.google.com/travel/flights?q=Flights%20to%20MUC%20from%20GIG%20on%202027-04-13%20oneway,1778eae09ff6,
2026-09-20T11:23:47-03:00,google_flights,GRU,AMS,2027-04-13,2897.0,BRL,United,United,UA 860 UA 946,1,IAD 11h05,665,1745,2027-04-13T21:30,2027-04-15T07:35,desconhecida,https://www.google.com/travel/flights?q=Flights%20to%20AMS%20from%20GRU%20on%202027-04-13%20oneway,993cb09a255b,
2026-09-20T11:23:47-03:00,google_flights,GRU,FRA,2027-04-13,3345.0,BRL,Air Europa,Air Europa,UX 58 UX 1503,1,MAD 2h00,120,895,2027-04-13T13:50,2027-04-14T09:45,desconhecida,https://www.google.com/travel/flights?q=Flights%20to%20FRA%20from%20GRU%20on%202027-04-13%20oneway,7216aeb19bc4,
2026-09-20T11:23:47-03:00,google_flights,GIG,FRA,2027-04-13,3371.0,BRL,Tap Air Portugal,Tap Air Portugal,TP 67 TP 572,1,LIS 1h45,105,880,2027-04-13T23:00,2027-04-14T18:40,desconhecida,https://www.google.com/travel/flights?q=Flights%20to%20FRA%20from%20GIG%20on%202027-04-13%20oneway,1a6e34bfcfe3,
2026-09-20T11:23:47-03:00,google_flights,GRU,AMS,2027-04-13,3453.0,BRL,Air Europa,Air Europa,UX 58 UX 1091,1,MAD 2h00,120,890,2027-04-13T13:50,2027-04-14T09:40,desconhecida,https://www.google.com/travel/flights?q=Flights%20to%20AMS%20from%20GRU%20on%202027-04-13%20oneway,3db0f4651e45,
2026-09-20T11:23:47-03:00,google_flights,GIG,CPH,2027-04-13,3689.0,BRL,Tap Air Portugal,Tap Air Portugal,TP 76 TP 752,1,LIS 1h55,115,920,2027-04-13T15:35,2027-04-14T11:55,desconhecida,https://www.google.com/travel/flights?q=Flights%20to%20CPH%20from%20GIG%20on%202027-04-13%20oneway,df6ce49977ac,
2026-09-20T11:23:47-03:00,google_flights,GRU,BER,2027-04-13,4015.0,BRL,Tap Air Portugal,Tap Air Portugal,TP 88 TP 532,1,LIS 1h25,85,885,2027-04-13T20:45,2027-04-14T16:30,desconhecida,https://www.google.com/travel/flights?q=Flights%20to%20BER%20from%20GRU%20on%202027-04-13%20oneway,221c7cfe14ca,
2026-09-20T11:23:47-03:00,google_flights,GRU,AMS,2027-04-13,4778.0,BRL,KLM,KLM,KL 792,0,,0,695,2027-04-13T21:45,2027-04-14T14:20,desconhecida,https://www.google.com/travel/flights?q=Flights%20to%20AMS%20from%20GRU%20on%202027-04-13%20oneway,eec57785371c,
2026-09-20T11:23:55-03:00,google_flights,GRU,MUC,2027-04-14,3345.0,BRL,Air Europa,Air Europa,UX 58 UX 1515,1,MAD 2h05,125,895,2027-04-14T13:50,2027-04-15T09:45,desconhecida,https://www.google.com/travel/flights?q=Flights%20to%20MUC%20from%20GRU%20on%202027-04-14%20oneway,7624e028df3b,
2026-09-20T11:23:55-03:00,google_flights,BSB,BER,2027-04-14,3369.0,BRL,Tap Air Portugal,Tap Air Portugal,TP 58 TP 532,1,LIS 4h35,275,1035,2027-04-14T18:15,2027-04-15T16:30,desconhecida,https://www.google.com/travel/flights?q=Flights%20to%20BER%20from%20BSB%20on%202027-04-14%20oneway,499644a01337,
2026-09-20T11:23:55-03:00,google_flights,BSB,MUC,2027-04-14,3509.0,BRL,Tap Air Portugal,Tap Air Portugal,TP 58 TP 552,1,LIS 1h15,75,810,2027-04-14T18:15,2027-04-15T12:45,desconhecida,https://www.google.com/travel/flights?q=Flights%20to%20MUC%20from%20BSB%20on%202027-04-14%20oneway,7ec990e98150,
2026-09-20T11:23:55-03:00,google_flights,GIG,MUC,2027-04-14,3539.0,BRL,ITA,ITA,AZ 673 AZ 432,1,FCO 1h55,115,885,2027-04-14T14:25,2027-04-15T10:10,desconhecida,https://www.google.com/travel/flights?q=Flights%20to%20MUC%20from%20GIG%20on%202027-04-14%20oneway,9aa28d0b8710,
2026-09-20T11:23:55-03:00,google_flights,BSB,FRA,2027-04-14,3197.0,BRL,Tap Air Portugal,Tap Air Portugal,TP 58 TP 574,1,LIS 10h45,645,1385,2027-04-14T18:15,2027-04-15T22:20,desconhecida,https://www.google.com/travel/flights?q=Flights%20to%20FRA%20from%20BSB%20on%202027-04-14%20oneway,393ae2ea61ce,
2026-09-20T11:23:55-03:00,google_flights,BSB,FRA,2027-04-14,3218.0,BRL,Tap Air Portugal,Tap Air Portugal,TP 58 TP 572,1,LIS 7h05,425,1165,2027-04-14T18:15,2027-04-15T18:40,desconhecida,https://www.google.com/travel/flights?q=Flights%20to%20FRA%20from%20BSB%20on%202027-04-14%20oneway,1bd221e05782,
2026-09-20T11:23:55-03:00,google_flights,GRU,FRA,2027-04-14,3345.0,BRL,Air Europa,Air Europa,UX 58 UX 1503,1,MAD 2h00,120,895,2027-04-14T13:50,2027-04-15T09:45,desconhecida,https://www.google.com/travel/flights?q=Flights%20to%20FRA%20from%20GRU%20on%202027-04-14%20oneway,42af1b8d0b20,
2026-09-20T11:23:55-03:00,google_flights,GIG,FRA,2027-04-14,3371.0,BRL,Tap Air Portugal,Tap Air Portugal,TP 72 TP 572,1,LIS 2h35,155,930,2027-04-14T22:10,2027-04-15T18:40,desconhecida,https://www.google.com/travel/flights?q=Flights%20to%20FRA%20from%20GIG%20on%202027-04-14%20oneway,e7c6ae0e2381,
2026-09-20T11:23:55-03:00,google_flights,GRU,AMS,2027-04-14,3453.0,BRL,Air Europa,Air Europa,UX 58 UX 1091,1,MAD 2h00,120,890,2027-04-14T13:50,2027-04-15T09:40,desconhecida,https://www.google.com/travel/flights?q=Flights%20to%20AMS%20from%20GRU%20on%202027-04-14%20oneway,2e7619170711,
2026-09-20T11:23:55-03:00,google_flights,GRU,FRA,2027-04-14,3535.0,BRL,Tap Air Portugal,Tap Air Portugal,TP 82 TP 570,1,LIS 2h55,175,960,2027-04-14T15:30,2027-04-15T12:30,desconhecida,https://www.google.com/travel/flights?q=Flights%20to%20FRA%20from%20GRU%20on%202027-04-14%20oneway,4dd555cdaeaa,
2026-09-20T11:23:55-03:00,google_flights,GRU,AMS,2027-04-14,3662.0,BRL,ITA,ITA,AZ 679 AZ 110,1,FCO 3h05,185,1030,2027-04-14T18:55,2027-04-15T17:05,desconhecida,https://www.google.com/travel/flights?q=Flights%20to%20AMS%20from%20GRU%20on%202027-04-14%20oneway,fd6ff2b73f65,
2026-09-20T11:23:55-03:00,google_flights,GIG,VIE,2027-04-14,3699.0,BRL,Tap Air Portugal,Tap Air Portugal,TP 72 TP 1272,1,LIS 2h00,120,915,2027-04-14T22:10,2027-04-15T18:25,desconhecida,https://www.google.com/travel/flights?q=Flights%20to%20VIE%20from%20GIG%20on%202027-04-14%20oneway,786d6ccbbfb7,
2026-09-20T11:23:55-03:00,google_flights,GIG,BER,2027-04-14,3808.0,BRL,Tap Air Portugal,Tap Air Portugal,TP 76 TP 530,1,LIS 1h40,100,895,2027-04-14T15:35,2027-04-15T11:30,desconhecida,https://www.google.com/travel/flights?q=Flights%20to%20BER%20from%20GIG%20on%202027-04-14%20oneway,ea2decc1901e,
2026-09-20T11:23:55-03:00,google_flights,GRU,CPH,2027-04-14,3916.0,BRL,Tap Air Portugal,Tap Air Portugal,TP 88 TP 754,1,LIS 1h35,95,905,2027-04-14T20:45,2027-04-15T16:50,desconhecida,https://www.google.com/travel/flights?q=Flights%20to%20CPH%20from%20GRU%20on%202027-04-14%20oneway,8236d2e27cb0,
2026-09-20T11:23:55-03:00,google_flights,GRU,BER,2027-04-14,4015.0,BRL,Tap Air Portugal,Tap Air Portugal,TP 88 TP 532,1,LIS 1h25,85,885,2027-04-14T20:45,2027-04-15T16:30,desconhecida,https://www.google.com/travel/flights?q=Flights%20to%20BER%20from%20GRU%20on%202027-04-14%20oneway,fa9d9bfa6b27,
2026-09-20T11:23:55-03:00,google_flights,GRU,AMS,2027-04-14,4778.0,BRL,KLM,KLM,KL 792,0,,0,695,2027-04-14T21:45,2027-04-15T14:20,desconhecida,https://www.google.com/travel/flights?q=Flights%20to%20AMS%20from%20GRU%20on%202027-04-14%20oneway,a227768e07f8,
2026-09-20T11:24:09-03:00,google_flights,GRU,BER,2027-04-18,5148.0,BRL,Iberia,Iberia,IB 268 IB 781,1,MAD 1h55,115,925,2027-04-18T14:10,2027-04-19T10:35,desconhecida,https://www.google.com/travel/flights?q=Flights%20to%20BER%20from%20GRU%20on%202027-04-18%20oneway,df6b9b6d398f,2027-04-25
2026-09-20T11:24:09-03:00,google_flights,GRU,MUC,2027-04-18,5180.0,BRL,Air Europa,Air Europa,UX 58 UX 1515,1,MAD 2h05,125,895,2027-04-18T13:50,2027-04-19T09:45,desconhecida,https://www.google.com/travel/flights?q=Flights%20to%20MUC%20from%20GRU%20on%202027-04-18%20oneway,cac71579581b,2027-04-25
2026-09-20T11:24:09-03:00,google_flights,GRU,FRA,2027-04-18,5345.0,BRL,LATAM,LATAM,LA 8070,0,,0,705,2027-04-18T23:40,2027-04-19T16:25,desconhecida,https://www.google.com/travel/flights?q=Flights%20to%20FRA%20from%20GRU%20on%202027-04-18%20oneway,c63339d92f4a,2027-04-25
2026-09-20T11:24:09-03:00,google_flights,GRU,AMS,2027-04-18,6420.0,BRL,KLM,KLM,KL 792,0,,0,695,2027-04-18T21:45,2027-04-19T14:20,desconhecida,https://www.google.com/travel/flights?q=Flights%20to%20AMS%20from%20GRU%20on%202027-04-18%20oneway,12e8ac08b3e9,2027-04-25
2026-09-20T11:24:09-03:00,google_flights,GRU,VIE,2027-04-18,4922.0,BRL,Iberia,Iberia,IB 268 IB 793,1,MAD 6h25,385,1190,2027-04-18T14:10,2027-04-19T15:00,desconhecida,https://www.google.com/travel/flights?q=Flights%20to%20VIE%20from%20GRU%20on%202027-04-18%20oneway,e29bb7f184dd,2027-04-25
2026-09-20T11:24:09-03:00,google_flights,GRU,VIE,2027-04-18,4922.0,BRL,Iberia,Iberia,IB 268 IB 795,1,MAD 10h25,625,1430,2027-04-18T14:10,2027-04-19T19:00,desconhecida,https://www.google.com/travel/flights?q=Flights%20to%20VIE%20from%20GRU%20on%202027-04-18%20oneway,698eca5d55cd,2027-04-25
2026-09-20T11:24:09-03:00,google_flights,GRU,VIE,2027-04-18,4922.0,BRL,Iberia,Iberia,IB 272 IB 797,1,MAD 9h10,550,1355,2027-04-18T19:20,2027-04-19T22:55,desconhecida,https://www.google.com/travel/flights?q=Flights%20to%20VIE%20from%20GRU%20on%202027-04-18%20oneway,46a601b083aa,2027-04-25
2026-09-20T11:24:09-03:00,google_flights,GRU,FRA,2027-04-18,4961.0,BRL,Iberia,Iberia,IB 268 IB 1327,1,MAD 3h05,185,975,2027-04-18T14:10,2027-04-19T11:25,desconhecida,https://www.google.com/travel/flights?q=Flights%20to%20FRA%20from%20GRU%20on%202027-04-18%20oneway,cbe41145af06,2027-04-25
2026-09-20T11:24:09-03:00,google_flights,GRU,BER,2027-04-18,5046.0,BRL,LATAM,LATAM|Finnair,LA 8084 AY 1338 AY 1431,2,"LHR 3h05, HEL 8h10",185,1635,2027-04-18T23:50,2027-04-20T08:05,desconhecida,https://www.google.com/travel/flights?q=Flights%20to%20BER%20from%20GRU%20on%202027-04-18%20oneway,6f8ac0d9e973,2027-04-25
2026-09-20T11:24:09-03:00,google_flights,GRU,VIE,2027-04-18,5277.0,BRL,Iberia,Iberia,IB 272 IB 793,1,MAD 1h15,75,880,2027-04-18T19:20,2027-04-19T15:00,desconhecida,https://www.google.com/travel/flights?q=Flights%20to%20VIE%20from%20GRU%20on%202027-04-18%20oneway,e12578bd7e68,2027-04-25
2026-09-20T11:24:09-03:00,google_flights,GRU,AMS,2027-04-18,5330.0,BRL,Air Europa,Air Europa,UX 58 UX 1091,1,MAD 2h00,120,890,2027-04-18T13:50,2027-04-19T09:40,desconhecida,https://www.google.com/travel/flights?q=Flights%20to%20AMS%20from%20GRU%20on%202027-04-18%20oneway,7c2f7b17fa24,2027-04-25
2026-09-20T11:24:09-03:00,google_flights,GIG,FRA,2027-04-18,5458.0,BRL,LATAM,LATAM,LA 3875 LA 8070,1,GRU 3h25,205,980,2027-04-18T19:05,2027-04-19T16:25,desconhecida,https://www.google.com/travel/flights?q=Flights%20to%20FRA%20from%20GIG%20on%202027-04-18%20oneway,40353665bfd1,2027-04-25
2026-09-20T11:24:09-03:00,google_flights,BSB,FRA,2027-04-18,6069.0,BRL,Tap Air Portugal,Tap Air Portugal,TP 58 TP 570,1,LIS 1h40,100,845,2027-04-18T17:25,2027-04-19T12:30,desconhecida,https://www.google.com/travel/flights?q=Flights%20to%20FRA%20from%20BSB%20on%202027-04-18%20oneway,36d723ede46d,2027-04-25
2026-09-20T11:24:09-03:00,google_flights,GRU,AMS,2027-04-18,6158.0,BRL,LATAM,LATAM,LA 8078,0,,0,710,2027-04-18T18:00,2027-04-19T10:50,desconhecida,https://www.google.com/travel/flights?q=Flights%20to%20AMS%20from%20GRU%20on%202027-04-18%20oneway,c905b06bab26,2027-04-25
2026-09-20T16:15:49-03:00,google_flights,GRU,MUC,2027-04-21,3345.0,BRL,Air Europa,Air Europa,UX 58 UX 1515,1,MAD 2h05,125,895,2027-04-21T13:50,2027-04-22T09:45,desconhecida,https://www.google.com/travel/flights?q=Flights%20to%20MUC%20from%20GRU%20on%202027-04-21%20oneway,304e39efe077,
2026-09-20T16:15:49-03:00,google_flights,BSB,BER,2027-04-21,3422.0,BRL,Tap Air Portugal,Tap Air Portugal,TP 58 TP 532,1,LIS 4h35,275,1035,2027-04-21T18:15,2027-04-22T16:30,desconhecida,https://www.google.com/travel/flights?q=Flights%20to%20BER%20from%20BSB%20on%202027-04-21%20oneway,7edb5ed8cef7,
2026-09-20T16:15:49-03:00,google_flights,BSB,MUC,2027-04-21,3509.0,BRL,Tap Air Portugal,Tap Air Portugal,TP 58 TP 552,1,LIS 1h15,75,810,2027-04-21T18:15,2027-04-22T12:45,desconhecida,https://www.google.com/travel/flights?q=Flights%20to%20MUC%20from%20BSB%20on%202027-04-21%20oneway,ba1615826e8b,
2026-09-20T16:15:49-03:00,google_flights,GRU,AMS,2027-04-21,2856.0,BRL,United,United,UA 844 UA 909,1,ORD 11h15,675,1810,2027-04-21T22:20,2027-04-23T09:30,desconhecida,https://www.google.com/travel/flights?q=Flights%20to%20AMS%20from%20GRU%20on%202027-04-21%20oneway,83fd411b0929,
2026-09-20T16:15:49-03:00,google_flights,BSB,FRA,2027-04-21,3244.0,BRL,Tap Air Portugal,Tap Air Portugal,TP 58 TP 572,1,LIS 7h05,425,1165,2027-04-21T18:15,2027-04-22T18:40,desconhecida,https://www.google.com/travel/flights?q=Flights%20to%20FRA%20from%20BSB%20on%202027-04-21%20oneway,1f8045e5e961,
2026-09-20T16:15:49-03:00,google_flights,GRU,MUC,2027-04-21,3253.0,BRL,United,United|Lufthansa,UA 844 LH 437,1,ORD 8h50,530,1665,2027-04-21T22:20,2027-04-23T07:05,desconhecida,https://www.google.com/travel/flights?q=Flights%20to%20MUC%20from%20GRU%20on%202027-04-21%20oneway,31d03b4e110e,
2026-09-20T16:15:49-03:00,google_flights,GRU,FRA,2027-04-21,3345.0,BRL,Air Europa,Air Europa,UX 58 UX 1503,1,MAD 2h00,120,895,2027-04-21T13:50,2027-04-22T09:45,desconhecida,https://www.google.com/travel/flights?q=Flights%20to%20FRA%20from%20GRU%20on%202027-04-21%20oneway,22814f2ca842,
2026-09-20T16:15:49-03:00,google_flights,GIG,FRA,2027-04-21,3371.0,BRL,Tap Air Portugal,Tap Air Portugal,TP 72 TP 574,1,LIS 6h15,375,1150,2027-04-21T22:10,2027-04-22T22:20,desconhecida,https://www.google.com/travel/flights?q=Flights%20to%20FRA%20from%20GIG%20on%202027-04-21%20oneway,b6280408b810,
2026-09-20T16:15:49-03:00,google_flights,GRU,AMS,2027-04-21,3453.0,BRL,Air Europa,Air Europa,UX 58 UX 1091,1,MAD 2h00,120,890,2027-04-21T13:50,2027-04-22T09:40,desconhecida,https://www.google.com/travel/flights?q=Flights%20to%20AMS%20from%20GRU%20on%202027-04-21%20oneway,9c22a2dad831,
2026-09-20T16:15:49-03:00,google_flights,GRU,FRA,2027-04-21,3535.0,BRL,Tap Air Portugal,Tap Air Portugal,TP 82 TP 570,1,LIS 2h55,175,960,2027-04-21T15:30,2027-04-22T12:30,desconhecida,https://www.google.com/travel/flights?q=Flights%20to%20FRA%20from%20GRU%20on%202027-04-21%20oneway,0bac21ee23e8,
2026-09-20T16:15:49-03:00,google_flights,GRU,FRA,2027-04-21,3535.0,BRL,Tap Air Portugal,Tap Air Portugal,TP 88 TP 572,1,LIS 3h55,235,1015,2027-04-21T20:45,2027-04-22T18:40,desconhecida,https://www.google.com/travel/flights?q=Flights%20to%20FRA%20from%20GRU%20on%202027-04-21%20oneway,4d7949f7e1b5,
2026-09-20T16:15:49-03:00,google_flights,GIG,FRA,2027-04-21,3541.0,BRL,ITA,ITA,AZ 673 AZ 400,1,FCO 2h05,125,925,2027-04-21T14:25,2027-04-22T10:50,desconhecida,https://www.google.com/travel/flights?q=Flights%20to%20FRA%20from%20GIG%20on%202027-04-21%20oneway,aad31b5b5593,
2026-09-20T16:15:49-03:00,google_flights,GIG,VIE,2027-04-21,3699.0,BRL,Tap Air Portugal,Tap Air Portugal,TP 72 TP 1272,1,LIS 2h00,120,915,2027-04-21T22:10,2027-04-22T18:25,desconhecida,https://www.google.com/travel/flights?q=Flights%20to%20VIE%20from%20GIG%20on%202027-04-21%20oneway,1f1cef33f9a7,
2026-09-20T16:15:49-03:00,google_flights,GIG,BER,2027-04-21,3808.0,BRL,Tap Air Portugal,Tap Air Portugal,TP 76 TP 530,1,LIS 1h40,100,895,2027-04-21T15:35,2027-04-22T11:30,desconhecida,https://www.google.com/travel/flights?q=Flights%20to%20BER%20from%20GIG%20on%202027-04-21%20oneway,936221ecd6a3,
2026-09-20T16:15:49-03:00,google_flights,GRU,MUC,2027-04-21,3894.0,BRL,ITA,ITA,AZ 675 AZ 432,1,FCO 1h45,105,895,2027-04-21T14:15,2027-04-22T10:10,desconhecida,https://www.google.com/travel/flights?q=Flights%20to%20MUC%20from%20GRU%20on%202027-04-21%20oneway,1f446cdfb4d1,
2026-09-20T16:15:49-03:00,google_flights,GRU,CPH,2027-04-21,3916.0,BRL,Tap Air Portugal,Tap Air Portugal,TP 88 TP 754,1,LIS 1h35,95,905,2027-04-21T20:45,2027-04-22T16:50,desconhecida,https://www.google.com/travel/flights?q=Flights%20to%20CPH%20from%20GRU%20on%202027-04-21%20oneway,f657efaa9f39,
2026-09-20T16:15:49-03:00,google_flights,GRU,BER,2027-04-21,4015.0,BRL,Tap Air Portugal,Tap Air Portugal,TP 88 TP 532,1,LIS 1h25,85,885,2027-04-21T20:45,2027-04-22T16:30,desconhecida,https://www.google.com/travel/flights?q=Flights%20to%20BER%20from%20GRU%20on%202027-04-21%20oneway,80de513e57af,
2026-09-20T16:15:49-03:00,google_flights,GRU,AMS,2027-04-21,4778.0,BRL,KLM,KLM,KL 792,0,,0,695,2027-04-21T21:45,2027-04-22T14:20,desconhecida,https://www.google.com/travel/flights?q=Flights%20to%20AMS%20from%20GRU%20on%202027-04-21%20oneway,e2a05f53c049,
2026-09-20T23:51:23-03:00,google_flights,BSB,FRA,2027-04-15,3250.0,BRL,Tap Air Portugal,Tap Air Portugal,TP 58 TP 570,1,LIS 2h00,120,860,2027-04-15T17:10,2027-04-16T12:30,desconhecida,https://www.google.com/travel/flights?q=Flights%20to%20FRA%20from%20BSB%20on%202027-04-15%20oneway,1bac683938cf,
2026-09-20T23:51:23-03:00,google_flights,GRU,MUC,2027-04-15,3345.0,BRL,Air Europa,Air Europa,UX 58 UX 1515,1,MAD 2h05,125,895,2027-04-15T13:50,2027-04-16T09:45,desconhecida,https://www.google.com/travel/flights?q=Flights%20to%20MUC%20from%20GRU%20on%202027-04-15%20oneway,ea70709f8ca6,
2026-09-20T23:51:23-03:00,google_flights,BSB,BER,2027-04-15,3475.0,BRL,Tap Air Portugal,Tap Air Portugal,TP 58 TP 530,1,LIS 1h30,90,850,2027-04-15T17:10,2027-04-16T12:20,desconhecida,https://www.google.com/travel/flights?q=Flights%20to%20BER%20from%20BSB%20on%202027-04-15%20oneway,10e5ea50537b,
2026-09-20T23:51:23-03:00,google_flights,GRU,FRA,2027-04-15,3345.0,BRL,Air Europa,Air Europa,UX 58 UX 1503,1,MAD 2h00,120,895,2027-04-15T13:50,2027-04-16T09:45,desconhecida,https://www.google.com/travel/flights?q=Flights%20to%20FRA%20from%20GRU%20on%202027-04-15%20oneway,e4e7a045f348,
2026-09-20T23:51:23-03:00,google_flights,GIG,FRA,2027-04-15,3371.0,BRL,Tap Air Portugal,Tap Air Portugal,TP 76 TP 570,1,LIS 3h00,180,955,2027-04-15T15:35,2027-04-16T12:30,desconhecida,https://www.google.com/travel/flights?q=Flights%20to%20FRA%20from%20GIG%20on%202027-04-15%20oneway,8b7640d4a114,
2026-09-20T23:51:23-03:00,google_flights,GRU,AMS,2027-04-15,3453.0,BRL,Air Europa,Air Europa,UX 58 UX 1091,1,MAD 2h00,120,890,2027-04-15T13:50,2027-04-16T09:40,desconhecida,https://www.google.com/travel/flights?q=Flights%20to%20AMS%20from%20GRU%20on%202027-04-15%20oneway,103601d11364,
2026-09-20T23:51:23-03:00,google_flights,GRU,FRA,2027-04-15,3535.0,BRL,Tap Air Portugal,Tap Air Portugal,TP 88 TP 572,1,LIS 3h55,235,1015,2027-04-15T20:45,2027-04-16T18:40,desconhecida,https://www.google.com/travel/flights?q=Flights%20to%20FRA%20from%20GRU%20on%202027-04-15%20oneway,5893f1267440,
2026-09-20T23:51:23-03:00,google_flights,GIG,CPH,2027-04-15,3689.0,BRL,Tap Air Portugal,Tap Air Portugal,TP 76 TP 752,1,LIS 1h35,95,900,2027-04-15T15:35,2027-04-16T11:35,desconhecida,https://www.google.com/travel/flights?q=Flights%20to%20CPH%20from%20GIG%20on%202027-04-15%20oneway,a9403f45d45d,
2026-09-20T23:51:23-03:00,google_flights,GIG,AMS,2027-04-15,3810.0,BRL,Tap Air Portugal,Tap Air Portugal,TP 67 TP 672,1,LIS 1h50,110,880,2027-04-15T23:00,2027-04-16T18:40,desconhecida,https://www.google.com/travel/flights?q=Flights%20to%20AMS%20from%20GIG%20on%202027-04-15%20oneway,ff715c6fc969,
2026-09-20T23:51:23-03:00,google_flights,BSB,VIE,2027-04-15,3910.0,BRL,COPA,COPA|Austrian,CM 204 CM 443 OS 42,2,"PTY 5h06, IAD 2h36",156,1615,2027-04-15T00:15,2027-04-16T08:10,desconhecida,https://www.google.com/travel/flights?q=Flights%20to%20VIE%20from%20BSB%20on%202027-04-15%20oneway,ce5bdee98aec,
2026-09-20T23:51:23-03:00,google_flights,GRU,AMS,2027-04-15,4778.0,BRL,KLM,KLM,KL 792,0,,0,695,2027-04-15T21:45,2027-04-16T14:20,desconhecida,https://www.google.com/travel/flights?q=Flights%20to%20AMS%20from%20GRU%20on%202027-04-15%20oneway,fded42f851d2,
2026-09-20T23:51:28-03:00,google_flights,GRU,MUC,2027-04-16,3345.0,BRL,Air Europa,Air Europa,UX 58 UX 1515,1,MAD 2h05,125,895,2027-04-16T13:50,2027-04-17T09:45,desconhecida,https://www.google.com/travel/flights?q=Flights%20to%20MUC%20from%20GRU%20on%202027-04-16%20oneway,2d2a5d201e53,
2026-09-20T23:51:28-03:00,google_flights,BSB,BER,2027-04-16,3444.0,BRL,Tap Air Portugal,Tap Air Portugal,TP 58 TP 532,1,LIS 4h35,275,1035,2027-04-16T18:15,2027-04-17T16:30,desconhecida,https://www.google.com/travel/flights?q=Flights%20to%20BER%20from%20BSB%20on%202027-04-16%20oneway,810284bd19b5,
2026-09-20T23:51:28-03:00,google_flights,BSB,MUC,2027-04-16,3509.0,BRL,Tap Air Portugal,Tap Air Portugal,TP 58 TP 552,1,LIS 1h15,75,810,2027-04-16T18:15,2027-04-17T12:45,desconhecida,https://www.google.com/travel/flights?q=Flights%20to%20MUC%20from%20BSB%20on%202027-04-16%20oneway,01ba35474d69,
2026-09-20T23:51:28-03:00,google_flights,BSB,FRA,2027-04-16,3287.0,BRL,Tap Air Portugal,Tap Air Portugal,TP 58 TP 574,1,LIS 10h45,645,1385,2027-04-16T18:15,2027-04-17T22:20,desconhecida,https://www.google.com/travel/flights?q=Flights%20to%20FRA%20from%20BSB%20on%202027-04-16%20oneway,7ecaccc5d2bb,
2026-09-20T23:51:28-03:00,google_flights,GRU,FRA,2027-04-16,3345.0,BRL,Air Europa,Air Europa,UX 58 UX 1503,1,MAD 2h00,120,895,2027-04-16T13:50,2027-04-17T09:45,desconhecida,https://www.google.com/travel/flights?q=Flights%20to%20FRA%20from%20GRU%20on%202027-04-16%20oneway,831a52a03c94,
2026-09-20T23:51:28-03:00,google_flights,GIG,FRA,2027-04-16,3392.0,BRL,Tap Air Portugal,Tap Air Portugal,TP 72 TP 570,1,LIS 20h25,1225,2000,2027-04-16T22:10,2027-04-18T12:30,desconhecida,https://www.google.com/travel/flights?q=Flights%20to%20FRA%20from%20GIG%20on%202027-04-16%20oneway,99c1c9cd9640,
2026-09-20T23:51:28-03:00,google_flights,GRU,AMS,2027-04-16,3453.0,BRL,Air Europa,Air Europa,UX 58 UX 1091,1,MAD 2h00,120,890,2027-04-16T13:50,2027-04-17T09:40,desconhecida,https://www.google.com/travel/flights?q=Flights%20to%20AMS%20from%20GRU%20on%202027-04-16%20oneway,144b19177258,
2026-09-20T23:51:28-03:00,google_flights,GRU,FRA,2027-04-16,3535.0,BRL,Tap Air Portugal,Tap Air Portugal,TP 84 TP 574,1,LIS 3h35,215,995,2027-04-16T00:45,2027-04-16T22:20,desconhecida,https://www.google.com/travel/flights?q=Flights%20to%20FRA%20from%20GRU%20on%202027-04-16%20oneway,e8d758931521,
2026-09-20T23:51:28-03:00,google_flights,BSB,FRA,2027-04-16,3685.0,BRL,Gol,Gol|Air Europa,G3 1720 UX 84 UX 1509,2,"SSA 22h35, MAD 4h00",240,2390,2027-04-16T21:05,2027-04-18T17:55,desconhecida,https://www.google.com/travel/flights?q=Flights%20to%20FRA%20from%20BSB%20on%202027-04-16%20oneway,faabac07bd55,
2026-09-20T23:51:28-03:00,google_flights,GRU,AMS,2027-04-16,4778.0,BRL,KLM,KLM,KL 792,0,,0,695,2027-04-16T21:45,2027-04-17T14:20,desconhecida,https://www.google.com/travel/flights?q=Flights%20to%20AMS%20from%20GRU%20on%202027-04-16%20oneway,cd6d849d0be5,
2026-09-20T23:51:28-03:00,google_flights,GIG,AMS,2027-04-16,5376.0,BRL,KLM,KLM,KL 706,0,,0,690,2027-04-16T21:55,2027-04-17T14:25,desconhecida,https://www.google.com/travel/flights?q=Flights%20to%20AMS%20from%20GIG%20on%202027-04-16%20oneway,3e96cbde9cdf,
2026-09-20T23:51:36-03:00,google_flights,BSB,FRA,2027-04-17,3287.0,BRL,Tap Air Portugal,Tap Air Portugal,TP 58 TP 570,1,LIS 2h00,120,860,2027-04-17T17:10,2027-04-18T12:30,desconhecida,https://www.google.com/travel/flights?q=Flights%20to%20FRA%20from%20BSB%20on%202027-04-17%20oneway,28f22ccb09f2,
2026-09-20T23:51:36-03:00,google_flights,GRU,MUC,2027-04-17,3345.0,BRL,Air Europa,Air Europa,UX 58 UX 1515,1,MAD 2h05,125,895,2027-04-17T13:50,2027-04-18T09:45,desconhecida,https://www.google.com/travel/flights?q=Flights%20to%20MUC%20from%20GRU%20on%202027-04-17%20oneway,8ba6bf437bb1,
2026-09-20T23:51:36-03:00,google_flights,GRU,FRA,2027-04-17,3345.0,BRL,Air Europa,Air Europa,UX 58 UX 1503,1,MAD 2h00,120,895,2027-04-17T13:50,2027-04-18T09:45,desconhecida,https://www.google.com/travel/flights?q=Flights%20to%20FRA%20from%20GRU%20on%202027-04-17%20oneway,0ec89e82a78d,
2026-09-20T23:51:36-03:00,google_flights,GRU,AMS,2027-04-17,3453.0,BRL,Air Europa,Air Europa,UX 58 UX 1091,1,MAD 2h00,120,890,2027-04-17T13:50,2027-04-18T09:40,desconhecida,https://www.google.com/travel/flights?q=Flights%20to%20AMS%20from%20GRU%20on%202027-04-17%20oneway,d388ebf4e88b,
2026-09-20T23:51:36-03:00,google_flights,GIG,MUC,2027-04-17,3979.0,BRL,ITA,ITA,AZ 673 AZ 432,1,FCO 1h55,115,885,2027-04-17T14:25,2027-04-18T10:10,desconhecida,https://www.google.com/travel/flights?q=Flights%20to%20MUC%20from%20GIG%20on%202027-04-17%20oneway,88e66c018187,
2026-09-20T23:51:36-03:00,google_flights,GIG,FRA,2027-04-17,3371.0,BRL,Tap Air Portugal,Tap Air Portugal,TP 67 TP 574,1,LIS 5h25,325,1100,2027-04-17T23:00,2027-04-18T22:20,desconhecida,https://www.google.com/travel/flights?q=Flights%20to%20FRA%20from%20GIG%20on%202027-04-17%20oneway,be52c2706fef,
2026-09-20T23:51:36-03:00,google_flights,GRU,MUC,2027-04-17,3461.0,BRL,ITA,ITA,AZ 675 AZ 436,1,FCO 9h50,590,1380,2027-04-17T14:15,2027-04-18T18:15,desconhecida,https://www.google.com/travel/flights?q=Flights%20to%20MUC%20from%20GRU%20on%202027-04-17%20oneway,748b48e1c031,
2026-09-20T23:51:36-03:00,google_flights,GIG,FRA,2027-04-17,3657.0,BRL,Tap Air Portugal,Tap Air Portugal,TP 67 TP 572,1,LIS 1h45,105,880,2027-04-17T23:00,2027-04-18T18:40,desconhecida,https://www.google.com/travel/flights?q=Flights%20to%20FRA%20from%20GIG%20on%202027-04-17%20oneway,343f1f9cba20,
2026-09-20T23:51:36-03:00,google_flights,GRU,CPH,2027-04-17,3916.0,BRL,Tap Air Portugal,Tap Air Portugal,TP 82 TP 752,1,LIS 1h50,110,925,2027-04-17T15:30,2027-04-18T11:55,desconhecida,https://www.google.com/travel/flights?q=Flights%20to%20CPH%20from%20GRU%20on%202027-04-17%20oneway,11d6df5bb6af,
2026-09-21T13:42:42-03:00,google_flights,BSB,FRA,2027-04-18,3223.0,BRL,Tap Air Portugal,Tap Air Portugal,TP 58 TP 570,1,LIS 1h40,100,845,2027-04-18T17:25,2027-04-19T12:30,desconhecida,https://www.google.com/travel/flights?q=Flights%20to%20FRA%20from%20BSB%20on%202027-04-18%20oneway,36d723ede46d,
2026-09-21T13:42:42-03:00,google_flights,GRU,AMS,2027-04-18,3453.0,BRL,Air Europa,Air Europa,UX 58 UX 1091,1,MAD 2h00,120,890,2027-04-18T13:50,2027-04-19T09:40,desconhecida,https://www.google.com/travel/flights?q=Flights%20to%20AMS%20from%20GRU%20on%202027-04-18%20oneway,7c2f7b17fa24,
2026-09-21T13:42:42-03:00,google_flights,GIG,CPH,2027-04-18,3689.0,BRL,Tap Air Portugal,Tap Air Portugal,TP 76 TP 752,1,LIS 1h55,115,920,2027-04-18T15:35,2027-04-19T11:55,desconhecida,https://www.google.com/travel/flights?q=Flights%20to%20CPH%20from%20GIG%20on%202027-04-18%20oneway,de47119372d9,
2026-09-21T13:42:42-03:00,google_flights,GRU,AMS,2027-04-18,4778.0,BRL,KLM,KLM,KL 792,0,,0,695,2027-04-18T21:45,2027-04-19T14:20,desconhecida,https://www.google.com/travel/flights?q=Flights%20to%20AMS%20from%20GRU%20on%202027-04-18%20oneway,12e8ac08b3e9,
2026-09-21T13:42:42-03:00,google_flights,GRU,MUC,2027-04-18,3345.0,BRL,Air Europa,Air Europa,UX 58 UX 1515,1,MAD 2h05,125,895,2027-04-18T13:50,2027-04-19T09:45,desconhecida,https://www.google.com/travel/flights?q=Flights%20to%20MUC%20from%20GRU%20on%202027-04-18%20oneway,cac71579581b,
2026-09-21T13:42:42-03:00,google_flights,GRU,FRA,2027-04-18,3345.0,BRL,Air Europa,Air Europa,UX 58 UX 1503,1,MAD 2h00,120,895,2027-04-18T13:50,2027-04-19T09:45,desconhecida,https://www.google.com/travel/flights?q=Flights%20to%20FRA%20from%20GRU%20on%202027-04-18%20oneway,5acefc48a67a,
2026-09-21T13:42:42-03:00,google_flights,GIG,FRA,2027-04-18,3371.0,BRL,Tap Air Portugal,Tap Air Portugal,TP 72 TP 572,1,LIS 2h35,155,930,2027-04-18T22:10,2027-04-19T18:40,desconhecida,https://www.google.com/travel/flights?q=Flights%20to%20FRA%20from%20GIG%20on%202027-04-18%20oneway,df84a8ed448d,
2026-09-21T13:42:42-03:00,google_flights,GRU,FRA,2027-04-18,3433.0,BRL,ITA,ITA|Lufthansa,AZ 675 LH 237,1,FCO 11h45,705,1520,2027-04-18T14:15,2027-04-19T20:35,desconhecida,https://www.google.com/travel/flights?q=Flights%20to%20FRA%20from%20GRU%20on%202027-04-18%20oneway,5c700a83253a,
2026-09-21T13:42:52-03:00,google_flights,GRU,MUC,2027-04-19,3345.0,BRL,Air Europa,Air Europa,UX 58 UX 1515,1,MAD 2h05,125,895,2027-04-19T13:50,2027-04-20T09:45,desconhecida,https://www.google.com/travel/flights?q=Flights%20to%20MUC%20from%20GRU%20on%202027-04-19%20oneway,efa495909ca0,
2026-09-21T13:42:52-03:00,google_flights,GRU,AMS,2027-04-19,3453.0,BRL,Air Europa,Air Europa,UX 58 UX 1091,1,MAD 2h00,120,890,2027-04-19T13:50,2027-04-20T09:40,desconhecida,https://www.google.com/travel/flights?q=Flights%20to%20AMS%20from%20GRU%20on%202027-04-19%20oneway,96c8dd0da8c7,
2026-09-21T13:42:52-03:00,google_flights,GIG,BER,2027-04-19,3808.0,BRL,Tap Air Portugal,Tap Air Portugal,TP 76 TP 530,1,LIS 1h40,100,895,2027-04-19T15:35,2027-04-20T11:30,desconhecida,https://www.google.com/travel/flights?q=Flights%20to%20BER%20from%20GIG%20on%202027-04-19%20oneway,a8dc90ff0e6a,
2026-09-21T13:42:52-03:00,google_flights,GRU,AMS,2027-04-19,3199.0,BRL,ITA,ITA,AZ 675 AZ 110,1,FCO 7h45,465,1310,2027-04-19T14:15,2027-04-20T17:05,desconhecida,https://www.google.com/travel/flights?q=Flights%20to%20AMS%20from%20GRU%20on%202027-04-19%20oneway,c8f29bf8ee4c,
2026-09-21T13:42:52-03:00,google_flights,GRU,FRA,2027-04-19,3345.0,BRL,Air Europa,Air Europa,UX 58 UX 1503,1,MAD 2h00,120,895,2027-04-19T13:50,2027-04-20T09:45,desconhecida,https://www.google.com/travel/flights?q=Flights%20to%20FRA%20from%20GRU%20on%202027-04-19%20oneway,2ab0796500a9,
2026-09-21T13:42:52-03:00,google_flights,GIG,FRA,2027-04-19,3371.0,BRL,Tap Air Portugal,Tap Air Portugal,TP 76 TP 570,1,LIS 3h00,180,955,2027-04-19T15:35,2027-04-20T12:30,desconhecida,https://www.google.com/travel/flights?q=Flights%20to%20FRA%20from%20GIG%20on%202027-04-19%20oneway,a14fd11859c0,
2026-09-21T13:42:52-03:00,google_flights,GIG,FRA,2027-04-19,3371.0,BRL,Tap Air Portugal,Tap Air Portugal,TP 72 TP 572,1,LIS 2h35,155,930,2027-04-19T22:10,2027-04-20T18:40,desconhecida,https://www.google.com/travel/flights?q=Flights%20to%20FRA%20from%20GIG%20on%202027-04-19%20oneway,c140b9eebab4,
2026-09-21T13:42:52-03:00,google_flights,GRU,MUC,2027-04-19,3436.0,BRL,ITA,ITA|Lufthansa,AZ 675 LH 1867,1,FCO 4h00,240,1030,2027-04-19T14:15,2027-04-20T12:25,desconhecida,https://www.google.com/travel/flights?q=Flights%20to%20MUC%20from%20GRU%20on%202027-04-19%20oneway,be2b2f7183a9,
2026-09-21T13:42:52-03:00,google_flights,BSB,FRA,2027-04-19,3509.0,BRL,Tap Air Portugal,Tap Air Portugal,TP 58 TP 570,1,LIS 1h45,105,845,2027-04-19T17:25,2027-04-20T12:30,desconhecida,https://www.google.com/travel/flights?q=Flights%20to%20FRA%20from%20BSB%20on%202027-04-19%20oneway,7721d2d28dbf,
2026-09-21T13:42:52-03:00,google_flights,GRU,FRA,2027-04-19,3535.0,BRL,Tap Air Portugal,Tap Air Portugal,TP 84 TP 574,1,LIS 3h35,215,995,2027-04-19T00:45,2027-04-19T22:20,desconhecida,https://www.google.com/travel/flights?q=Flights%20to%20FRA%20from%20GRU%20on%202027-04-19%20oneway,08c1eb583b55,
2026-09-21T13:42:52-03:00,google_flights,GRU,AMS,2027-04-19,3638.0,BRL,ITA,ITA,AZ 679 AZ 110,1,FCO 3h35,215,1030,2027-04-19T18:55,2027-04-20T17:05,desconhecida,https://www.google.com/travel/flights?q=Flights%20to%20AMS%20from%20GRU%20on%202027-04-19%20oneway,0a1f7b704f73,
2026-09-21T13:42:52-03:00,google_flights,GRU,MUC,2027-04-19,3867.0,BRL,ITA,ITA,AZ 675 AZ 432,1,FCO 1h45,105,895,2027-04-19T14:15,2027-04-20T10:10,desconhecida,https://www.google.com/travel/flights?q=Flights%20to%20MUC%20from%20GRU%20on%202027-04-19%20oneway,94873fc6e231,
2026-09-21T13:42:52-03:00,google_flights,GRU,CPH,2027-04-19,3916.0,BRL,Tap Air Portugal,Tap Air Portugal,TP 88 TP 754,1,LIS 1h35,95,905,2027-04-19T20:45,2027-04-20T16:50,desconhecida,https://www.google.com/travel/flights?q=Flights%20to%20CPH%20from%20GRU%20on%202027-04-19%20oneway,6dd8cd2c1f51,
2026-09-21T13:42:52-03:00,google_flights,GRU,BER,2027-04-19,4015.0,BRL,Tap Air Portugal,Tap Air Portugal,TP 88 TP 532,1,LIS 1h25,85,885,2027-04-19T20:45,2027-04-20T16:30,desconhecida,https://www.google.com/travel/flights?q=Flights%20to%20BER%20from%20GRU%20on%202027-04-19%20oneway,cbb1abe9b2fb,
2026-09-21T13:42:59-03:00,google_flights,BSB,FRA,2027-04-20,3228.0,BRL,Tap Air Portugal,Tap Air Portugal,TP 58 TP 570,1,LIS 1h45,105,845,2027-04-20T17:25,2027-04-21T12:30,desconhecida,https://www.google.com/travel/flights?q=Flights%20to%20FRA%20from%20BSB%20on%202027-04-20%20oneway,d30f00213e1c,
2026-09-21T13:42:59-03:00,google_flights,GRU,MUC,2027-04-20,3345.0,BRL,Air Europa,Air Europa,UX 58 UX 1515,1,MAD 2h05,125,895,2027-04-20T13:50,2027-04-21T09:45,desconhecida,https://www.google.com/travel/flights?q=Flights%20to%20MUC%20from%20GRU%20on%202027-04-20%20oneway,ebb631af85ff,
2026-09-21T13:42:59-03:00,google_flights,GRU,AMS,2027-04-20,3453.0,BRL,Air Europa,Air Europa,UX 58 UX 1091,1,MAD 2h00,120,890,2027-04-20T13:50,2027-04-21T09:40,desconhecida,https://www.google.com/travel/flights?q=Flights%20to%20AMS%20from%20GRU%20on%202027-04-20%20oneway,449c11bd5a36,
2026-09-21T13:42:59-03:00,google_flights,GRU,AMS,2027-04-20,2711.0,BRL,United,United,UA 860 UA 946,1,IAD 11h05,665,1745,2027-04-20T21:30,2027-04-22T07:35,desconhecida,https://www.google.com/travel/flights?q=Flights%20to%20AMS%20from%20GRU%20on%202027-04-20%20oneway,9cc8aafdde03,
2026-09-21T13:42:59-03:00,google_flights,GRU,MUC,2027-04-20,3253.0,BRL,United,United,UA 860 UA 108,1,IAD 11h00,660,1755,2027-04-20T21:30,2027-04-22T07:45,desconhecida,https://www.google.com/travel/flights?q=Flights%20to%20MUC%20from%20GRU%20on%202027-04-20%20oneway,9293c25421f0,
2026-09-21T13:42:59-03:00,google_flights,GRU,FRA,2027-04-20,3345.0,BRL,Air Europa,Air Europa,UX 58 UX 1503,1,MAD 2h00,120,895,2027-04-20T13:50,2027-04-21T09:45,desconhecida,https://www.google.com/travel/flights?q=Flights%20to%20FRA%20from%20GRU%20on%202027-04-20%20oneway,71f776be3cfe,
2026-09-21T13:42:59-03:00,google_flights,GIG,FRA,2027-04-20,3371.0,BRL,Tap Air Portugal,Tap Air Portugal,TP 76 TP 570,1,LIS 3h00,180,955,2027-04-20T15:35,2027-04-21T12:30,desconhecida,https://www.google.com/travel/flights?q=Flights%20to%20FRA%20from%20GIG%20on%202027-04-20%20oneway,df6d6d19ea0b,
2026-09-21T13:42:59-03:00,google_flights,GIG,MUC,2027-04-20,3519.0,BRL,Tap Air Portugal,Tap Air Portugal,TP 67 TP 554,1,LIS 2h10,130,900,2027-04-20T23:00,2027-04-21T19:00,desconhecida,https://www.google.com/travel/flights?q=Flights%20to%20MUC%20from%20GIG%20on%202027-04-20%20oneway,81f89426a9f0,
2026-09-21T13:42:59-03:00,google_flights,GIG,FRA,2027-04-20,3657.0,BRL,Tap Air Portugal,Tap Air Portugal,TP 67 TP 572,1,LIS 1h45,105,880,2027-04-20T23:00,2027-04-21T18:40,desconhecida,https://www.google.com/travel/flights?q=Flights%20to%20FRA%20from%20GIG%20on%202027-04-20%20oneway,8b90f9d4f761,
2026-09-21T13:42:59-03:00,google_flights,GIG,CPH,2027-04-20,3689.0,BRL,Tap Air Portugal,Tap Air Portugal,TP 76 TP 752,1,LIS 1h55,115,920,2027-04-20T15:35,2027-04-21T11:55,desconhecida,https://www.google.com/travel/flights?q=Flights%20to%20CPH%20from%20GIG%20on%202027-04-20%20oneway,5438d0aa4e2f,
2026-09-21T13:42:59-03:00,google_flights,GRU,BER,2027-04-20,4015.0,BRL,Tap Air Portugal,Tap Air Portugal,TP 88 TP 532,1,LIS 1h25,85,885,2027-04-20T20:45,2027-04-21T16:30,desconhecida,https://www.google.com/travel/flights?q=Flights%20to%20BER%20from%20GRU%20on%202027-04-20%20oneway,f2d3e3ddad41,
2026-09-21T13:42:59-03:00,google_flights,GRU,AMS,2027-04-20,4778.0,BRL,KLM,KLM,KL 792,0,,0,695,2027-04-20T21:45,2027-04-21T14:20,desconhecida,https://www.google.com/travel/flights?q=Flights%20to%20AMS%20from%20GRU%20on%202027-04-20%20oneway,0a6fe5cc738f,
2026-09-21T13:43:06-03:00,google_flights,GRU,MUC,2027-04-21,3345.0,BRL,Air Europa,Air Europa,UX 58 UX 1515,1,MAD 2h05,125,895,2027-04-21T13:50,2027-04-22T09:45,desconhecida,https://www.google.com/travel/flights?q=Flights%20to%20MUC%20from%20GRU%20on%202027-04-21%20oneway,304e39efe077,
2026-09-21T13:43:06-03:00,google_flights,BSB,BER,2027-04-21,3422.0,BRL,Tap Air Portugal,Tap Air Portugal,TP 58 TP 532,1,LIS 4h35,275,1035,2027-04-21T18:15,2027-04-22T16:30,desconhecida,https://www.google.com/travel/flights?q=Flights%20to%20BER%20from%20BSB%20on%202027-04-21%20oneway,7edb5ed8cef7,
2026-09-21T13:43:06-03:00,google_flights,BSB,MUC,2027-04-21,3509.0,BRL,Tap Air Portugal,Tap Air Portugal,TP 58 TP 552,1,LIS 1h15,75,810,2027-04-21T18:15,2027-04-22T12:45,desconhecida,https://www.google.com/travel/flights?q=Flights%20to%20MUC%20from%20BSB%20on%202027-04-21%20oneway,ba1615826e8b,
2026-09-21T13:43:06-03:00,google_flights,GRU,AMS,2027-04-21,2856.0,BRL,United,United,UA 844 UA 909,1,ORD 11h15,675,1810,2027-04-21T22:20,2027-04-23T09:30,desconhecida,https://www.google.com/travel/flights?q=Flights%20to%20AMS%20from%20GRU%20on%202027-04-21%20oneway,83fd411b0929,
2026-09-21T13:43:06-03:00,google_flights,BSB,FRA,2027-04-21,3207.0,BRL,Tap Air Portugal,Tap Air Portugal,TP 58 TP 574,1,LIS 10h45,645,1385,2027-04-21T18:15,2027-04-22T22:20,desconhecida,https://www.google.com/travel/flights?q=Flights%20to%20FRA%20from%20BSB%20on%202027-04-21%20oneway,8cf24b139c58,
2026-09-21T13:43:06-03:00,google_flights,BSB,FRA,2027-04-21,3244.0,BRL,Tap Air Portugal,Tap Air Portugal,TP 58 TP 572,1,LIS 7h05,425,1165,2027-04-21T18:15,2027-04-22T18:40,desconhecida,https://www.google.com/travel/flights?q=Flights%20to%20FRA%20from%20BSB%20on%202027-04-21%20oneway,1f8045e5e961,
2026-09-21T13:43:06-03:00,google_flights,GRU,MUC,2027-04-21,3253.0,BRL,United,United|Lufthansa,UA 844 LH 437,1,ORD 8h50,530,1665,2027-04-21T22:20,2027-04-23T07:05,desconhecida,https://www.google.com/travel/flights?q=Flights%20to%20MUC%20from%20GRU%20on%202027-04-21%20oneway,31d03b4e110e,
2026-09-21T13:43:06-03:00,google_flights,GRU,FRA,2027-04-21,3345.0,BRL,Air Europa,Air Europa,UX 58 UX 1503,1,MAD 2h00,120,895,2027-04-21T13:50,2027-04-22T09:45,desconhecida,https://www.google.com/travel/flights?q=Flights%20to%20FRA%20from%20GRU%20on%202027-04-21%20oneway,22814f2ca842,
2026-09-21T13:43:06-03:00,google_flights,GIG,FRA,2027-04-21,3371.0,BRL,Tap Air Portugal,Tap Air Portugal,TP 72 TP 574,1,LIS 6h15,375,1150,2027-04-21T22:10,2027-04-22T22:20,desconhecida,https://www.google.com/travel/flights?q=Flights%20to%20FRA%20from%20GIG%20on%202027-04-21%20oneway,b6280408b810,
2026-09-21T13:43:06-03:00,google_flights,GRU,AMS,2027-04-21,3453.0,BRL,Air Europa,Air Europa,UX 58 UX 1091,1,MAD 2h00,120,890,2027-04-21T13:50,2027-04-22T09:40,desconhecida,https://www.google.com/travel/flights?q=Flights%20to%20AMS%20from%20GRU%20on%202027-04-21%20oneway,9c22a2dad831,
2026-09-21T13:43:06-03:00,google_flights,GIG,FRA,2027-04-21,3510.0,BRL,ITA,ITA,AZ 673 AZ 400,1,FCO 2h05,125,925,2027-04-21T14:25,2027-04-22T10:50,desconhecida,https://www.google.com/travel/flights?q=Flights%20to%20FRA%20from%20GIG%20on%202027-04-21%20oneway,aad31b5b5593,
2026-09-21T13:43:06-03:00,google_flights,GRU,FRA,2027-04-21,3535.0,BRL,Tap Air Portugal,Tap Air Portugal,TP 82 TP 570,1,LIS 2h55,175,960,2027-04-21T15:30,2027-04-22T12:30,desconhecida,https://www.google.com/travel/flights?q=Flights%20to%20FRA%20from%20GRU%20on%202027-04-21%20oneway,0bac21ee23e8,
2026-09-21T13:43:06-03:00,google_flights,GRU,FRA,2027-04-21,3535.0,BRL,Tap Air Portugal,Tap Air Portugal,TP 88 TP 572,1,LIS 3h55,235,1015,2027-04-21T20:45,2027-04-22T18:40,desconhecida,https://www.google.com/travel/flights?q=Flights%20to%20FRA%20from%20GRU%20on%202027-04-21%20oneway,4d7949f7e1b5,
2026-09-21T13:43:06-03:00,google_flights,GIG,VIE,2027-04-21,3699.0,BRL,Tap Air Portugal,Tap Air Portugal,TP 72 TP 1272,1,LIS 2h00,120,915,2027-04-21T22:10,2027-04-22T18:25,desconhecida,https://www.google.com/travel/flights?q=Flights%20to%20VIE%20from%20GIG%20on%202027-04-21%20oneway,1f1cef33f9a7,
2026-09-21T13:43:06-03:00,google_flights,GIG,BER,2027-04-21,3808.0,BRL,Tap Air Portugal,Tap Air Portugal,TP 76 TP 530,1,LIS 1h40,100,895,2027-04-21T15:35,2027-04-22T11:30,desconhecida,https://www.google.com/travel/flights?q=Flights%20to%20BER%20from%20GIG%20on%202027-04-21%20oneway,936221ecd6a3,
2026-09-21T13:43:06-03:00,google_flights,GRU,MUC,2027-04-21,3861.0,BRL,ITA,ITA,AZ 675 AZ 432,1,FCO 1h45,105,895,2027-04-21T14:15,2027-04-22T10:10,desconhecida,https://www.google.com/travel/flights?q=Flights%20to%20MUC%20from%20GRU%20on%202027-04-21%20oneway,1f446cdfb4d1,
2026-09-21T13:43:06-03:00,google_flights,GRU,CPH,2027-04-21,3916.0,BRL,Tap Air Portugal,Tap Air Portugal,TP 88 TP 754,1,LIS 1h35,95,905,2027-04-21T20:45,2027-04-22T16:50,desconhecida,https://www.google.com/travel/flights?q=Flights%20to%20CPH%20from%20GRU%20on%202027-04-21%20oneway,f657efaa9f39,
2026-09-21T13:43:06-03:00,google_flights,GIG,MUC,2027-04-21,3944.0,BRL,ITA,ITA,AZ 673 AZ 432,1,FCO 1h55,115,885,2027-04-21T14:25,2027-04-22T10:10,desconhecida,https://www.google.com/travel/flights?q=Flights%20to%20MUC%20from%20GIG%20on%202027-04-21%20oneway,d1a88439669e,
2026-09-21T13:43:06-03:00,google_flights,GRU,BER,2027-04-21,4015.0,BRL,Tap Air Portugal,Tap Air Portugal,TP 88 TP 532,1,LIS 1h25,85,885,2027-04-21T20:45,2027-04-22T16:30,desconhecida,https://www.google.com/travel/flights?q=Flights%20to%20BER%20from%20GRU%20on%202027-04-21%20oneway,80de513e57af,
2026-09-21T13:43:06-03:00,google_flights,GRU,AMS,2027-04-21,4778.0,BRL,KLM,KLM,KL 792,0,,0,695,2027-04-21T21:45,2027-04-22T14:20,desconhecida,https://www.google.com/travel/flights?q=Flights%20to%20AMS%20from%20GRU%20on%202027-04-21%20oneway,e2a05f53c049,
2026-09-21T13:43:31-03:00,google_flights,GRU,MUC,2027-04-18,5180.0,BRL,Air Europa,Air Europa,UX 58 UX 1515,1,MAD 2h05,125,895,2027-04-18T13:50,2027-04-19T09:45,desconhecida,https://www.google.com/travel/flights?q=Flights%20to%20MUC%20from%20GRU%20on%202027-04-18%20oneway,cac71579581b,2027-04-25
2026-09-21T13:43:31-03:00,google_flights,GRU,FRA,2027-04-18,5345.0,BRL,LATAM,LATAM,LA 8070,0,,0,705,2027-04-18T23:40,2027-04-19T16:25,desconhecida,https://www.google.com/travel/flights?q=Flights%20to%20FRA%20from%20GRU%20on%202027-04-18%20oneway,c63339d92f4a,2027-04-25
2026-09-21T13:43:31-03:00,google_flights,GRU,AMS,2027-04-18,6420.0,BRL,KLM,KLM,KL 792,0,,0,695,2027-04-18T21:45,2027-04-19T14:20,desconhecida,https://www.google.com/travel/flights?q=Flights%20to%20AMS%20from%20GRU%20on%202027-04-18%20oneway,12e8ac08b3e9,2027-04-25
2026-09-21T13:43:31-03:00,google_flights,GRU,VIE,2027-04-18,4922.0,BRL,Iberia,Iberia,IB 272 IB 797,1,MAD 9h10,550,1355,2027-04-18T19:20,2027-04-19T22:55,desconhecida,https://www.google.com/travel/flights?q=Flights%20to%20VIE%20from%20GRU%20on%202027-04-18%20oneway,46a601b083aa,2027-04-25
2026-09-21T13:43:31-03:00,google_flights,GRU,BER,2027-04-18,5009.0,BRL,LATAM,LATAM|Finnair,LA 8084 AY 1338 AY 1431,2,"LHR 3h05, HEL 8h10",185,1635,2027-04-18T23:50,2027-04-20T08:05,desconhecida,https://www.google.com/travel/flights?q=Flights%20to%20BER%20from%20GRU%20on%202027-04-18%20oneway,6f8ac0d9e973,2027-04-25
2026-09-21T13:43:31-03:00,google_flights,GRU,VIE,2027-04-18,5277.0,BRL,Iberia,Iberia,IB 268 IB 791,1,MAD 3h05,185,990,2027-04-18T14:10,2027-04-19T11:40,desconhecida,https://www.google.com/travel/flights?q=Flights%20to%20VIE%20from%20GRU%20on%202027-04-18%20oneway,28d817855338,2027-04-25
2026-09-21T13:43:31-03:00,google_flights,GRU,VIE,2027-04-18,5277.0,BRL,Iberia,Iberia,IB 272 IB 793,1,MAD 1h15,75,880,2027-04-18T19:20,2027-04-19T15:00,desconhecida,https://www.google.com/travel/flights?q=Flights%20to%20VIE%20from%20GRU%20on%202027-04-18%20oneway,e12578bd7e68,2027-04-25
2026-09-21T13:43:31-03:00,google_flights,GRU,AMS,2027-04-18,5330.0,BRL,Air Europa,Air Europa,UX 58 UX 1091,1,MAD 2h00,120,890,2027-04-18T13:50,2027-04-19T09:40,desconhecida,https://www.google.com/travel/flights?q=Flights%20to%20AMS%20from%20GRU%20on%202027-04-18%20oneway,7c2f7b17fa24,2027-04-25
2026-09-21T13:43:31-03:00,google_flights,GIG,FRA,2027-04-18,5458.0,BRL,LATAM,LATAM,LA 3875 LA 8070,1,GRU 3h25,205,980,2027-04-18T19:05,2027-04-19T16:25,desconhecida,https://www.google.com/travel/flights?q=Flights%20to%20FRA%20from%20GIG%20on%202027-04-18%20oneway,40353665bfd1,2027-04-25
2026-09-21T13:43:31-03:00,google_flights,GRU,BER,2027-04-18,5983.0,BRL,SWISS,SWISS,LX 93 LX 968,1,ZRH 2h40,160,935,2027-04-18T18:20,2027-04-19T14:55,desconhecida,https://www.google.com/travel/flights?q=Flights%20to%20BER%20from%20GRU%20on%202027-04-18%20oneway,5f500251ba2c,2027-04-25
2026-09-21T13:43:31-03:00,google_flights,GRU,AMS,2027-04-18,6241.0,BRL,LATAM,LATAM,LA 8078,0,,0,710,2027-04-18T18:00,2027-04-19T10:50,desconhecida,https://www.google.com/travel/flights?q=Flights%20to%20AMS%20from%20GRU%20on%202027-04-18%20oneway,c905b06bab26,2027-04-25
2026-09-21T17:47:00-03:00,google_flights,BSB,FRA,2027-04-20,3228.0,BRL,Tap Air Portugal,Tap Air Portugal,TP 58 TP 570,1,LIS 1h45,105,845,2027-04-20T17:25,2027-04-21T12:30,desconhecida,https://www.google.com/travel/flights?q=Flights%20to%20FRA%20from%20BSB%20on%202027-04-20%20oneway,d30f00213e1c,
2026-09-21T17:47:00-03:00,google_flights,GRU,MUC,2027-04-20,3345.0,BRL,Air Europa,Air Europa,UX 58 UX 1515,1,MAD 2h05,125,895,2027-04-20T13:50,2027-04-21T09:45,desconhecida,https://www.google.com/travel/flights?q=Flights%20to%20MUC%20from%20GRU%20on%202027-04-20%20oneway,ebb631af85ff,
2026-09-21T17:47:00-03:00,google_flights,GRU,AMS,2027-04-20,3453.0,BRL,Air Europa,Air Europa,UX 58 UX 1091,1,MAD 2h00,120,890,2027-04-20T13:50,2027-04-21T09:40,desconhecida,https://www.google.com/travel/flights?q=Flights%20to%20AMS%20from%20GRU%20on%202027-04-20%20oneway,449c11bd5a36,
2026-09-21T17:47:00-03:00,google_flights,GRU,AMS,2027-04-20,2711.0,BRL,United,United,UA 860 UA 946,1,IAD 11h05,665,1745,2027-04-20T21:30,2027-04-22T07:35,desconhecida,https://www.google.com/travel/flights?q=Flights%20to%20AMS%20from%20GRU%20on%202027-04-20%20oneway,9cc8aafdde03,
2026-09-21T17:47:00-03:00,google_flights,GRU,MUC,2027-04-20,3253.0,BRL,United,United,UA 860 UA 108,1,IAD 11h00,660,1755,2027-04-20T21:30,2027-04-22T07:45,desconhecida,https://www.google.com/travel/flights?q=Flights%20to%20MUC%20from%20GRU%20on%202027-04-20%20oneway,9293c25421f0,
2026-09-21T17:47:00-03:00,google_flights,GRU,FRA,2027-04-20,3345.0,BRL,Air Europa,Air Europa,UX 58 UX 1503,1,MAD 2h00,120,895,2027-04-20T13:50,2027-04-21T09:45,desconhecida,https://www.google.com/travel/flights?q=Flights%20to%20FRA%20from%20GRU%20on%202027-04-20%20oneway,71f776be3cfe,
2026-09-21T17:47:00-03:00,google_flights,GIG,FRA,2027-04-20,3371.0,BRL,Tap Air Portugal,Tap Air Portugal,TP 76 TP 570,1,LIS 3h00,180,955,2027-04-20T15:35,2027-04-21T12:30,desconhecida,https://www.google.com/travel/flights?q=Flights%20to%20FRA%20from%20GIG%20on%202027-04-20%20oneway,df6d6d19ea0b,
2026-09-21T17:47:00-03:00,google_flights,GIG,MUC,2027-04-20,3519.0,BRL,Tap Air Portugal,Tap Air Portugal,TP 67 TP 554,1,LIS 2h10,130,900,2027-04-20T23:00,2027-04-21T19:00,desconhecida,https://www.google.com/travel/flights?q=Flights%20to%20MUC%20from%20GIG%20on%202027-04-20%20oneway,81f89426a9f0,
2026-09-21T17:47:00-03:00,google_flights,GIG,FRA,2027-04-20,3657.0,BRL,Tap Air Portugal,Tap Air Portugal,TP 67 TP 572,1,LIS 1h45,105,880,2027-04-20T23:00,2027-04-21T18:40,desconhecida,https://www.google.com/travel/flights?q=Flights%20to%20FRA%20from%20GIG%20on%202027-04-20%20oneway,8b90f9d4f761,
2026-09-21T17:47:00-03:00,google_flights,GIG,CPH,2027-04-20,3689.0,BRL,Tap Air Portugal,Tap Air Portugal,TP 76 TP 752,1,LIS 1h55,115,920,2027-04-20T15:35,2027-04-21T11:55,desconhecida,https://www.google.com/travel/flights?q=Flights%20to%20CPH%20from%20GIG%20on%202027-04-20%20oneway,5438d0aa4e2f,
2026-09-21T17:47:00-03:00,google_flights,GRU,BER,2027-04-20,4015.0,BRL,Tap Air Portugal,Tap Air Portugal,TP 88 TP 532,1,LIS 1h25,85,885,2027-04-20T20:45,2027-04-21T16:30,desconhecida,https://www.google.com/travel/flights?q=Flights%20to%20BER%20from%20GRU%20on%202027-04-20%20oneway,f2d3e3ddad41,
2026-09-21T17:47:00-03:00,google_flights,GRU,AMS,2027-04-20,4778.0,BRL,KLM,KLM,KL 792,0,,0,695,2027-04-20T21:45,2027-04-21T14:20,desconhecida,https://www.google.com/travel/flights?q=Flights%20to%20AMS%20from%20GRU%20on%202027-04-20%20oneway,0a6fe5cc738f,
2026-09-21T23:51:32-03:00,google_flights,BSB,FRA,2027-04-22,3287.0,BRL,Tap Air Portugal,Tap Air Portugal,TP 58 TP 570,1,LIS 2h00,120,860,2027-04-22T17:10,2027-04-23T12:30,desconhecida,https://www.google.com/travel/flights?q=Flights%20to%20FRA%20from%20BSB%20on%202027-04-22%20oneway,09fd94a52530,
2026-09-21T23:51:32-03:00,google_flights,GRU,MUC,2027-04-22,3345.0,BRL,Air Europa,Air Europa,UX 58 UX 1515,1,MAD 2h05,125,895,2027-04-22T13:50,2027-04-23T09:45,desconhecida,https://www.google.com/travel/flights?q=Flights%20to%20MUC%20from%20GRU%20on%202027-04-22%20oneway,db7d0116e469,
2026-09-21T23:51:32-03:00,google_flights,BSB,BER,2027-04-22,3512.0,BRL,Tap Air Portugal,Tap Air Portugal,TP 58 TP 530,1,LIS 1h30,90,850,2027-04-22T17:10,2027-04-23T12:20,desconhecida,https://www.google.com/travel/flights?q=Flights%20to%20BER%20from%20BSB%20on%202027-04-22%20oneway,94330108dea4,
2026-09-21T23:51:32-03:00,google_flights,GRU,AMS,2027-04-22,2711.0,BRL,United,United,UA 860 UA 946,1,IAD 11h05,665,1745,2027-04-22T21:30,2027-04-24T07:35,desconhecida,https://www.google.com/travel/flights?q=Flights%20to%20AMS%20from%20GRU%20on%202027-04-22%20oneway,34e8230fb190,
2026-09-21T23:51:32-03:00,google_flights,BSB,FRA,2027-04-22,3223.0,BRL,Tap Air Portugal,Tap Air Portugal,TP 58 TP 574,1,LIS 11h50,710,1450,2027-04-22T17:10,2027-04-23T22:20,desconhecida,https://www.google.com/travel/flights?q=Flights%20to%20FRA%20from%20BSB%20on%202027-04-22%20oneway,ce93dc6fdaa8,
2026-09-21T23:51:32-03:00,google_flights,GRU,MUC,2027-04-22,3253.0,BRL,United,United|Lufthansa,UA 844 LH 437,1,ORD 8h50,530,1665,2027-04-22T22:20,2027-04-24T07:05,desconhecida,https://www.google.com/travel/flights?q=Flights%20to%20MUC%20from%20GRU%20on%202027-04-22%20oneway,fb14a373c36b,
2026-09-21T23:51:32-03:00,google_flights,GRU,FRA,2027-04-22,3345.0,BRL,Air Europa,Air Europa,UX 58 UX 1503,1,MAD 2h00,120,895,2027-04-22T13:50,2027-04-23T09:45,desconhecida,https://www.google.com/travel/flights?q=Flights%20to%20FRA%20from%20GRU%20on%202027-04-22%20oneway,f1969eb69575,
2026-09-21T23:51:32-03:00,google_flights,GIG,FRA,2027-04-22,3371.0,BRL,Tap Air Portugal,Tap Air Portugal,TP 67 TP 574,1,LIS 5h25,325,1100,2027-04-22T23:00,2027-04-23T22:20,desconhecida,https://www.google.com/travel/flights?q=Flights%20to%20FRA%20from%20GIG%20on%202027-04-22%20oneway,fbceafe70fd3,
2026-09-21T23:51:32-03:00,google_flights,GRU,AMS,2027-04-22,3453.0,BRL,Air Europa,Air Europa,UX 58 UX 1091,1,MAD 2h00,120,890,2027-04-22T13:50,2027-04-23T09:40,desconhecida,https://www.google.com/travel/flights?q=Flights%20to%20AMS%20from%20GRU%20on%202027-04-22%20oneway,9290da6ef6b0,
2026-09-21T23:51:32-03:00,google_flights,GIG,AMS,2027-04-22,3810.0,BRL,Tap Air Portugal,Tap Air Portugal,TP 67 TP 672,1,LIS 1h50,110,880,2027-04-22T23:00,2027-04-23T18:40,desconhecida,https://www.google.com/travel/flights?q=Flights%20to%20AMS%20from%20GIG%20on%202027-04-22%20oneway,10eb1445559d,
2026-09-21T23:51:32-03:00,google_flights,GRU,CPH,2027-04-22,3916.0,BRL,Tap Air Portugal,Tap Air Portugal,TP 82 TP 752,1,LIS 1h30,90,905,2027-04-22T15:30,2027-04-23T11:35,desconhecida,https://www.google.com/travel/flights?q=Flights%20to%20CPH%20from%20GRU%20on%202027-04-22%20oneway,6d1b89cee302,
2026-09-21T23:51:32-03:00,google_flights,GRU,AMS,2027-04-22,4778.0,BRL,KLM,KLM,KL 792,0,,0,695,2027-04-22T21:45,2027-04-23T14:20,desconhecida,https://www.google.com/travel/flights?q=Flights%20to%20AMS%20from%20GRU%20on%202027-04-22%20oneway,06b0b0165473,
2026-09-21T23:51:38-03:00,google_flights,GRU,MUC,2027-04-23,3345.0,BRL,Air Europa,Air Europa,UX 58 UX 1515,1,MAD 2h05,125,895,2027-04-23T13:50,2027-04-24T09:45,desconhecida,https://www.google.com/travel/flights?q=Flights%20to%20MUC%20from%20GRU%20on%202027-04-23%20oneway,97342844ea27,
2026-09-21T23:51:38-03:00,google_flights,GRU,FRA,2027-04-23,3345.0,BRL,Air Europa,Air Europa,UX 58 UX 1503,1,MAD 2h00,120,895,2027-04-23T13:50,2027-04-24T09:45,desconhecida,https://www.google.com/travel/flights?q=Flights%20to%20FRA%20from%20GRU%20on%202027-04-23%20oneway,018a145e3f8c,
2026-09-21T23:51:38-03:00,google_flights,GRU,AMS,2027-04-23,3453.0,BRL,Air Europa,Air Europa,UX 58 UX 1091,1,MAD 2h00,120,890,2027-04-23T13:50,2027-04-24T09:40,desconhecida,https://www.google.com/travel/flights?q=Flights%20to%20AMS%20from%20GRU%20on%202027-04-23%20oneway,0765540ef092,
2026-09-21T23:51:38-03:00,google_flights,BSB,MUC,2027-04-23,3509.0,BRL,Tap Air Portugal,Tap Air Portugal,TP 58 TP 552,1,LIS 1h15,75,810,2027-04-23T18:15,2027-04-24T12:45,desconhecida,https://www.google.com/travel/flights?q=Flights%20to%20MUC%20from%20BSB%20on%202027-04-23%20oneway,13c063c3b460,
2026-09-21T23:51:38-03:00,google_flights,GIG,MUC,2027-04-23,3947.0,BRL,ITA,ITA,AZ 673 AZ 432,1,FCO 1h55,115,885,2027-04-23T14:25,2027-04-24T10:10,desconhecida,https://www.google.com/travel/flights?q=Flights%20to%20MUC%20from%20GIG%20on%202027-04-23%20oneway,10c1d26917ae,
2026-09-21T23:51:38-03:00,google_flights,GRU,MUC,2027-04-23,3253.0,BRL,United,United,UA 860 UA 108,1,IAD 11h00,660,1755,2027-04-23T21:30,2027-04-25T07:45,desconhecida,https://www.google.com/travel/flights?q=Flights%20to%20MUC%20from%20GRU%20on%202027-04-23%20oneway,9ad4138f5b60,
2026-09-21T23:51:38-03:00,google_flights,GRU,MUC,2027-04-23,3253.0,BRL,United,United|Lufthansa,UA 844 LH 437,1,ORD 8h50,530,1665,2027-04-23T22:20,2027-04-25T07:05,desconhecida,https://www.google.com/travel/flights?q=Flights%20to%20MUC%20from%20GRU%20on%202027-04-23%20oneway,78800f9ccdf9,
2026-09-21T23:51:38-03:00,google_flights,GRU,MUC,2027-04-23,3253.0,BRL,United,United,UA 844 UA 953,1,ORD 11h10,670,1820,2027-04-23T22:20,2027-04-25T09:40,desconhecida,https://www.google.com/travel/flights?q=Flights%20to%20MUC%20from%20GRU%20on%202027-04-23%20oneway,0c730c8068c3,
2026-09-21T23:51:38-03:00,google_flights,GRU,FRA,2027-04-23,3253.0,BRL,United,United,UA 844 UA 907,1,ORD 11h30,690,1835,2027-04-23T22:20,2027-04-25T09:55,desconhecida,https://www.google.com/travel/flights?q=Flights%20to%20FRA%20from%20GRU%20on%202027-04-23%20oneway,1180a0a5f1e3,
2026-09-21T23:51:38-03:00,google_flights,BSB,FRA,2027-04-23,3287.0,BRL,Tap Air Portugal,Tap Air Portugal,TP 58 TP 572,1,LIS 7h05,425,1165,2027-04-23T18:15,2027-04-24T18:40,desconhecida,https://www.google.com/travel/flights?q=Flights%20to%20FRA%20from%20BSB%20on%202027-04-23%20oneway,bc6378abf8f0,
2026-09-21T23:51:38-03:00,google_flights,GIG,FRA,2027-04-23,3392.0,BRL,Tap Air Portugal,Tap Air Portugal,TP 72 TP 570,1,LIS 20h25,1225,2000,2027-04-23T22:10,2027-04-25T12:30,desconhecida,https://www.google.com/travel/flights?q=Flights%20to%20FRA%20from%20GIG%20on%202027-04-23%20oneway,732db51c57c7,
2026-09-21T23:51:38-03:00,google_flights,GRU,FRA,2027-04-23,3535.0,BRL,Tap Air Portugal,Tap Air Portugal,TP 84 TP 574,1,LIS 3h35,215,995,2027-04-23T00:45,2027-04-23T22:20,desconhecida,https://www.google.com/travel/flights?q=Flights%20to%20FRA%20from%20GRU%20on%202027-04-23%20oneway,811518dae145,
2026-09-21T23:51:38-03:00,google_flights,GRU,FRA,2027-04-23,3535.0,BRL,Tap Air Portugal,Tap Air Portugal,TP 88 TP 572,1,LIS 3h55,235,1015,2027-04-23T20:45,2027-04-24T18:40,desconhecida,https://www.google.com/travel/flights?q=Flights%20to%20FRA%20from%20GRU%20on%202027-04-23%20oneway,42d6f851e8ff,
2026-09-21T23:51:38-03:00,google_flights,GIG,AMS,2027-04-23,3810.0,BRL,Tap Air Portugal,Tap Air Portugal,TP 72 TP 672,1,LIS 2h40,160,930,2027-04-23T22:10,2027-04-24T18:40,desconhecida,https://www.google.com/travel/flights?q=Flights%20to%20AMS%20from%20GIG%20on%202027-04-23%20oneway,f38b0c66d6d3,
2026-09-21T23:51:38-03:00,google_flights,GRU,CPH,2027-04-23,3916.0,BRL,Tap Air Portugal,Tap Air Portugal,TP 88 TP 754,1,LIS 1h35,95,905,2027-04-23T20:45,2027-04-24T16:50,desconhecida,https://www.google.com/travel/flights?q=Flights%20to%20CPH%20from%20GRU%20on%202027-04-23%20oneway,eb0d045f9774,
2026-09-21T23:51:44-03:00,google_flights,GRU,MUC,2027-04-13,3345.0,BRL,Air Europa,Air Europa,UX 58 UX 1515,1,MAD 2h05,125,895,2027-04-13T13:50,2027-04-14T09:45,desconhecida,https://www.google.com/travel/flights?q=Flights%20to%20MUC%20from%20GRU%20on%202027-04-13%20oneway,89dde1e4fb72,
2026-09-21T23:51:44-03:00,google_flights,BSB,BER,2027-04-13,3396.0,BRL,Tap Air Portugal,Tap Air Portugal,TP 58 TP 530,1,LIS 1h25,85,845,2027-04-13T17:25,2027-04-14T12:30,desconhecida,https://www.google.com/travel/flights?q=Flights%20to%20BER%20from%20BSB%20on%202027-04-13%20oneway,62d0ecae65ed,
2026-09-21T23:51:44-03:00,google_flights,GIG,MUC,2027-04-13,3514.0,BRL,ITA,ITA,AZ 673 AZ 432,1,FCO 1h55,115,885,2027-04-13T14:25,2027-04-14T10:10,desconhecida,https://www.google.com/travel/flights?q=Flights%20to%20MUC%20from%20GIG%20on%202027-04-13%20oneway,1778eae09ff6,
2026-09-21T23:51:44-03:00,google_flights,BSB,FRA,2027-04-13,3207.0,BRL,Tap Air Portugal,Tap Air Portugal,TP 58 TP 570,1,LIS 1h45,105,845,2027-04-13T17:25,2027-04-14T12:30,desconhecida,https://www.google.com/travel/flights?q=Flights%20to%20FRA%20from%20BSB%20on%202027-04-13%20oneway,32c4d3959239,
2026-09-21T23:51:44-03:00,google_flights,GRU,FRA,2027-04-13,3345.0,BRL,Air Europa,Air Europa,UX 58 UX 1503,1,MAD 2h00,120,895,2027-04-13T13:50,2027-04-14T09:45,desconhecida,https://www.google.com/travel/flights?q=Flights%20to%20FRA%20from%20GRU%20on%202027-04-13%20oneway,7216aeb19bc4,
2026-09-21T23:51:44-03:00,google_flights,GIG,FRA,2027-04-13,3371.0,BRL,Tap Air Portugal,Tap Air Portugal,TP 67 TP 572,1,LIS 1h45,105,880,2027-04-13T23:00,2027-04-14T18:40,desconhecida,https://www.google.com/travel/flights?q=Flights%20to%20FRA%20from%20GIG%20on%202027-04-13%20oneway,1a6e34bfcfe3,
2026-09-21T23:51:44-03:00,google_flights,GRU,AMS,2027-04-13,3453.0,BRL,Air Europa,Air Europa,UX 58 UX 1091,1,MAD 2h00,120,890,2027-04-13T13:50,2027-04-14T09:40,desconhecida,https://www.google.com/travel/flights?q=Flights%20to%20AMS%20from%20GRU%20on%202027-04-13%20oneway,3db0f4651e45,
2026-09-21T23:51:44-03:00,google_flights,GIG,CPH,2027-04-13,3689.0,BRL,Tap Air Portugal,Tap Air Portugal,TP 76 TP 752,1,LIS 1h55,115,920,2027-04-13T15:35,2027-04-14T11:55,desconhecida,https://www.google.com/travel/flights?q=Flights%20to%20CPH%20from%20GIG%20on%202027-04-13%20oneway,df6ce49977ac,
2026-09-21T23:51:44-03:00,google_flights,GRU,BER,2027-04-13,4015.0,BRL,Tap Air Portugal,Tap Air Portugal,TP 88 TP 532,1,LIS 1h25,85,885,2027-04-13T20:45,2027-04-14T16:30,desconhecida,https://www.google.com/travel/flights?q=Flights%20to%20BER%20from%20GRU%20on%202027-04-13%20oneway,221c7cfe14ca,
2026-09-21T23:51:44-03:00,google_flights,GRU,AMS,2027-04-13,4778.0,BRL,KLM,KLM,KL 792,0,,0,695,2027-04-13T21:45,2027-04-14T14:20,desconhecida,https://www.google.com/travel/flights?q=Flights%20to%20AMS%20from%20GRU%20on%202027-04-13%20oneway,eec57785371c,
2026-09-22T12:16:25-03:00,google_flights,BSB,BER,2027-04-14,3341.0,BRL,Tap Air Portugal,Tap Air Portugal,TP 58 TP 532,1,LIS 4h35,275,1035,2027-04-14T18:15,2027-04-15T16:30,desconhecida,https://www.google.com/travel/flights?q=Flights%20to%20BER%20from%20BSB%20on%202027-04-14%20oneway,499644a01337,
2026-09-22T12:16:25-03:00,google_flights,GRU,MUC,2027-04-14,3460.0,BRL,Air Europa,Air Europa,UX 58 UX 1515,1,MAD 2h05,125,895,2027-04-14T13:50,2027-04-15T09:45,desconhecida,https://www.google.com/travel/flights?q=Flights%20to%20MUC%20from%20GRU%20on%202027-04-14%20oneway,7624e028df3b,
2026-09-22T12:16:25-03:00,google_flights,BSB,MUC,2027-04-14,3480.0,BRL,Tap Air Portugal,Tap Air Portugal,TP 58 TP 552,1,LIS 1h15,75,810,2027-04-14T18:15,2027-04-15T12:45,desconhecida,https://www.google.com/travel/flights?q=Flights%20to%20MUC%20from%20BSB%20on%202027-04-14%20oneway,7ec990e98150,
2026-09-22T12:16:25-03:00,google_flights,BSB,FRA,2027-04-14,3160.0,BRL,Tap Air Portugal,Tap Air Portugal,TP 58 TP 574,1,LIS 10h45,645,1385,2027-04-14T18:15,2027-04-15T22:20,desconhecida,https://www.google.com/travel/flights?q=Flights%20to%20FRA%20from%20BSB%20on%202027-04-14%20oneway,393ae2ea61ce,
2026-09-22T12:16:25-03:00,google_flights,BSB,FRA,2027-04-14,3196.0,BRL,Tap Air Portugal,Tap Air Portugal,TP 58 TP 572,1,LIS 7h05,425,1165,2027-04-14T18:15,2027-04-15T18:40,desconhecida,https://www.google.com/travel/flights?q=Flights%20to%20FRA%20from%20BSB%20on%202027-04-14%20oneway,1bd221e05782,
2026-09-22T12:16:25-03:00,google_flights,GIG,FRA,2027-04-14,3343.0,BRL,Tap Air Portugal,Tap Air Portugal,TP 72 TP 574,1,LIS 6h15,375,1150,2027-04-14T22:10,2027-04-15T22:20,desconhecida,https://www.google.com/travel/flights?q=Flights%20to%20FRA%20from%20GIG%20on%202027-04-14%20oneway,6e5a7c686c42,
2026-09-22T12:16:25-03:00,google_flights,GRU,FRA,2027-04-14,3460.0,BRL,Air Europa,Air Europa,UX 58 UX 1503,1,MAD 2h00,120,895,2027-04-14T13:50,2027-04-15T09:45,desconhecida,https://www.google.com/travel/flights?q=Flights%20to%20FRA%20from%20GRU%20on%202027-04-14%20oneway,42af1b8d0b20,
2026-09-22T12:16:25-03:00,google_flights,GRU,AMS,2027-04-14,3480.0,BRL,Air Europa,Air Europa,UX 58 UX 1091,1,MAD 2h00,120,890,2027-04-14T13:50,2027-04-15T09:40,desconhecida,https://www.google.com/travel/flights?q=Flights%20to%20AMS%20from%20GRU%20on%202027-04-14%20oneway,2e7619170711,
2026-09-22T12:16:25-03:00,google_flights,GIG,MUC,2027-04-14,3490.0,BRL,Tap Air Portugal,Tap Air Portugal,TP 72 TP 554,1,LIS 3h00,180,950,2027-04-14T22:10,2027-04-15T19:00,desconhecida,https://www.google.com/travel/flights?q=Flights%20to%20MUC%20from%20GIG%20on%202027-04-14%20oneway,7e6f39c22e9c,
2026-09-22T12:16:25-03:00,google_flights,GRU,FRA,2027-04-14,3505.0,BRL,Tap Air Portugal,Tap Air Portugal,TP 82 TP 570,1,LIS 2h55,175,960,2027-04-14T15:30,2027-04-15T12:30,desconhecida,https://www.google.com/travel/flights?q=Flights%20to%20FRA%20from%20GRU%20on%202027-04-14%20oneway,4dd555cdaeaa,
2026-09-22T12:16:25-03:00,google_flights,GRU,FRA,2027-04-14,3505.0,BRL,Tap Air Portugal,Tap Air Portugal,TP 88 TP 572,1,LIS 3h55,235,1015,2027-04-14T20:45,2027-04-15T18:40,desconhecida,https://www.google.com/travel/flights?q=Flights%20to%20FRA%20from%20GRU%20on%202027-04-14%20oneway,034fcc90f438,
2026-09-22T12:16:25-03:00,google_flights,GRU,MUC,2027-04-14,3550.0,BRL,ITA,ITA|Lufthansa,AZ 675 LH 1873,1,FCO 1h10,70,860,2027-04-14T14:15,2027-04-15T09:35,desconhecida,https://www.google.com/travel/flights?q=Flights%20to%20MUC%20from%20GRU%20on%202027-04-14%20oneway,2207ff819d4b,
2026-09-22T12:16:25-03:00,google_flights,GIG,FRA,2027-04-14,3580.0,BRL,ITA,ITA,AZ 673 AZ 400,1,FCO 2h05,125,925,2027-04-14T14:25,2027-04-15T10:50,desconhecida,https://www.google.com/travel/flights?q=Flights%20to%20FRA%20from%20GIG%20on%202027-04-14%20oneway,519d5799d751,
2026-09-22T12:16:25-03:00,google_flights,GIG,FRA,2027-04-14,3626.0,BRL,Tap Air Portugal,Tap Air Portugal,TP 72 TP 572,1,LIS 2h35,155,930,2027-04-14T22:10,2027-04-15T18:40,desconhecida,https://www.google.com/travel/flights?q=Flights%20to%20FRA%20from%20GIG%20on%202027-04-14%20oneway,e7c6ae0e2381,
2026-09-22T12:16:25-03:00,google_flights,GIG,VIE,2027-04-14,3668.0,BRL,Tap Air Portugal,Tap Air Portugal,TP 72 TP 1272,1,LIS 2h00,120,915,2027-04-14T22:10,2027-04-15T18:25,desconhecida,https://www.google.com/travel/flights?q=Flights%20to%20VIE%20from%20GIG%20on%202027-04-14%20oneway,786d6ccbbfb7,
2026-09-22T12:16:25-03:00,google_flights,GRU,AMS,2027-04-14,3745.0,BRL,British Airways,British Airways,BA 246 BA 430,1,LHR 1h30,90,850,2027-04-14T15:30,2027-04-15T10:40,desconhecida,https://www.google.com/travel/flights?q=Flights%20to%20AMS%20from%20GRU%20on%202027-04-14%20oneway,b26e2e6d0dc0,
2026-09-22T12:16:25-03:00,google_flights,GIG,BER,2027-04-14,3776.0,BRL,Tap Air Portugal,Tap Air Portugal,TP 76 TP 530,1,LIS 1h40,100,895,2027-04-14T15:35,2027-04-15T11:30,desconhecida,https://www.google.com/travel/flights?q=Flights%20to%20BER%20from%20GIG%20on%202027-04-14%20oneway,ea2decc1901e,
2026-09-22T12:16:25-03:00,google_flights,GRU,CPH,2027-04-14,3883.0,BRL,Tap Air Portugal,Tap Air Portugal,TP 88 TP 754,1,LIS 1h35,95,905,2027-04-14T20:45,2027-04-15T16:50,desconhecida,https://www.google.com/travel/flights?q=Flights%20to%20CPH%20from%20GRU%20on%202027-04-14%20oneway,8236d2e27cb0,
2026-09-22T12:16:25-03:00,google_flights,GRU,BER,2027-04-14,3981.0,BRL,Tap Air Portugal,Tap Air Portugal,TP 88 TP 532,1,LIS 1h25,85,885,2027-04-14T20:45,2027-04-15T16:30,desconhecida,https://www.google.com/travel/flights?q=Flights%20to%20BER%20from%20GRU%20on%202027-04-14%20oneway,fa9d9bfa6b27,
2026-09-22T12:16:25-03:00,google_flights,GRU,AMS,2027-04-14,4736.0,BRL,KLM,KLM,KL 792,0,,0,695,2027-04-14T21:45,2027-04-15T14:20,desconhecida,https://www.google.com/travel/flights?q=Flights%20to%20AMS%20from%20GRU%20on%202027-04-14%20oneway,a227768e07f8,
2026-09-22T12:16:31-03:00,google_flights,BSB,FRA,2027-04-15,3244.0,BRL,Tap Air Portugal,Tap Air Portugal,TP 58 TP 570,1,LIS 2h00,120,860,2027-04-15T17:10,2027-04-16T12:30,desconhecida,https://www.google.com/travel/flights?q=Flights%20to%20FRA%20from%20BSB%20on%202027-04-15%20oneway,1bac683938cf,
2026-09-22T12:16:31-03:00,google_flights,GRU,MUC,2027-04-15,3460.0,BRL,Air Europa,Air Europa,UX 58 UX 1515,1,MAD 2h05,125,895,2027-04-15T13:50,2027-04-16T09:45,desconhecida,https://www.google.com/travel/flights?q=Flights%20to%20MUC%20from%20GRU%20on%202027-04-15%20oneway,ea70709f8ca6,
2026-09-22T12:16:31-03:00,google_flights,BSB,BER,2027-04-15,3483.0,BRL,Tap Air Portugal,Tap Air Portugal,TP 58 TP 530,1,LIS 1h30,90,850,2027-04-15T17:10,2027-04-16T12:20,desconhecida,https://www.google.com/travel/flights?q=Flights%20to%20BER%20from%20BSB%20on%202027-04-15%20oneway,10e5ea50537b,
2026-09-22T12:16:31-03:00,google_flights,GIG,FRA,2027-04-15,3343.0,BRL,Tap Air Portugal,Tap Air Portugal,TP 76 TP 570,1,LIS 3h00,180,955,2027-04-15T15:35,2027-04-16T12:30,desconhecida,https://www.google.com/travel/flights?q=Flights%20to%20FRA%20from%20GIG%20on%202027-04-15%20oneway,8b7640d4a114,
2026-09-22T12:16:31-03:00,google_flights,GRU,FRA,2027-04-15,3460.0,BRL,Air Europa,Air Europa,UX 58 UX 1503,1,MAD 2h00,120,895,2027-04-15T13:50,2027-04-16T09:45,desconhecida,https://www.google.com/travel/flights?q=Flights%20to%20FRA%20from%20GRU%20on%202027-04-15%20oneway,e4e7a045f348,
2026-09-22T12:16:31-03:00,google_flights,BSB,BER,2027-04-15,3478.0,BRL,Tap Air Portugal,Tap Air Portugal,TP 58 TP 534,1,LIS 11h30,690,1450,2027-04-15T17:10,2027-04-16T22:20,desconhecida,https://www.google.com/travel/flights?q=Flights%20to%20BER%20from%20BSB%20on%202027-04-15%20oneway,91be7be2c131,
2026-09-22T12:16:31-03:00,google_flights,GRU,AMS,2027-04-15,3480.0,BRL,Air Europa,Air Europa,UX 58 UX 1091,1,MAD 2h00,120,890,2027-04-15T13:50,2027-04-16T09:40,desconhecida,https://www.google.com/travel/flights?q=Flights%20to%20AMS%20from%20GRU%20on%202027-04-15%20oneway,103601d11364,
2026-09-22T12:16:31-03:00,google_flights,GRU,FRA,2027-04-15,3505.0,BRL,Tap Air Portugal,Tap Air Portugal,TP 88 TP 572,1,LIS 3h55,235,1015,2027-04-15T20:45,2027-04-16T18:40,desconhecida,https://www.google.com/travel/flights?q=Flights%20to%20FRA%20from%20GRU%20on%202027-04-15%20oneway,5893f1267440,
2026-09-22T12:16:31-03:00,google_flights,GIG,CPH,2027-04-15,3658.0,BRL,Tap Air Portugal,Tap Air Portugal,TP 76 TP 752,1,LIS 1h35,95,900,2027-04-15T15:35,2027-04-16T11:35,desconhecida,https://www.google.com/travel/flights?q=Flights%20to%20CPH%20from%20GIG%20on%202027-04-15%20oneway,a9403f45d45d,
2026-09-22T12:16:31-03:00,google_flights,GIG,AMS,2027-04-15,3778.0,BRL,Tap Air Portugal,Tap Air Portugal,TP 67 TP 672,1,LIS 1h50,110,880,2027-04-15T23:00,2027-04-16T18:40,desconhecida,https://www.google.com/travel/flights?q=Flights%20to%20AMS%20from%20GIG%20on%202027-04-15%20oneway,ff715c6fc969,
2026-09-22T12:16:31-03:00,google_flights,BSB,VIE,2027-04-15,3876.0,BRL,COPA,COPA|Austrian,CM 204 CM 443 OS 42,2,"PTY 5h06, IAD 2h36",156,1615,2027-04-15T00:15,2027-04-16T08:10,desconhecida,https://www.google.com/travel/flights?q=Flights%20to%20VIE%20from%20BSB%20on%202027-04-15%20oneway,ce5bdee98aec,
2026-09-22T12:16:31-03:00,google_flights,GRU,AMS,2027-04-15,4736.0,BRL,KLM,KLM,KL 792,0,,0,695,2027-04-15T21:45,2027-04-16T14:20,desconhecida,https://www.google.com/travel/flights?q=Flights%20to%20AMS%20from%20GRU%20on%202027-04-15%20oneway,fded42f851d2,
2026-09-22T12:16:37-03:00,google_flights,BSB,BER,2027-04-16,3415.0,BRL,Tap Air Portugal,Tap Air Portugal,TP 58 TP 532,1,LIS 4h35,275,1035,2027-04-16T18:15,2027-04-17T16:30,desconhecida,https://www.google.com/travel/flights?q=Flights%20to%20BER%20from%20BSB%20on%202027-04-16%20oneway,810284bd19b5,
2026-09-22T12:16:37-03:00,google_flights,BSB,MUC,2027-04-16,3480.0,BRL,Tap Air Portugal,Tap Air Portugal,TP 58 TP 552,1,LIS 1h15,75,810,2027-04-16T18:15,2027-04-17T12:45,desconhecida,https://www.google.com/travel/flights?q=Flights%20to%20MUC%20from%20BSB%20on%202027-04-16%20oneway,01ba35474d69,
2026-09-22T12:16:37-03:00,google_flights,GRU,AMS,2027-04-16,3480.0,BRL,Air Europa,Air Europa,UX 58 UX 1091,1,MAD 2h00,120,890,2027-04-16T13:50,2027-04-17T09:40,desconhecida,https://www.google.com/travel/flights?q=Flights%20to%20AMS%20from%20GRU%20on%202027-04-16%20oneway,144b19177258,
2026-09-22T12:16:37-03:00,google_flights,BSB,FRA,2027-04-16,3259.0,BRL,Tap Air Portugal,Tap Air Portugal,TP 58 TP 574,1,LIS 10h45,645,1385,2027-04-16T18:15,2027-04-17T22:20,desconhecida,https://www.google.com/travel/flights?q=Flights%20to%20FRA%20from%20BSB%20on%202027-04-16%20oneway,7ecaccc5d2bb,
2026-09-22T12:16:37-03:00,google_flights,GIG,FRA,2027-04-16,3364.0,BRL,Tap Air Portugal,Tap Air Portugal,TP 72 TP 570,1,LIS 20h25,1225,2000,2027-04-16T22:10,2027-04-18T12:30,desconhecida,https://www.google.com/travel/flights?q=Flights%20to%20FRA%20from%20GIG%20on%202027-04-16%20oneway,99c1c9cd9640,
2026-09-22T12:16:37-03:00,google_flights,GRU,MUC,2027-04-16,3460.0,BRL,Air Europa,Air Europa,UX 58 UX 1515,1,MAD 2h05,125,895,2027-04-16T13:50,2027-04-17T09:45,desconhecida,https://www.google.com/travel/flights?q=Flights%20to%20MUC%20from%20GRU%20on%202027-04-16%20oneway,2d2a5d201e53,
2026-09-22T12:16:37-03:00,google_flights,GRU,FRA,2027-04-16,3460.0,BRL,Air Europa,Air Europa,UX 58 UX 1503,1,MAD 2h00,120,895,2027-04-16T13:50,2027-04-17T09:45,desconhecida,https://www.google.com/travel/flights?q=Flights%20to%20FRA%20from%20GRU%20on%202027-04-16%20oneway,831a52a03c94,
2026-09-22T12:16:37-03:00,google_flights,GRU,FRA,2027-04-16,3505.0,BRL,Tap Air Portugal,Tap Air Portugal,TP 84 TP 574,1,LIS 3h35,215,995,2027-04-16T00:45,2027-04-16T22:20,desconhecida,https://www.google.com/travel/flights?q=Flights%20to%20FRA%20from%20GRU%20on%202027-04-16%20oneway,e8d758931521,
2026-09-22T12:16:37-03:00,google_flights,GRU,MUC,2027-04-16,3550.0,BRL,ITA,ITA|Lufthansa,AZ 679 LH 1869,1,FCO 4h25,265,1055,2027-04-16T18:55,2027-04-17T17:30,desconhecida,https://www.google.com/travel/flights?q=Flights%20to%20MUC%20from%20GRU%20on%202027-04-16%20oneway,6873d201b94a,
2026-09-22T12:16:37-03:00,google_flights,GRU,MUC,2027-04-16,3550.0,BRL,ITA,ITA,AZ 679 AZ 436,1,FCO 5h10,310,1100,2027-04-16T18:55,2027-04-17T18:15,desconhecida,https://www.google.com/travel/flights?q=Flights%20to%20MUC%20from%20GRU%20on%202027-04-16%20oneway,ac7c831e6fb0,
2026-09-22T12:16:37-03:00,google_flights,GRU,AMS,2027-04-16,4736.0,BRL,KLM,KLM,KL 792,0,,0,695,2027-04-16T21:45,2027-04-17T14:20,desconhecida,https://www.google.com/travel/flights?q=Flights%20to%20AMS%20from%20GRU%20on%202027-04-16%20oneway,cd6d849d0be5,
2026-09-22T12:16:37-03:00,google_flights,GIG,AMS,2027-04-16,5329.0,BRL,KLM,KLM,KL 706,0,,0,690,2027-04-16T21:55,2027-04-17T14:25,desconhecida,https://www.google.com/travel/flights?q=Flights%20to%20AMS%20from%20GIG%20on%202027-04-16%20oneway,3e96cbde9cdf,
2026-09-22T12:16:48-03:00,google_flights,BSB,FRA,2027-04-17,3259.0,BRL,Tap Air Portugal,Tap Air Portugal,TP 58 TP 570,1,LIS 2h00,120,860,2027-04-17T17:10,2027-04-18T12:30,desconhecida,https://www.google.com/travel/flights?q=Flights%20to%20FRA%20from%20BSB%20on%202027-04-17%20oneway,28f22ccb09f2,
2026-09-22T12:16:48-03:00,google_flights,BSB,MUC,2027-04-17,3480.0,BRL,Tap Air Portugal,Tap Air Portugal,TP 58 TP 552,1,LIS 2h15,135,870,2027-04-17T17:10,2027-04-18T12:40,desconhecida,https://www.google.com/travel/flights?q=Flights%20to%20MUC%20from%20BSB%20on%202027-04-17%20oneway,7d8c2bc7a6f3,
2026-09-22T12:16:48-03:00,google_flights,GRU,AMS,2027-04-17,3480.0,BRL,Air Europa,Air Europa,UX 58 UX 1091,1,MAD 2h00,120,890,2027-04-17T13:50,2027-04-18T09:40,desconhecida,https://www.google.com/travel/flights?q=Flights%20to%20AMS%20from%20GRU%20on%202027-04-17%20oneway,d388ebf4e88b,
2026-09-22T12:16:48-03:00,google_flights,GRU,AMS,2027-04-17,3310.0,BRL,ITA,ITA,AZ 679 AZ 2038 AZ 112,2,"FCO 3h30, LIN 1h10",70,1160,2027-04-17T18:55,2027-04-18T19:15,desconhecida,https://www.google.com/travel/flights?q=Flights%20to%20AMS%20from%20GRU%20on%202027-04-17%20oneway,ba209db6e197,
2026-09-22T12:16:48-03:00,google_flights,GRU,AMS,2027-04-17,3310.0,BRL,ITA,ITA,AZ 679 AZ 2032 AZ 112,2,"FCO 1h30, LIN 3h10",90,1160,2027-04-17T18:55,2027-04-18T19:15,desconhecida,https://www.google.com/travel/flights?q=Flights%20to%20AMS%20from%20GRU%20on%202027-04-17%20oneway,1a560d66a733,
2026-09-22T12:16:48-03:00,google_flights,GRU,AMS,2027-04-17,3310.0,BRL,ITA,ITA,AZ 679 AZ 2044 AZ 112,2,"FCO 2h30, LIN 2h10",130,1160,2027-04-17T18:55,2027-04-18T19:15,desconhecida,https://www.google.com/travel/flights?q=Flights%20to%20AMS%20from%20GRU%20on%202027-04-17%20oneway,8e33ea9cc7a8,
2026-09-22T12:16:48-03:00,google_flights,GIG,FRA,2027-04-17,3343.0,BRL,Tap Air Portugal,Tap Air Portugal,TP 67 TP 574,1,LIS 5h25,325,1100,2027-04-17T23:00,2027-04-18T22:20,desconhecida,https://www.google.com/travel/flights?q=Flights%20to%20FRA%20from%20GIG%20on%202027-04-17%20oneway,be52c2706fef,
2026-09-22T12:16:48-03:00,google_flights,GRU,FRA,2027-04-17,3460.0,BRL,Air Europa,Air Europa,UX 58 UX 1503,1,MAD 2h00,120,895,2027-04-17T13:50,2027-04-18T09:45,desconhecida,https://www.google.com/travel/flights?q=Flights%20to%20FRA%20from%20GRU%20on%202027-04-17%20oneway,0ec89e82a78d,
2026-09-22T12:16:48-03:00,google_flights,GRU,FRA,2027-04-17,3554.0,BRL,ITA,ITA,AZ 679 AZ 404,1,FCO 4h05,245,1065,2027-04-17T18:55,2027-04-18T17:40,desconhecida,https://www.google.com/travel/flights?q=Flights%20to%20FRA%20from%20GRU%20on%202027-04-17%20oneway,5221add5fa3a,
2026-09-22T12:16:48-03:00,google_flights,GIG,FRA,2027-04-17,3657.0,BRL,Tap Air Portugal,Tap Air Portugal,TP 67 TP 572,1,LIS 1h45,105,880,2027-04-17T23:00,2027-04-18T18:40,desconhecida,https://www.google.com/travel/flights?q=Flights%20to%20FRA%20from%20GIG%20on%202027-04-17%20oneway,343f1f9cba20,
2026-09-22T12:16:48-03:00,google_flights,GRU,CPH,2027-04-17,3883.0,BRL,Tap Air Portugal,Tap Air Portugal,TP 82 TP 752,1,LIS 1h50,110,925,2027-04-17T15:30,2027-04-18T11:55,desconhecida,https://www.google.com/travel/flights?q=Flights%20to%20CPH%20from%20GRU%20on%202027-04-17%20oneway,11d6df5bb6af,
2026-09-22T12:16:48-03:00,google_flights,GIG,BER,2027-04-17,4106.0,BRL,British Airways,British Airways,BA 248 BA 992,1,LHR 2h45,165,950,2027-04-17T19:00,2027-04-18T15:50,desconhecida,https://www.google.com/travel/flights?q=Flights%20to%20BER%20from%20GIG%20on%202027-04-17%20oneway,435096803652,
2026-09-22T12:16:58-03:00,google_flights,GRU,FRA,2027-04-18,5117.0,BRL,LATAM,LATAM,LA 8070,0,,0,705,2027-04-18T23:40,2027-04-19T16:25,desconhecida,https://www.google.com/travel/flights?q=Flights%20to%20FRA%20from%20GRU%20on%202027-04-18%20oneway,c63339d92f4a,2027-04-25
2026-09-22T12:16:58-03:00,google_flights,GRU,MUC,2027-04-18,5143.0,BRL,Air Europa,Air Europa,UX 58 UX 1515,1,MAD 2h05,125,895,2027-04-18T13:50,2027-04-19T09:45,desconhecida,https://www.google.com/travel/flights?q=Flights%20to%20MUC%20from%20GRU%20on%202027-04-18%20oneway,cac71579581b,2027-04-25
2026-09-22T12:16:58-03:00,google_flights,GRU,AMS,2027-04-18,6372.0,BRL,KLM,KLM,KL 792,0,,0,695,2027-04-18T21:45,2027-04-19T14:20,desconhecida,https://www.google.com/travel/flights?q=Flights%20to%20AMS%20from%20GRU%20on%202027-04-18%20oneway,12e8ac08b3e9,2027-04-25
2026-09-22T12:16:58-03:00,google_flights,GRU,VIE,2027-04-18,4883.0,BRL,Iberia,Iberia,IB 272 IB 797,1,MAD 9h10,550,1355,2027-04-18T19:20,2027-04-19T22:55,desconhecida,https://www.google.com/travel/flights?q=Flights%20to%20VIE%20from%20GRU%20on%202027-04-18%20oneway,46a601b083aa,2027-04-25
2026-09-22T12:16:58-03:00,google_flights,GRU,BER,2027-04-18,5014.0,BRL,LATAM,LATAM|Finnair,LA 8084 AY 1338 AY 1431,2,"LHR 3h05, HEL 8h10",185,1635,2027-04-18T23:50,2027-04-20T08:05,desconhecida,https://www.google.com/travel/flights?q=Flights%20to%20BER%20from%20GRU%20on%202027-04-18%20oneway,6f8ac0d9e973,2027-04-25
2026-09-22T12:16:58-03:00,google_flights,GRU,VIE,2027-04-18,5236.0,BRL,Iberia,Iberia,IB 272 IB 793,1,MAD 1h15,75,880,2027-04-18T19:20,2027-04-19T15:00,desconhecida,https://www.google.com/travel/flights?q=Flights%20to%20VIE%20from%20GRU%20on%202027-04-18%20oneway,e12578bd7e68,2027-04-25
2026-09-22T12:16:58-03:00,google_flights,GRU,AMS,2027-04-18,5292.0,BRL,Air Europa,Air Europa,UX 58 UX 1091,1,MAD 2h00,120,890,2027-04-18T13:50,2027-04-19T09:40,desconhecida,https://www.google.com/travel/flights?q=Flights%20to%20AMS%20from%20GRU%20on%202027-04-18%20oneway,7c2f7b17fa24,2027-04-25
2026-09-22T12:16:58-03:00,google_flights,GIG,FRA,2027-04-18,5418.0,BRL,LATAM,LATAM,LA 3875 LA 8070,1,GRU 3h25,205,980,2027-04-18T19:05,2027-04-19T16:25,desconhecida,https://www.google.com/travel/flights?q=Flights%20to%20FRA%20from%20GIG%20on%202027-04-18%20oneway,40353665bfd1,2027-04-25
2026-09-22T12:16:58-03:00,google_flights,GRU,AMS,2027-04-18,5964.0,BRL,LATAM,LATAM,LA 8078,0,,0,710,2027-04-18T18:00,2027-04-19T10:50,desconhecida,https://www.google.com/travel/flights?q=Flights%20to%20AMS%20from%20GRU%20on%202027-04-18%20oneway,c905b06bab26,2027-04-25
2026-09-22T12:16:58-03:00,google_flights,BSB,FRA,2027-04-18,6000.0,BRL,Tap Air Portugal,Tap Air Portugal,TP 58 TP 572,1,LIS 7h50,470,1215,2027-04-18T17:25,2027-04-19T18:40,desconhecida,https://www.google.com/travel/flights?q=Flights%20to%20FRA%20from%20BSB%20on%202027-04-18%20oneway,5a8694ad2dc3,2027-04-25
2026-09-22T12:16:58-03:00,google_flights,GRU,FRA,2027-04-18,7231.0,BRL,Lufthansa,Lufthansa,LH 507,0,,0,695,2027-04-18T18:10,2027-04-19T10:45,desconhecida,https://www.google.com/travel/flights?q=Flights%20to%20FRA%20from%20GRU%20on%202027-04-18%20oneway,c1f74f26645b,2027-04-25
2026-09-22T17:00:17-03:00,google_flights,BSB,FRA,2027-04-22,3259.0,BRL,Tap Air Portugal,Tap Air Portugal,TP 58 TP 570,1,LIS 2h00,120,860,2027-04-22T17:10,2027-04-23T12:30,desconhecida,https://www.google.com/travel/flights?q=Flights%20to%20FRA%20from%20BSB%20on%202027-04-22%20oneway,09fd94a52530,
2026-09-22T17:00:17-03:00,google_flights,GRU,MUC,2027-04-22,3460.0,BRL,Air Europa,Air Europa,UX 58 UX 1515,1,MAD 2h05,125,895,2027-04-22T13:50,2027-04-23T09:45,desconhecida,https://www.google.com/travel/flights?q=Flights%20to%20MUC%20from%20GRU%20on%202027-04-22%20oneway,db7d0116e469,
2026-09-22T17:00:17-03:00,google_flights,BSB,BER,2027-04-22,3483.0,BRL,Tap Air Portugal,Tap Air Portugal,TP 58 TP 530,1,LIS 1h30,90,850,2027-04-22T17:10,2027-04-23T12:20,desconhecida,https://www.google.com/travel/flights?q=Flights%20to%20BER%20from%20BSB%20on%202027-04-22%20oneway,94330108dea4,
2026-09-22T17:00:17-03:00,google_flights,GRU,AMS,2027-04-22,2688.0,BRL,United,United,UA 860 UA 946,1,IAD 11h05,665,1745,2027-04-22T21:30,2027-04-24T07:35,desconhecida,https://www.google.com/travel/flights?q=Flights%20to%20AMS%20from%20GRU%20on%202027-04-22%20oneway,34e8230fb190,
2026-09-22T17:00:17-03:00,google_flights,BSB,FRA,2027-04-22,3196.0,BRL,Tap Air Portugal,Tap Air Portugal,TP 58 TP 574,1,LIS 11h50,710,1450,2027-04-22T17:10,2027-04-23T22:20,desconhecida,https://www.google.com/travel/flights?q=Flights%20to%20FRA%20from%20BSB%20on%202027-04-22%20oneway,ce93dc6fdaa8,
2026-09-22T17:00:17-03:00,google_flights,GRU,MUC,2027-04-22,3225.0,BRL,United,United|Lufthansa,UA 844 LH 437,1,ORD 8h50,530,1665,2027-04-22T22:20,2027-04-24T07:05,desconhecida,https://www.google.com/travel/flights?q=Flights%20to%20MUC%20from%20GRU%20on%202027-04-22%20oneway,fb14a373c36b,
2026-09-22T17:00:17-03:00,google_flights,GIG,FRA,2027-04-22,3343.0,BRL,Tap Air Portugal,Tap Air Portugal,TP 67 TP 574,1,LIS 5h25,325,1100,2027-04-22T23:00,2027-04-23T22:20,desconhecida,https://www.google.com/travel/flights?q=Flights%20to%20FRA%20from%20GIG%20on%202027-04-22%20oneway,fbceafe70fd3,
2026-09-22T17:00:17-03:00,google_flights,GRU,FRA,2027-04-22,3460.0,BRL,Air Europa,Air Europa,UX 58 UX 1503,1,MAD 2h00,120,895,2027-04-22T13:50,2027-04-23T09:45,desconhecida,https://www.google.com/travel/flights?q=Flights%20to%20FRA%20from%20GRU%20on%202027-04-22%20oneway,f1969eb69575,
2026-09-22T17:00:17-03:00,google_flights,GRU,AMS,2027-04-22,3480.0,BRL,Air Europa,Air Europa,UX 58 UX 1091,1,MAD 2h00,120,890,2027-04-22T13:50,2027-04-23T09:40,desconhecida,https://www.google.com/travel/flights?q=Flights%20to%20AMS%20from%20GRU%20on%202027-04-22%20oneway,9290da6ef6b0,
2026-09-22T17:00:17-03:00,google_flights,GIG,AMS,2027-04-22,3778.0,BRL,Tap Air Portugal,Tap Air Portugal,TP 67 TP 672,1,LIS 1h50,110,880,2027-04-22T23:00,2027-04-23T18:40,desconhecida,https://www.google.com/travel/flights?q=Flights%20to%20AMS%20from%20GIG%20on%202027-04-22%20oneway,10eb1445559d,
2026-09-22T17:00:17-03:00,google_flights,GRU,CPH,2027-04-22,3883.0,BRL,Tap Air Portugal,Tap Air Portugal,TP 82 TP 752,1,LIS 1h30,90,905,2027-04-22T15:30,2027-04-23T11:35,desconhecida,https://www.google.com/travel/flights?q=Flights%20to%20CPH%20from%20GRU%20on%202027-04-22%20oneway,6d1b89cee302,
2026-09-22T17:00:17-03:00,google_flights,GRU,AMS,2027-04-22,4736.0,BRL,KLM,KLM,KL 792,0,,0,695,2027-04-22T21:45,2027-04-23T14:20,desconhecida,https://www.google.com/travel/flights?q=Flights%20to%20AMS%20from%20GRU%20on%202027-04-22%20oneway,06b0b0165473,
2026-09-22T23:51:58-03:00,google_flights,BSB,FRA,2027-04-18,3249.0,BRL,Tap Air Portugal,Tap Air Portugal,TP 58 TP 570,1,LIS 1h40,100,845,2027-04-18T17:25,2027-04-19T12:30,desconhecida,https://www.google.com/travel/flights?q=Flights%20to%20FRA%20from%20BSB%20on%202027-04-18%20oneway,36d723ede46d,
2026-09-22T23:51:58-03:00,google_flights,GRU,AMS,2027-04-18,3480.0,BRL,Air Europa,Air Europa,UX 58 UX 1091,1,MAD 2h00,120,890,2027-04-18T13:50,2027-04-19T09:40,desconhecida,https://www.google.com/travel/flights?q=Flights%20to%20AMS%20from%20GRU%20on%202027-04-18%20oneway,7c2f7b17fa24,
2026-09-22T23:51:58-03:00,google_flights,GIG,CPH,2027-04-18,3658.0,BRL,Tap Air Portugal,Tap Air Portugal,TP 76 TP 752,1,LIS 1h55,115,920,2027-04-18T15:35,2027-04-19T11:55,desconhecida,https://www.google.com/travel/flights?q=Flights%20to%20CPH%20from%20GIG%20on%202027-04-18%20oneway,de47119372d9,
2026-09-22T23:51:58-03:00,google_flights,GRU,AMS,2027-04-18,4736.0,BRL,KLM,KLM,KL 792,0,,0,695,2027-04-18T21:45,2027-04-19T14:20,desconhecida,https://www.google.com/travel/flights?q=Flights%20to%20AMS%20from%20GRU%20on%202027-04-18%20oneway,12e8ac08b3e9,
2026-09-22T23:51:58-03:00,google_flights,BSB,FRA,2027-04-18,3228.0,BRL,Tap Air Portugal,Tap Air Portugal,TP 58 TP 572,1,LIS 7h50,470,1215,2027-04-18T17:25,2027-04-19T18:40,desconhecida,https://www.google.com/travel/flights?q=Flights%20to%20FRA%20from%20BSB%20on%202027-04-18%20oneway,5a8694ad2dc3,
2026-09-22T23:51:58-03:00,google_flights,GIG,FRA,2027-04-18,3343.0,BRL,Tap Air Portugal,Tap Air Portugal,TP 72 TP 572,1,LIS 2h35,155,930,2027-04-18T22:10,2027-04-19T18:40,desconhecida,https://www.google.com/travel/flights?q=Flights%20to%20FRA%20from%20GIG%20on%202027-04-18%20oneway,df84a8ed448d,
2026-09-22T23:51:58-03:00,google_flights,GRU,MUC,2027-04-18,3460.0,BRL,Air Europa,Air Europa,UX 58 UX 1515,1,MAD 2h05,125,895,2027-04-18T13:50,2027-04-19T09:45,desconhecida,https://www.google.com/travel/flights?q=Flights%20to%20MUC%20from%20GRU%20on%202027-04-18%20oneway,cac71579581b,
2026-09-22T23:51:58-03:00,google_flights,GRU,FRA,2027-04-18,3460.0,BRL,Air Europa,Air Europa,UX 58 UX 1503,1,MAD 2h00,120,895,2027-04-18T13:50,2027-04-19T09:45,desconhecida,https://www.google.com/travel/flights?q=Flights%20to%20FRA%20from%20GRU%20on%202027-04-18%20oneway,5acefc48a67a,
2026-09-22T23:51:58-03:00,google_flights,GRU,AMS,2027-04-18,3480.0,BRL,United,United,UA 860 UA 946,1,IAD 11h05,665,1745,2027-04-18T21:30,2027-04-20T07:35,desconhecida,https://www.google.com/travel/flights?q=Flights%20to%20AMS%20from%20GRU%20on%202027-04-18%20oneway,841de97db4b7,
2026-09-22T23:52:04-03:00,google_flights,BSB,BER,2027-04-19,3410.0,BRL,Tap Air Portugal,Tap Air Portugal,TP 58 TP 532,1,LIS 5h25,325,1085,2027-04-19T17:25,2027-04-20T16:30,desconhecida,https://www.google.com/travel/flights?q=Flights%20to%20BER%20from%20BSB%20on%202027-04-19%20oneway,c06362a3ff0a,
2026-09-22T23:52:04-03:00,google_flights,GRU,MUC,2027-04-19,3460.0,BRL,Air Europa,Air Europa,UX 58 UX 1515,1,MAD 2h05,125,895,2027-04-19T13:50,2027-04-20T09:45,desconhecida,https://www.google.com/travel/flights?q=Flights%20to%20MUC%20from%20GRU%20on%202027-04-19%20oneway,efa495909ca0,
2026-09-22T23:52:04-03:00,google_flights,GRU,AMS,2027-04-19,3480.0,BRL,Air Europa,Air Europa,UX 58 UX 1091,1,MAD 2h00,120,890,2027-04-19T13:50,2027-04-20T09:40,desconhecida,https://www.google.com/travel/flights?q=Flights%20to%20AMS%20from%20GRU%20on%202027-04-19%20oneway,96c8dd0da8c7,
2026-09-22T23:52:04-03:00,google_flights,GIG,BER,2027-04-19,3776.0,BRL,Tap Air Portugal,Tap Air Portugal,TP 76 TP 530,1,LIS 1h40,100,895,2027-04-19T15:35,2027-04-20T11:30,desconhecida,https://www.google.com/travel/flights?q=Flights%20to%20BER%20from%20GIG%20on%202027-04-19%20oneway,a8dc90ff0e6a,
2026-09-22T23:52:04-03:00,google_flights,GIG,FRA,2027-04-19,3343.0,BRL,Tap Air Portugal,Tap Air Portugal,TP 76 TP 570,1,LIS 3h00,180,955,2027-04-19T15:35,2027-04-20T12:30,desconhecida,https://www.google.com/travel/flights?q=Flights%20to%20FRA%20from%20GIG%20on%202027-04-19%20oneway,a14fd11859c0,
2026-09-22T23:52:04-03:00,google_flights,GIG,FRA,2027-04-19,3343.0,BRL,Tap Air Portugal,Tap Air Portugal,TP 72 TP 572,1,LIS 2h35,155,930,2027-04-19T22:10,2027-04-20T18:40,desconhecida,https://www.google.com/travel/flights?q=Flights%20to%20FRA%20from%20GIG%20on%202027-04-19%20oneway,c140b9eebab4,
2026-09-22T23:52:04-03:00,google_flights,GRU,AMS,2027-04-19,3378.0,BRL,United,United,UA 860 UA 946,1,IAD 11h05,665,1745,2027-04-19T21:30,2027-04-21T07:35,desconhecida,https://www.google.com/travel/flights?q=Flights%20to%20AMS%20from%20GRU%20on%202027-04-19%20oneway,f19b816caf5c,
2026-09-22T23:52:04-03:00,google_flights,BSB,FRA,2027-04-19,3406.0,BRL,Tap Air Portugal,Tap Air Portugal,TP 58 TP 572,1,LIS 7h55,475,1215,2027-04-19T17:25,2027-04-20T18:40,desconhecida,https://www.google.com/travel/flights?q=Flights%20to%20FRA%20from%20BSB%20on%202027-04-19%20oneway,977819d5da29,
2026-09-22T23:52:04-03:00,google_flights,BSB,FRA,2027-04-19,3443.0,BRL,Tap Air Portugal,Tap Air Portugal,TP 58 TP 570,1,LIS 1h45,105,845,2027-04-19T17:25,2027-04-20T12:30,desconhecida,https://www.google.com/travel/flights?q=Flights%20to%20FRA%20from%20BSB%20on%202027-04-19%20oneway,7721d2d28dbf,
2026-09-22T23:52:04-03:00,google_flights,GRU,FRA,2027-04-19,3460.0,BRL,Air Europa,Air Europa,UX 58 UX 1503,1,MAD 2h00,120,895,2027-04-19T13:50,2027-04-20T09:45,desconhecida,https://www.google.com/travel/flights?q=Flights%20to%20FRA%20from%20GRU%20on%202027-04-19%20oneway,2ab0796500a9,
2026-09-22T23:52:04-03:00,google_flights,GRU,FRA,2027-04-19,3505.0,BRL,Tap Air Portugal,Tap Air Portugal,TP 84 TP 574,1,LIS 3h35,215,995,2027-04-19T00:45,2027-04-19T22:20,desconhecida,https://www.google.com/travel/flights?q=Flights%20to%20FRA%20from%20GRU%20on%202027-04-19%20oneway,08c1eb583b55,
2026-09-22T23:52:04-03:00,google_flights,GRU,CPH,2027-04-19,3883.0,BRL,Tap Air Portugal,Tap Air Portugal,TP 88 TP 754,1,LIS 1h35,95,905,2027-04-19T20:45,2027-04-20T16:50,desconhecida,https://www.google.com/travel/flights?q=Flights%20to%20CPH%20from%20GRU%20on%202027-04-19%20oneway,6dd8cd2c1f51,
2026-09-22T23:52:04-03:00,google_flights,GRU,BER,2027-04-19,3981.0,BRL,Tap Air Portugal,Tap Air Portugal,TP 88 TP 532,1,LIS 1h25,85,885,2027-04-19T20:45,2027-04-20T16:30,desconhecida,https://www.google.com/travel/flights?q=Flights%20to%20BER%20from%20GRU%20on%202027-04-19%20oneway,cbb1abe9b2fb,
2026-09-22T23:52:04-03:00,google_flights,GRU,AMS,2027-04-19,4736.0,BRL,KLM,KLM,KL 792,0,,0,695,2027-04-19T21:45,2027-04-20T14:20,desconhecida,https://www.google.com/travel/flights?q=Flights%20to%20AMS%20from%20GRU%20on%202027-04-19%20oneway,d43e59eb49ba,
2026-09-22T23:52:11-03:00,google_flights,GRU,AMS,2027-04-20,2688.0,BRL,United,United,UA 860 UA 946,1,IAD 11h05,665,1745,2027-04-20T21:30,2027-04-22T07:35,desconhecida,https://www.google.com/travel/flights?q=Flights%20to%20AMS%20from%20GRU%20on%202027-04-20%20oneway,9cc8aafdde03,
2026-09-22T23:52:11-03:00,google_flights,BSB,FRA,2027-04-20,3202.0,BRL,Tap Air Portugal,Tap Air Portugal,TP 58 TP 570,1,LIS 1h45,105,845,2027-04-20T17:25,2027-04-21T12:30,desconhecida,https://www.google.com/travel/flights?q=Flights%20to%20FRA%20from%20BSB%20on%202027-04-20%20oneway,d30f00213e1c,
2026-09-22T23:52:11-03:00,google_flights,GRU,MUC,2027-04-20,3460.0,BRL,Air Europa,Air Europa,UX 58 UX 1515,1,MAD 2h05,125,895,2027-04-20T13:50,2027-04-21T09:45,desconhecida,https://www.google.com/travel/flights?q=Flights%20to%20MUC%20from%20GRU%20on%202027-04-20%20oneway,ebb631af85ff,
2026-09-22T23:52:11-03:00,google_flights,GRU,AMS,2027-04-20,3480.0,BRL,Air Europa,Air Europa,UX 58 UX 1091,1,MAD 2h00,120,890,2027-04-20T13:50,2027-04-21T09:40,desconhecida,https://www.google.com/travel/flights?q=Flights%20to%20AMS%20from%20GRU%20on%202027-04-20%20oneway,449c11bd5a36,
2026-09-22T23:52:11-03:00,google_flights,GRU,MUC,2027-04-20,3225.0,BRL,United,United,UA 860 UA 108,1,IAD 11h00,660,1755,2027-04-20T21:30,2027-04-22T07:45,desconhecida,https://www.google.com/travel/flights?q=Flights%20to%20MUC%20from%20GRU%20on%202027-04-20%20oneway,9293c25421f0,
2026-09-22T23:52:11-03:00,google_flights,GIG,FRA,2027-04-20,3343.0,BRL,Tap Air Portugal,Tap Air Portugal,TP 76 TP 570,1,LIS 3h00,180,955,2027-04-20T15:35,2027-04-21T12:30,desconhecida,https://www.google.com/travel/flights?q=Flights%20to%20FRA%20from%20GIG%20on%202027-04-20%20oneway,df6d6d19ea0b,
2026-09-22T23:52:11-03:00,google_flights,GRU,FRA,2027-04-20,3460.0,BRL,Air Europa,Air Europa,UX 58 UX 1503,1,MAD 2h00,120,895,2027-04-20T13:50,2027-04-21T09:45,desconhecida,https://www.google.com/travel/flights?q=Flights%20to%20FRA%20from%20GRU%20on%202027-04-20%20oneway,71f776be3cfe,
2026-09-22T23:52:11-03:00,google_flights,GIG,MUC,2027-04-20,3490.0,BRL,Tap Air Portugal,Tap Air Portugal,TP 67 TP 554,1,LIS 2h10,130,900,2027-04-20T23:00,2027-04-21T19:00,desconhecida,https://www.google.com/travel/flights?q=Flights%20to%20MUC%20from%20GIG%20on%202027-04-20%20oneway,81f89426a9f0,
2026-09-22T23:52:11-03:00,google_flights,GIG,FRA,2027-04-20,3626.0,BRL,Tap Air Portugal,Tap Air Portugal,TP 67 TP 572,1,LIS 1h45,105,880,2027-04-20T23:00,2027-04-21T18:40,desconhecida,https://www.google.com/travel/flights?q=Flights%20to%20FRA%20from%20GIG%20on%202027-04-20%20oneway,8b90f9d4f761,
2026-09-22T23:52:11-03:00,google_flights,GIG,CPH,2027-04-20,3658.0,BRL,Tap Air Portugal,Tap Air Portugal,TP 76 TP 752,1,LIS 1h55,115,920,2027-04-20T15:35,2027-04-21T11:55,desconhecida,https://www.google.com/travel/flights?q=Flights%20to%20CPH%20from%20GIG%20on%202027-04-20%20oneway,5438d0aa4e2f,
2026-09-22T23:52:11-03:00,google_flights,GRU,BER,2027-04-20,3981.0,BRL,Tap Air Portugal,Tap Air Portugal,TP 88 TP 532,1,LIS 1h25,85,885,2027-04-20T20:45,2027-04-21T16:30,desconhecida,https://www.google.com/travel/flights?q=Flights%20to%20BER%20from%20GRU%20on%202027-04-20%20oneway,f2d3e3ddad41,
2026-09-22T23:52:11-03:00,google_flights,GRU,AMS,2027-04-20,4736.0,BRL,KLM,KLM,KL 792,0,,0,695,2027-04-20T21:45,2027-04-21T14:20,desconhecida,https://www.google.com/travel/flights?q=Flights%20to%20AMS%20from%20GRU%20on%202027-04-20%20oneway,0a6fe5cc738f,
2026-09-23T12:14:19-03:00,google_flights,GRU,MUC,2027-04-21,3462.0,BRL,Air Europa,Air Europa,UX 58 UX 1515,1,MAD 2h05,125,895,2027-04-21T13:50,2027-04-22T09:45,desconhecida,https://www.google.com/travel/flights?q=Flights%20to%20MUC%20from%20GRU%20on%202027-04-21%20oneway,304e39efe077,
2026-09-23T12:14:19-03:00,google_flights,BSB,MUC,2027-04-21,3482.0,BRL,Tap Air Portugal,Tap Air Portugal,TP 58 TP 552,1,LIS 1h15,75,810,2027-04-21T18:15,2027-04-22T12:45,desconhecida,https://www.google.com/travel/flights?q=Flights%20to%20MUC%20from%20BSB%20on%202027-04-21%20oneway,ba1615826e8b,
2026-09-23T12:14:19-03:00,google_flights,GIG,MUC,2027-04-21,3583.0,BRL,ITA,ITA,AZ 673 AZ 432,1,FCO 1h55,115,885,2027-04-21T14:25,2027-04-22T10:10,desconhecida,https://www.google.com/travel/flights?q=Flights%20to%20MUC%20from%20GIG%20on%202027-04-21%20oneway,d1a88439669e,
2026-09-23T12:14:19-03:00,google_flights,GRU,AMS,2027-04-21,2690.0,BRL,United,United,UA 844 UA 909,1,ORD 11h15,675,1810,2027-04-21T22:20,2027-04-23T09:30,desconhecida,https://www.google.com/travel/flights?q=Flights%20to%20AMS%20from%20GRU%20on%202027-04-21%20oneway,83fd411b0929,
2026-09-23T12:14:19-03:00,google_flights,GRU,CPH,2027-04-21,2923.0,BRL,United,United|Lufthansa,UA 844 UA 944 LH 826,2,"ORD 8h15, FRA 1h20",80,1795,2027-04-21T22:20,2027-04-23T09:15,desconhecida,https://www.google.com/travel/flights?q=Flights%20to%20CPH%20from%20GRU%20on%202027-04-21%20oneway,5173dcc928e7,
2026-09-23T12:14:19-03:00,google_flights,GRU,FRA,2027-04-21,3227.0,BRL,United,United,UA 844 UA 944,1,ORD 8h15,495,1630,2027-04-21T22:20,2027-04-23T06:30,desconhecida,https://www.google.com/travel/flights?q=Flights%20to%20FRA%20from%20GRU%20on%202027-04-21%20oneway,e125268cfbdc,
2026-09-23T12:14:19-03:00,google_flights,GRU,MUC,2027-04-21,3227.0,BRL,United,United|Lufthansa,UA 844 LH 437,1,ORD 8h50,530,1665,2027-04-21T22:20,2027-04-23T07:05,desconhecida,https://www.google.com/travel/flights?q=Flights%20to%20MUC%20from%20GRU%20on%202027-04-21%20oneway,31d03b4e110e,
2026-09-23T12:14:19-03:00,google_flights,BSB,FRA,2027-04-21,3261.0,BRL,Tap Air Portugal,Tap Air Portugal,TP 58 TP 572,1,LIS 7h05,425,1165,2027-04-21T18:15,2027-04-22T18:40,desconhecida,https://www.google.com/travel/flights?q=Flights%20to%20FRA%20from%20BSB%20on%202027-04-21%20oneway,1f8045e5e961,
2026-09-23T12:14:19-03:00,google_flights,GIG,FRA,2027-04-21,3344.0,BRL,Tap Air Portugal,Tap Air Portugal,TP 72 TP 574,1,LIS 6h15,375,1150,2027-04-21T22:10,2027-04-22T22:20,desconhecida,https://www.google.com/travel/flights?q=Flights%20to%20FRA%20from%20GIG%20on%202027-04-21%20oneway,b6280408b810,
2026-09-23T12:14:19-03:00,google_flights,GRU,FRA,2027-04-21,3462.0,BRL,Air Europa,Air Europa,UX 58 UX 1503,1,MAD 2h00,120,895,2027-04-21T13:50,2027-04-22T09:45,desconhecida,https://www.google.com/travel/flights?q=Flights%20to%20FRA%20from%20GRU%20on%202027-04-21%20oneway,22814f2ca842,
2026-09-23T12:14:19-03:00,google_flights,GRU,AMS,2027-04-21,3482.0,BRL,Air Europa,Air Europa,UX 58 UX 1091,1,MAD 2h00,120,890,2027-04-21T13:50,2027-04-22T09:40,desconhecida,https://www.google.com/travel/flights?q=Flights%20to%20AMS%20from%20GRU%20on%202027-04-21%20oneway,9c22a2dad831,
2026-09-23T12:14:19-03:00,google_flights,GRU,FRA,2027-04-21,3507.0,BRL,Tap Air Portugal,Tap Air Portugal,TP 82 TP 570,1,LIS 2h55,175,960,2027-04-21T15:30,2027-04-22T12:30,desconhecida,https://www.google.com/travel/flights?q=Flights%20to%20FRA%20from%20GRU%20on%202027-04-21%20oneway,0bac21ee23e8,
2026-09-23T12:14:19-03:00,google_flights,GRU,FRA,2027-04-21,3507.0,BRL,Tap Air Portugal,Tap Air Portugal,TP 88 TP 572,1,LIS 3h55,235,1015,2027-04-21T20:45,2027-04-22T18:40,desconhecida,https://www.google.com/travel/flights?q=Flights%20to%20FRA%20from%20GRU%20on%202027-04-21%20oneway,4d7949f7e1b5,
2026-09-23T12:14:19-03:00,google_flights,GRU,MUC,2027-04-21,3534.0,BRL,ITA,ITA|Lufthansa,AZ 675 LH 1873,1,FCO 1h10,70,860,2027-04-21T14:15,2027-04-22T09:35,desconhecida,https://www.google.com/travel/flights?q=Flights%20to%20MUC%20from%20GRU%20on%202027-04-21%20oneway,cf3d6527f594,
2026-09-23T12:14:19-03:00,google_flights,GRU,MUC,2027-04-21,3534.0,BRL,ITA,ITA,AZ 679 AZ 436,1,FCO 5h10,310,1100,2027-04-21T18:55,2027-04-22T18:15,desconhecida,https://www.google.com/travel/flights?q=Flights%20to%20MUC%20from%20GRU%20on%202027-04-21%20oneway,98e606fc72e1,
2026-09-23T12:14:19-03:00,google_flights,GIG,VIE,2027-04-21,3670.0,BRL,Tap Air Portugal,Tap Air Portugal,TP 72 TP 1272,1,LIS 2h00,120,915,2027-04-21T22:10,2027-04-22T18:25,desconhecida,https://www.google.com/travel/flights?q=Flights%20to%20VIE%20from%20GIG%20on%202027-04-21%20oneway,1f1cef33f9a7,
2026-09-23T12:14:19-03:00,google_flights,GIG,BER,2027-04-21,3778.0,BRL,Tap Air Portugal,Tap Air Portugal,TP 76 TP 530,1,LIS 1h40,100,895,2027-04-21T15:35,2027-04-22T11:30,desconhecida,https://www.google.com/travel/flights?q=Flights%20to%20BER%20from%20GIG%20on%202027-04-21%20oneway,936221ecd6a3,
2026-09-23T12:14:19-03:00,google_flights,GRU,CPH,2027-04-21,3885.0,BRL,Tap Air Portugal,Tap Air Portugal,TP 88 TP 754,1,LIS 1h35,95,905,2027-04-21T20:45,2027-04-22T16:50,desconhecida,https://www.google.com/travel/flights?q=Flights%20to%20CPH%20from%20GRU%20on%202027-04-21%20oneway,f657efaa9f39,
2026-09-23T12:14:19-03:00,google_flights,GRU,BER,2027-04-21,3983.0,BRL,Tap Air Portugal,Tap Air Portugal,TP 88 TP 532,1,LIS 1h25,85,885,2027-04-21T20:45,2027-04-22T16:30,desconhecida,https://www.google.com/travel/flights?q=Flights%20to%20BER%20from%20GRU%20on%202027-04-21%20oneway,80de513e57af,
2026-09-23T12:14:30-03:00,google_flights,BSB,FRA,2027-04-22,3261.0,BRL,Tap Air Portugal,Tap Air Portugal,TP 58 TP 570,1,LIS 2h00,120,860,2027-04-22T17:10,2027-04-23T12:30,desconhecida,https://www.google.com/travel/flights?q=Flights%20to%20FRA%20from%20BSB%20on%202027-04-22%20oneway,09fd94a52530,
2026-09-23T12:14:30-03:00,google_flights,GRU,MUC,2027-04-22,3462.0,BRL,Air Europa,Air Europa,UX 58 UX 1515,1,MAD 2h05,125,895,2027-04-22T13:50,2027-04-23T09:45,desconhecida,https://www.google.com/travel/flights?q=Flights%20to%20MUC%20from%20GRU%20on%202027-04-22%20oneway,db7d0116e469,
2026-09-23T12:14:30-03:00,google_flights,BSB,BER,2027-04-22,3485.0,BRL,Tap Air Portugal,Tap Air Portugal,TP 58 TP 530,1,LIS 1h30,90,850,2027-04-22T17:10,2027-04-23T12:20,desconhecida,https://www.google.com/travel/flights?q=Flights%20to%20BER%20from%20BSB%20on%202027-04-22%20oneway,94330108dea4,
2026-09-23T12:14:30-03:00,google_flights,GRU,AMS,2027-04-22,2690.0,BRL,United,United,UA 860 UA 946,1,IAD 11h05,665,1745,2027-04-22T21:30,2027-04-24T07:35,desconhecida,https://www.google.com/travel/flights?q=Flights%20to%20AMS%20from%20GRU%20on%202027-04-22%20oneway,34e8230fb190,
2026-09-23T12:14:30-03:00,google_flights,GRU,CPH,2027-04-22,2923.0,BRL,United,United|Lufthansa,UA 844 UA 944 LH 826,2,"ORD 8h15, FRA 1h20",80,1795,2027-04-22T22:20,2027-04-24T09:15,desconhecida,https://www.google.com/travel/flights?q=Flights%20to%20CPH%20from%20GRU%20on%202027-04-22%20oneway,3aa2790a61ad,
2026-09-23T12:14:30-03:00,google_flights,BSB,FRA,2027-04-22,3198.0,BRL,Tap Air Portugal,Tap Air Portugal,TP 58 TP 574,1,LIS 11h50,710,1450,2027-04-22T17:10,2027-04-23T22:20,desconhecida,https://www.google.com/travel/flights?q=Flights%20to%20FRA%20from%20BSB%20on%202027-04-22%20oneway,ce93dc6fdaa8,
2026-09-23T12:14:30-03:00,google_flights,GIG,FRA,2027-04-22,3344.0,BRL,Tap Air Portugal,Tap Air Portugal,TP 67 TP 574,1,LIS 5h25,325,1100,2027-04-22T23:00,2027-04-23T22:20,desconhecida,https://www.google.com/travel/flights?q=Flights%20to%20FRA%20from%20GIG%20on%202027-04-22%20oneway,fbceafe70fd3,
2026-09-23T12:14:30-03:00,google_flights,GRU,FRA,2027-04-22,3462.0,BRL,Air Europa,Air Europa,UX 58 UX 1503,1,MAD 2h00,120,895,2027-04-22T13:50,2027-04-23T09:45,desconhecida,https://www.google.com/travel/flights?q=Flights%20to%20FRA%20from%20GRU%20on%202027-04-22%20oneway,f1969eb69575,
2026-09-23T12:14:30-03:00,google_flights,GRU,AMS,2027-04-22,3482.0,BRL,Air Europa,Air Europa,UX 58 UX 1091,1,MAD 2h00,120,890,2027-04-22T13:50,2027-04-23T09:40,desconhecida,https://www.google.com/travel/flights?q=Flights%20to%20AMS%20from%20GRU%20on%202027-04-22%20oneway,9290da6ef6b0,
2026-09-23T12:14:30-03:00,google_flights,GIG,AMS,2027-04-22,3780.0,BRL,Tap Air Portugal,Tap Air Portugal,TP 67 TP 672,1,LIS 1h50,110,880,2027-04-22T23:00,2027-04-23T18:40,desconhecida,https://www.google.com/travel/flights?q=Flights%20to%20AMS%20from%20GIG%20on%202027-04-22%20oneway,10eb1445559d,
2026-09-23T12:14:30-03:00,google_flights,GRU,CPH,2027-04-22,3885.0,BRL,Tap Air Portugal,Tap Air Portugal,TP 82 TP 752,1,LIS 1h30,90,905,2027-04-22T15:30,2027-04-23T11:35,desconhecida,https://www.google.com/travel/flights?q=Flights%20to%20CPH%20from%20GRU%20on%202027-04-22%20oneway,6d1b89cee302,
2026-09-23T12:14:30-03:00,google_flights,GRU,AMS,2027-04-22,4740.0,BRL,KLM,KLM,KL 792,0,,0,695,2027-04-22T21:45,2027-04-23T14:20,desconhecida,https://www.google.com/travel/flights?q=Flights%20to%20AMS%20from%20GRU%20on%202027-04-22%20oneway,06b0b0165473,
2026-09-23T12:14:38-03:00,google_flights,GRU,MUC,2027-04-23,3462.0,BRL,Air Europa,Air Europa,UX 58 UX 1515,1,MAD 2h05,125,895,2027-04-23T13:50,2027-04-24T09:45,desconhecida,https://www.google.com/travel/flights?q=Flights%20to%20MUC%20from%20GRU%20on%202027-04-23%20oneway,97342844ea27,
2026-09-23T12:14:38-03:00,google_flights,BSB,MUC,2027-04-23,3482.0,BRL,Tap Air Portugal,Tap Air Portugal,TP 58 TP 552,1,LIS 1h15,75,810,2027-04-23T18:15,2027-04-24T12:45,desconhecida,https://www.google.com/travel/flights?q=Flights%20to%20MUC%20from%20BSB%20on%202027-04-23%20oneway,13c063c3b460,
2026-09-23T12:14:38-03:00,google_flights,GRU,AMS,2027-04-23,3482.0,BRL,Air Europa,Air Europa,UX 58 UX 1091,1,MAD 2h00,120,890,2027-04-23T13:50,2027-04-24T09:40,desconhecida,https://www.google.com/travel/flights?q=Flights%20to%20AMS%20from%20GRU%20on%202027-04-23%20oneway,0765540ef092,
2026-09-23T12:14:38-03:00,google_flights,GRU,AMS,2027-04-23,3661.0,BRL,ITA,ITA,AZ 679 AZ 110,1,FCO 3h05,185,1030,2027-04-23T18:55,2027-04-24T17:05,desconhecida,https://www.google.com/travel/flights?q=Flights%20to%20AMS%20from%20GRU%20on%202027-04-23%20oneway,ce715ce3931d,
2026-09-23T12:14:38-03:00,google_flights,GRU,MUC,2027-04-23,3227.0,BRL,United,United,UA 844 UA 953,1,ORD 11h10,670,1820,2027-04-23T22:20,2027-04-25T09:40,desconhecida,https://www.google.com/travel/flights?q=Flights%20to%20MUC%20from%20GRU%20on%202027-04-23%20oneway,0c730c8068c3,
2026-09-23T12:14:38-03:00,google_flights,GRU,FRA,2027-04-23,3227.0,BRL,United,United,UA 844 UA 907,1,ORD 11h30,690,1835,2027-04-23T22:20,2027-04-25T09:55,desconhecida,https://www.google.com/travel/flights?q=Flights%20to%20FRA%20from%20GRU%20on%202027-04-23%20oneway,1180a0a5f1e3,
2026-09-23T12:14:38-03:00,google_flights,BSB,FRA,2027-04-23,3261.0,BRL,Tap Air Portugal,Tap Air Portugal,TP 58 TP 572,1,LIS 7h05,425,1165,2027-04-23T18:15,2027-04-24T18:40,desconhecida,https://www.google.com/travel/flights?q=Flights%20to%20FRA%20from%20BSB%20on%202027-04-23%20oneway,bc6378abf8f0,
2026-09-23T12:14:38-03:00,google_flights,GIG,FRA,2027-04-23,3365.0,BRL,Tap Air Portugal,Tap Air Portugal,TP 72 TP 570,1,LIS 20h25,1225,2000,2027-04-23T22:10,2027-04-25T12:30,desconhecida,https://www.google.com/travel/flights?q=Flights%20to%20FRA%20from%20GIG%20on%202027-04-23%20oneway,732db51c57c7,
2026-09-23T12:14:38-03:00,google_flights,GRU,FRA,2027-04-23,3462.0,BRL,Air Europa,Air Europa,UX 58 UX 1503,1,MAD 2h00,120,895,2027-04-23T13:50,2027-04-24T09:45,desconhecida,https://www.google.com/travel/flights?q=Flights%20to%20FRA%20from%20GRU%20on%202027-04-23%20oneway,018a145e3f8c,
2026-09-23T12:14:38-03:00,google_flights,GRU,FRA,2027-04-23,3507.0,BRL,Tap Air Portugal,Tap Air Portugal,TP 84 TP 574,1,LIS 3h35,215,995,2027-04-23T00:45,2027-04-23T22:20,desconhecida,https://www.google.com/travel/flights?q=Flights%20to%20FRA%20from%20GRU%20on%202027-04-23%20oneway,811518dae145,
2026-09-23T12:14:38-03:00,google_flights,GRU,FRA,2027-04-23,3507.0,BRL,Tap Air Portugal,Tap Air Portugal,TP 88 TP 572,1,LIS 3h55,235,1015,2027-04-23T20:45,2027-04-24T18:40,desconhecida,https://www.google.com/travel/flights?q=Flights%20to%20FRA%20from%20GRU%20on%202027-04-23%20oneway,42d6f851e8ff,
2026-09-23T12:14:38-03:00,google_flights,GIG,AMS,2027-04-23,3780.0,BRL,Tap Air Portugal,Tap Air Portugal,TP 72 TP 672,1,LIS 2h40,160,930,2027-04-23T22:10,2027-04-24T18:40,desconhecida,https://www.google.com/travel/flights?q=Flights%20to%20AMS%20from%20GIG%20on%202027-04-23%20oneway,f38b0c66d6d3,
2026-09-23T12:14:38-03:00,google_flights,GRU,CPH,2027-04-23,3885.0,BRL,Tap Air Portugal,Tap Air Portugal,TP 88 TP 754,1,LIS 1h35,95,905,2027-04-23T20:45,2027-04-24T16:50,desconhecida,https://www.google.com/travel/flights?q=Flights%20to%20CPH%20from%20GRU%20on%202027-04-23%20oneway,eb0d045f9774,
2026-09-23T12:14:45-03:00,google_flights,BSB,FRA,2027-04-13,3182.0,BRL,Tap Air Portugal,Tap Air Portugal,TP 58 TP 570,1,LIS 1h45,105,845,2027-04-13T17:25,2027-04-14T12:30,desconhecida,https://www.google.com/travel/flights?q=Flights%20to%20FRA%20from%20BSB%20on%202027-04-13%20oneway,32c4d3959239,
2026-09-23T12:14:45-03:00,google_flights,BSB,BER,2027-04-13,3369.0,BRL,Tap Air Portugal,Tap Air Portugal,TP 58 TP 530,1,LIS 1h25,85,845,2027-04-13T17:25,2027-04-14T12:30,desconhecida,https://www.google.com/travel/flights?q=Flights%20to%20BER%20from%20BSB%20on%202027-04-13%20oneway,62d0ecae65ed,
2026-09-23T12:14:45-03:00,google_flights,GRU,AMS,2027-04-13,3482.0,BRL,Air Europa,Air Europa,UX 58 UX 1091,1,MAD 2h00,120,890,2027-04-13T13:50,2027-04-14T09:40,desconhecida,https://www.google.com/travel/flights?q=Flights%20to%20AMS%20from%20GRU%20on%202027-04-13%20oneway,3db0f4651e45,
2026-09-23T12:14:45-03:00,google_flights,GIG,MUC,2027-04-13,3586.0,BRL,ITA,ITA,AZ 673 AZ 432,1,FCO 1h55,115,885,2027-04-13T14:25,2027-04-14T10:10,desconhecida,https://www.google.com/travel/flights?q=Flights%20to%20MUC%20from%20GIG%20on%202027-04-13%20oneway,1778eae09ff6,
2026-09-23T12:14:45-03:00,google_flights,GRU,AMS,2027-04-13,3316.0,BRL,ITA,ITA,AZ 675 AZ 2028 AZ 112,2,"FCO 2h10, LIN 7h10",130,1440,2027-04-13T14:15,2027-04-14T19:15,desconhecida,https://www.google.com/travel/flights?q=Flights%20to%20AMS%20from%20GRU%20on%202027-04-13%20oneway,45e067dccf06,
2026-09-23T12:14:45-03:00,google_flights,GIG,FRA,2027-04-13,3344.0,BRL,Tap Air Portugal,Tap Air Portugal,TP 76 TP 570,1,LIS 3h00,180,955,2027-04-13T15:35,2027-04-14T12:30,desconhecida,https://www.google.com/travel/flights?q=Flights%20to%20FRA%20from%20GIG%20on%202027-04-13%20oneway,d95002e7bece,
2026-09-23T12:14:45-03:00,google_flights,GRU,MUC,2027-04-13,3462.0,BRL,Air Europa,Air Europa,UX 58 UX 1515,1,MAD 2h05,125,895,2027-04-13T13:50,2027-04-14T09:45,desconhecida,https://www.google.com/travel/flights?q=Flights%20to%20MUC%20from%20GRU%20on%202027-04-13%20oneway,89dde1e4fb72,
2026-09-23T12:14:45-03:00,google_flights,GRU,FRA,2027-04-13,3462.0,BRL,Air Europa,Air Europa,UX 58 UX 1503,1,MAD 2h00,120,895,2027-04-13T13:50,2027-04-14T09:45,desconhecida,https://www.google.com/travel/flights?q=Flights%20to%20FRA%20from%20GRU%20on%202027-04-13%20oneway,7216aeb19bc4,
2026-09-23T12:14:45-03:00,google_flights,GIG,MUC,2027-04-13,3491.0,BRL,Tap Air Portugal,Tap Air Portugal,TP 67 TP 554,1,LIS 2h10,130,900,2027-04-13T23:00,2027-04-14T19:00,desconhecida,https://www.google.com/travel/flights?q=Flights%20to%20MUC%20from%20GIG%20on%202027-04-13%20oneway,1480baeeffd6,
2026-09-23T12:14:45-03:00,google_flights,GIG,CPH,2027-04-13,3660.0,BRL,Tap Air Portugal,Tap Air Portugal,TP 76 TP 752,1,LIS 1h55,115,920,2027-04-13T15:35,2027-04-14T11:55,desconhecida,https://www.google.com/travel/flights?q=Flights%20to%20CPH%20from%20GIG%20on%202027-04-13%20oneway,df6ce49977ac,
2026-09-23T12:14:45-03:00,google_flights,GRU,BER,2027-04-13,3983.0,BRL,Tap Air Portugal,Tap Air Portugal,TP 88 TP 532,1,LIS 1h25,85,885,2027-04-13T20:45,2027-04-14T16:30,desconhecida,https://www.google.com/travel/flights?q=Flights%20to%20BER%20from%20GRU%20on%202027-04-13%20oneway,221c7cfe14ca,
2026-09-23T12:14:45-03:00,google_flights,GRU,AMS,2027-04-13,4740.0,BRL,KLM,KLM,KL 792,0,,0,695,2027-04-13T21:45,2027-04-14T14:20,desconhecida,https://www.google.com/travel/flights?q=Flights%20to%20AMS%20from%20GRU%20on%202027-04-13%20oneway,eec57785371c,
2026-09-23T12:15:07-03:00,google_flights,GRU,FRA,2027-04-18,5114.0,BRL,LATAM,LATAM,LA 8070,0,,0,705,2027-04-18T23:40,2027-04-19T16:25,desconhecida,https://www.google.com/travel/flights?q=Flights%20to%20FRA%20from%20GRU%20on%202027-04-18%20oneway,c63339d92f4a,2027-04-25
2026-09-23T12:15:07-03:00,google_flights,GRU,MUC,2027-04-18,5139.0,BRL,Air Europa,Air Europa,UX 58 UX 1515,1,MAD 2h05,125,895,2027-04-18T13:50,2027-04-19T09:45,desconhecida,https://www.google.com/travel/flights?q=Flights%20to%20MUC%20from%20GRU%20on%202027-04-18%20oneway,cac71579581b,2027-04-25
2026-09-23T12:15:07-03:00,google_flights,GRU,AMS,2027-04-18,6369.0,BRL,KLM,KLM,KL 792,0,,0,695,2027-04-18T21:45,2027-04-19T14:20,desconhecida,https://www.google.com/travel/flights?q=Flights%20to%20AMS%20from%20GRU%20on%202027-04-18%20oneway,12e8ac08b3e9,2027-04-25
2026-09-23T12:15:07-03:00,google_flights,GRU,VIE,2027-04-18,4883.0,BRL,Iberia,Iberia,IB 272 IB 797,1,MAD 9h10,550,1355,2027-04-18T19:20,2027-04-19T22:55,desconhecida,https://www.google.com/travel/flights?q=Flights%20to%20VIE%20from%20GRU%20on%202027-04-18%20oneway,46a601b083aa,2027-04-25
2026-09-23T12:15:07-03:00,google_flights,GRU,BER,2027-04-18,5013.0,BRL,LATAM,LATAM|Finnair,LA 8084 AY 1338 AY 1431,2,"LHR 3h05, HEL 8h10",185,1635,2027-04-18T23:50,2027-04-20T08:05,desconhecida,https://www.google.com/travel/flights?q=Flights%20to%20BER%20from%20GRU%20on%202027-04-18%20oneway,6f8ac0d9e973,2027-04-25
2026-09-23T12:15:07-03:00,google_flights,GRU,VIE,2027-04-18,5236.0,BRL,Iberia,Iberia,IB 272 IB 793,1,MAD 1h15,75,880,2027-04-18T19:20,2027-04-19T15:00,desconhecida,https://www.google.com/travel/flights?q=Flights%20to%20VIE%20from%20GRU%20on%202027-04-18%20oneway,e12578bd7e68,2027-04-25
2026-09-23T12:15:07-03:00,google_flights,GRU,AMS,2027-04-18,5287.0,BRL,Air Europa,Air Europa,UX 58 UX 1091,1,MAD 2h00,120,890,2027-04-18T13:50,2027-04-19T09:40,desconhecida,https://www.google.com/travel/flights?q=Flights%20to%20AMS%20from%20GRU%20on%202027-04-18%20oneway,7c2f7b17fa24,2027-04-25
2026-09-23T12:15:07-03:00,google_flights,GIG,FRA,2027-04-18,5416.0,BRL,LATAM,LATAM,LA 3875 LA 8070,1,GRU 3h25,205,980,2027-04-18T19:05,2027-04-19T16:25,desconhecida,https://www.google.com/travel/flights?q=Flights%20to%20FRA%20from%20GIG%20on%202027-04-18%20oneway,40353665bfd1,2027-04-25
2026-09-23T12:15:07-03:00,google_flights,GRU,AMS,2027-04-18,5951.0,BRL,LATAM,LATAM,LA 8078,0,,0,710,2027-04-18T18:00,2027-04-19T10:50,desconhecida,https://www.google.com/travel/flights?q=Flights%20to%20AMS%20from%20GRU%20on%202027-04-18%20oneway,c905b06bab26,2027-04-25
2026-09-23T12:15:07-03:00,google_flights,BSB,FRA,2027-04-18,5995.0,BRL,Tap Air Portugal,Tap Air Portugal,TP 58 TP 572,1,LIS 7h50,470,1215,2027-04-18T17:25,2027-04-19T18:40,desconhecida,https://www.google.com/travel/flights?q=Flights%20to%20FRA%20from%20BSB%20on%202027-04-18%20oneway,5a8694ad2dc3,2027-04-25
2026-09-23T12:15:07-03:00,google_flights,GRU,FRA,2027-04-18,7229.0,BRL,Lufthansa,Lufthansa,LH 507,0,,0,695,2027-04-18T18:10,2027-04-19T10:45,desconhecida,https://www.google.com/travel/flights?q=Flights%20to%20FRA%20from%20GRU%20on%202027-04-18%20oneway,c1f74f26645b,2027-04-25
